date,open,high,low,adjClose,value,volume,count,yesterday,close
2005-04-18,1100.0,1100.0,1100.0,1100.0,32512700000,29557000,6090,0.0,1100.0
2005-04-19,1155.0,1155.0,1155.0,1155.0,184800000000,160000000,10156,1100.0,1155.0
2005-04-20,1212.0,1212.0,1212.0,1212.0,154029061008,127086684,10912,1155.0,1212.0
2005-04-24,1249.0,1271.0,1212.0,1249.0,15420729659,12344235,3091,1212.0,1249.0
2005-04-25,1187.0,1235.0,1187.0,1211.0,30347295445,25057887,2466,1249.0,1211.0
2005-04-27,1238.0,1270.0,1230.0,1252.0,9962992906,7953849,1103,1211.0,1252.0
2005-04-30,1263.0,1266.0,1220.0,1237.0,9033522400,7301460,942,1252.0,1237.0
2005-05-01,1233.0,1233.0,1200.0,1218.0,8555173167,7019740,933,1237.0,1218.0
2005-05-02,1218.0,1224.0,1204.0,1218.0,6946000730,5700662,698,1218.0,1218.0
2005-05-03,1220.0,1225.0,1205.0,1214.0,6578448140,5417414,697,1218.0,1214.0
2005-05-04,1223.0,1244.0,1212.0,1224.0,4265002607,3481982,508,1214.0,1224.0
2005-05-07,1216.0,1230.0,1201.0,1211.0,4558942226,3762855,534,1224.0,1211.0
2005-05-08,1208.0,1215.0,1191.0,1200.0,6825489347,5685463,664,1211.0,1200.0
2005-05-09,1199.0,1205.0,1192.0,1200.0,4768168352,3971966,446,1200.0,1200.0
2005-05-10,1202.0,1231.0,1189.0,1214.0,10471250911,8618929,883,1200.0,1214.0
2005-05-11,1235.0,1236.0,1210.0,1229.0,9888223629,8040774,647,1214.0,1229.0
2005-05-14,1230.0,1246.0,1224.0,1239.0,11574611394,9334606,1104,1229.0,1239.0
2005-05-15,1249.0,1250.0,1211.0,1240.0,11666658346,9487190,551,1239.0,1240.0
2005-05-16,1221.0,1240.0,1207.0,1229.0,3986133261,3241995,380,1240.0,1229.0
2005-05-17,1220.0,1238.0,1200.0,1224.0,6373617981,5204949,543,1229.0,1224.0
2005-05-18,1203.0,1218.0,1191.0,1200.0,2988094153,2489413,320,1224.0,1200.0
2005-05-21,1195.0,1197.0,1179.0,1190.0,2037680020,1716649,291,1200.0,1190.0
2005-05-22,1183.0,1190.0,1177.0,1184.0,2200971745,1860306,242,1190.0,1184.0
2005-05-23,1189.0,1220.0,1188.0,1208.0,5414198171,4488391,362,1184.0,1208.0
2005-05-24,1208.0,1217.0,1183.0,1204.0,1911603601,1587884,237,1208.0,1204.0
2005-05-25,1184.0,1200.0,1169.0,1182.0,2722189719,2301321,246,1204.0,1182.0
2005-05-28,1200.0,1230.0,1184.0,1208.0,7968633322,6613730,382,1182.0,1208.0
2005-05-29,1208.0,1220.0,1178.0,1205.0,3749552918,3111270,343,1208.0,1205.0
2005-05-30,1193.0,1193.0,1168.0,1175.0,3264854268,2776572,288,1205.0,1175.0
2005-05-31,1177.0,1178.0,1155.0,1161.0,3171017709,2730289,280,1175.0,1161.0
2005-06-01,1162.0,1170.0,1159.0,1161.0,2002269711,1722984,229,1161.0,1161.0
2005-06-06,1166.0,1166.0,1158.0,1161.0,2206580311,1899084,233,1161.0,1161.0
2005-06-07,1162.0,1164.0,1155.0,1160.0,2865451150,2468299,279,1161.0,1160.0
2005-06-08,1160.0,1170.0,1103.0,1146.0,5190818342,4529123,439,1160.0,1146.0
2005-06-11,1171.0,1172.0,1137.0,1151.0,1322629628,1142475,212,1146.0,1151.0
2005-06-12,1165.0,1165.0,1150.0,1159.0,2895532059,2496525,264,1151.0,1159.0
2005-06-13,1161.0,1170.0,1150.0,1162.0,2130714301,1830310,214,1159.0,1162.0
2005-06-14,1167.0,1170.0,1150.0,1164.0,2084217157,1788773,267,1162.0,1164.0
2005-06-15,1167.0,1170.0,1135.0,1161.0,2041511325,1758803,257,1164.0,1161.0
2005-06-18,1158.0,1170.0,1149.0,1161.0,843297807,725959,130,1161.0,1161.0
2005-06-19,1135.0,1170.0,1108.0,1154.0,2093160146,1814183,255,1161.0,1154.0
2005-06-20,1157.0,1161.0,1140.0,1151.0,2103803901,1826499,207,1154.0,1151.0
2005-06-21,1156.0,1160.0,1120.0,1152.0,2341346015,2028959,282,1151.0,1152.0
2005-06-22,1161.0,1169.0,1149.0,1158.0,5879953483,5070221,237,1152.0,1158.0
2005-06-25,1101.0,1150.0,1101.0,1114.0,3611042220,3241184,309,1158.0,1114.0
2005-06-26,1141.0,1150.0,1119.0,1132.0,1660407141,1450972,276,1114.0,1132.0
2005-06-27,1166.0,1180.0,1140.0,1140.0,1026397513,887181,192,1132.0,1140.0
2005-06-28,1157.0,1159.0,1125.0,1143.0,1661883147,1450161,301,1140.0,1143.0
2005-06-29,1159.0,1160.0,1124.0,1143.0,727086034,634631,171,1143.0,1143.0
2005-07-02,1143.0,1150.0,1086.0,1131.0,799456663,722298,199,1143.0,1131.0
2005-07-03,1079.0,1115.0,1075.0,1115.0,799461028,739834,186,1131.0,1115.0
2005-07-04,1115.0,1115.0,1074.0,1112.0,710082067,642377,169,1115.0,1112.0
2005-07-05,1111.0,1115.0,1085.0,1107.0,703686800,641598,152,1112.0,1107.0
2005-07-06,1082.0,1137.0,1081.0,1109.0,1871167458,1685417,337,1107.0,1109.0
2005-07-09,1129.0,1137.0,1089.0,1111.0,676512873,604302,194,1109.0,1111.0
2005-07-11,1135.0,1140.0,1084.0,1110.0,456681229,411201,112,1111.0,1110.0
2005-07-12,1117.0,1117.0,1080.0,1109.0,214444868,195145,70,1110.0,1109.0
2005-07-13,1080.0,1106.0,1056.0,1106.0,132165152,123829,62,1109.0,1106.0
2005-07-16,1070.0,1130.0,1051.0,1095.0,2214482847,2025050,298,1106.0,1095.0
2005-07-17,1127.0,1130.0,1070.0,1110.0,1790429324,1599473,265,1095.0,1110.0
2005-07-18,1109.0,1128.0,1075.0,1108.0,651416047,589169,113,1110.0,1108.0
2005-07-19,1110.0,1120.0,1067.0,1105.0,759098641,689043,130,1108.0,1105.0
2005-07-20,1105.0,1105.0,1078.0,1103.0,191296990,175817,52,1105.0,1103.0
2005-07-23,1075.0,1100.0,1070.0,1100.0,273213486,254059,95,1103.0,1100.0
2005-07-24,1085.0,1091.0,1057.0,1091.0,611462904,575142,155,1100.0,1091.0
2005-07-25,1080.0,1095.0,1060.0,1087.0,406721365,380917,106,1091.0,1087.0
2005-07-26,1070.0,1080.0,1052.0,1080.0,584362380,552560,139,1087.0,1080.0
2005-07-27,1066.0,1075.0,1051.0,1075.0,3183362684,3020341,105,1080.0,1075.0
2005-07-30,1065.0,1080.0,1054.0,1074.0,381037161,354990,94,1075.0,1074.0
2005-07-31,1070.0,1077.0,1050.0,1070.0,564368576,533182,129,1074.0,1070.0
2005-08-01,1060.0,1065.0,1040.0,1065.0,477134085,456034,117,1070.0,1065.0
2005-08-02,1034.0,1060.0,1032.0,1060.0,376873000,362732,107,1065.0,1060.0
2005-08-03,1040.0,1057.0,1040.0,1057.0,635639687,605537,139,1060.0,1057.0
2005-08-06,1051.0,1055.0,1041.0,1055.0,338151834,322464,90,1057.0,1055.0
2005-08-07,1050.0,1060.0,1034.0,1053.0,411986245,393385,84,1055.0,1053.0
2005-08-08,1053.0,1059.0,1031.0,1052.0,120127360,115270,41,1053.0,1052.0
2005-08-09,1049.0,1049.0,1030.0,1049.0,461665303,444805,119,1052.0,1049.0
2005-08-10,1045.0,1048.0,1036.0,1048.0,237977893,228788,61,1049.0,1048.0
2005-08-13,1040.0,1047.0,1030.0,1047.0,143515536,138644,53,1048.0,1047.0
2005-08-14,1020.0,1041.0,1004.0,1041.0,525191007,513798,127,1047.0,1041.0
2005-08-15,1038.0,1040.0,1020.0,1040.0,175673178,170984,65,1041.0,1040.0
2005-08-16,1029.0,1038.0,1020.0,1038.0,251117194,244968,69,1040.0,1038.0
2005-08-17,1028.0,1033.0,1010.0,1033.0,624336925,611831,139,1038.0,1033.0
2005-08-20,1029.0,1031.0,1006.0,1031.0,240865191,236483,77,1033.0,1031.0
2005-08-21,1020.0,1029.0,1005.0,1028.0,576352750,565372,146,1031.0,1028.0
2005-08-22,1023.0,1025.0,1000.0,1019.0,1431978138,1412751,305,1028.0,1019.0
2005-08-23,1000.0,1030.0,999.0,1018.0,998281082,981153,151,1019.0,1018.0
2005-08-24,1010.0,1040.0,1001.0,1018.0,1061540611,1042432,406,1018.0,1018.0
2005-08-27,1020.0,1030.0,1011.0,1019.0,325224627,316801,103,1018.0,1019.0
2005-08-28,1012.0,1031.0,1000.0,1018.0,959824333,943441,267,1019.0,1018.0
2005-08-29,1010.0,1024.0,1000.0,1015.0,1221372489,1204709,305,1018.0,1015.0
2005-08-30,1020.0,1028.0,1010.0,1015.0,778838681,764624,274,1015.0,1015.0
2005-08-31,1017.0,1026.0,1015.0,1015.0,586628603,575159,167,1015.0,1015.0
2005-09-03,1020.0,1022.0,1001.0,1015.0,658538235,647595,175,1015.0,1015.0
2005-09-04,1015.0,1020.0,1000.0,1013.0,1127096159,1114398,274,1015.0,1013.0
2005-09-05,1012.0,1015.0,1000.0,1011.0,466237700,462946,167,1013.0,1011.0
2005-09-06,1001.0,1010.0,1000.0,1006.0,1085749592,1084642,281,1011.0,1006.0
2005-09-07,1001.0,1005.0,983.0,1002.0,1255763791,1255690,288,1006.0,1002.0
2005-09-10,1009.0,1010.0,999.0,1001.0,394503616,394243,98,1002.0,1001.0
2005-09-11,1008.0,1010.0,1000.0,1000.0,466744365,466524,166,1001.0,1000.0
2005-09-12,1001.0,1006.0,999.0,1000.0,422649916,422469,122,1000.0,1000.0
2005-09-13,1000.0,1002.0,980.0,1000.0,633651160,633612,158,1000.0,1000.0
2005-09-14,1002.0,1003.0,1000.0,1000.0,1296914037,1296752,300,1000.0,1000.0
2005-09-17,1000.0,1009.0,1000.0,1000.0,305650910,305555,98,1000.0,1000.0
2005-09-18,1000.0,1006.0,1000.0,1000.0,393018103,392723,101,1000.0,1000.0
2005-09-19,1000.0,1000.0,1000.0,1000.0,102789000,102789,32,1000.0,1000.0
2005-09-21,1000.0,1004.0,1000.0,1000.0,1422752577,1422739,283,1000.0,1000.0
2005-09-24,1000.0,1004.0,999.0,1000.0,721589940,721544,150,1000.0,1000.0
2005-09-25,1001.0,1002.0,999.0,1000.0,2808974092,2808935,580,1000.0,1000.0
2005-09-26,1003.0,1003.0,1000.0,1000.0,2231619380,2231596,558,1000.0,1000.0
2005-09-27,1000.0,1000.0,950.0,999.0,1012959940,1013545,185,1000.0,999.0
2005-09-28,950.0,999.0,950.0,993.0,4081722299,4290064,107,999.0,993.0
2005-10-01,979.0,992.0,978.0,992.0,55385320,56610,19,993.0,992.0
2005-10-02,970.0,989.0,943.0,989.0,131101290,138062,35,992.0,989.0
2005-10-03,943.0,979.0,940.0,979.0,472734465,501559,111,989.0,979.0
2005-10-04,931.0,976.0,931.0,976.0,134882143,143726,32,979.0,976.0
2005-10-05,946.0,972.0,929.0,972.0,226551193,241686,61,976.0,972.0
2005-10-08,940.0,970.0,928.0,970.0,131860870,139152,35,972.0,970.0
2005-10-09,940.0,968.0,940.0,968.0,233102187,244276,56,970.0,968.0
2005-10-10,967.0,967.0,940.0,966.0,207050215,216540,50,968.0,966.0
2005-10-11,940.0,956.0,918.0,956.0,475747048,516823,107,966.0,956.0
2005-10-12,917.0,949.0,909.0,949.0,334117929,365363,91,956.0,949.0
2005-10-15,914.0,947.0,905.0,947.0,62397326,68415,22,949.0,947.0
2005-10-16,914.0,941.0,900.0,941.0,267310238,296881,53,947.0,941.0
2005-10-17,913.0,939.0,894.0,939.0,112234652,123810,34,941.0,939.0
2005-10-18,893.0,932.0,893.0,932.0,313671648,350305,60,939.0,932.0
2005-10-19,930.0,931.0,890.0,931.0,53253914,57812,20,932.0,931.0
2005-10-22,938.0,950.0,930.0,931.0,118211151,125418,37,931.0,931.0
2005-10-23,931.0,932.0,899.0,930.0,13831131,14906,7,931.0,930.0
2005-10-24,939.0,940.0,910.0,930.0,44271072,47565,24,930.0,930.0
2005-10-26,976.0,976.0,939.0,939.0,1335460529,1390363,140,930.0,939.0
2005-10-29,930.0,948.0,898.0,937.0,213380688,229858,51,939.0,937.0
2005-10-30,900.0,935.0,895.0,935.0,146274707,160490,40,937.0,935.0
2005-10-31,930.0,932.0,889.0,932.0,274971228,301454,73,935.0,932.0
2005-11-01,909.0,929.0,886.0,929.0,141344566,158147,46,932.0,929.0
2005-11-02,883.0,918.0,883.0,918.0,462254945,523465,99,929.0,918.0
2005-11-05,875.0,916.0,873.0,916.0,79213902,88981,26,918.0,916.0
2005-11-06,871.0,914.0,871.0,914.0,70379866,79510,24,916.0,914.0
2005-11-07,874.0,911.0,869.0,911.0,112734311,129572,29,914.0,911.0
2005-11-08,868.0,909.0,866.0,909.0,77613956,89596,25,911.0,909.0
2005-11-09,864.0,908.0,864.0,908.0,4343768,5027,3,909.0,908.0
2005-11-13,890.0,906.0,890.0,906.0,222229600,249696,54,908.0,906.0
2005-11-14,888.0,905.0,888.0,905.0,68325491,76903,23,906.0,905.0
2005-11-15,897.0,904.0,887.0,904.0,30466398,34324,16,905.0,904.0
2005-11-16,887.0,903.0,886.0,903.0,21709375,24502,12,904.0,903.0
2005-11-19,895.0,902.0,885.0,902.0,30392304,34111,10,903.0,902.0
2005-11-20,884.0,901.0,884.0,901.0,169568084,189897,38,902.0,901.0
2005-11-21,883.0,903.0,883.0,900.0,67989840,76800,20,901.0,900.0
2005-11-22,882.0,900.0,882.0,899.0,96500573,108071,30,900.0,899.0
2005-11-23,900.0,925.0,882.0,899.0,61227016,67884,26,899.0,899.0
2005-11-26,943.0,943.0,904.0,904.0,281652833,299331,67,899.0,904.0
2005-11-27,949.0,949.0,913.0,913.0,529971566,561725,119,904.0,913.0
2005-11-29,949.0,950.0,914.0,914.0,124665494,131506,45,913.0,914.0
2005-11-30,958.0,958.0,915.0,915.0,135739562,144421,52,914.0,915.0
2005-12-03,924.0,960.0,918.0,918.0,260754412,276791,90,915.0,918.0
2005-12-04,963.0,963.0,933.0,933.0,800349000,831100,145,918.0,933.0
2005-12-05,979.0,979.0,930.0,939.0,480330500,497709,120,933.0,939.0
2005-12-06,974.0,974.0,940.0,940.0,160245855,167839,53,939.0,940.0
2005-12-10,950.0,959.0,893.0,937.0,136460377,151413,48,940.0,937.0
2005-12-11,919.0,962.0,919.0,939.0,286223378,299764,60,937.0,939.0
2005-12-12,959.0,970.0,943.0,943.0,391435535,405156,79,939.0,943.0
2005-12-13,943.0,975.0,911.0,945.0,270802140,279779,73,943.0,945.0
2005-12-14,969.0,975.0,920.0,947.0,274553099,284375,78,945.0,947.0
2005-12-17,946.0,975.0,946.0,949.0,345908129,357915,80,947.0,949.0
2005-12-18,940.0,970.0,921.0,949.0,235887807,247886,70,949.0,949.0
2005-12-19,967.0,973.0,910.0,949.0,317671919,333115,85,949.0,949.0
2005-12-20,921.0,975.0,920.0,950.0,270108657,280953,53,949.0,950.0
2005-12-21,951.0,985.0,936.0,952.0,306238445,316320,77,950.0,952.0
2005-12-24,942.0,989.0,935.0,951.0,130764225,138686,43,952.0,951.0
2005-12-25,936.0,970.0,904.0,948.0,214965753,231925,70,951.0,948.0
2005-12-26,920.0,947.0,904.0,947.0,106044723,112839,45,948.0,947.0
2005-12-27,930.0,946.0,920.0,946.0,52879691,56991,22,947.0,946.0
2005-12-28,932.0,944.0,926.0,944.0,194097480,208511,44,946.0,944.0
2005-12-31,911.0,943.0,909.0,943.0,36342425,39223,16,944.0,943.0
2006-01-01,929.0,942.0,899.0,942.0,76048941,82806,37,943.0,942.0
2006-01-02,910.0,937.0,895.0,937.0,630135161,693916,80,942.0,937.0
2006-02-01,939.0,950.0,920.0,937.0,11886767973,12684551,2452,937.0,937.0
2006-02-04,891.0,946.0,891.0,936.0,4760715575,5035395,48,937.0,936.0
2006-03-18,801.0,937.0,801.0,884.0,2087252274,2359187,420,936.0,884.0
2006-03-19,867.0,884.0,867.0,884.0,56525,65,2,884.0,884.0
2006-04-19,867.0,884.0,867.0,884.0,182240,210,4,884.0,884.0
2006-04-26,867.0,883.0,867.0,883.0,2492785,2875,2,884.0,883.0
2006-04-29,866.0,882.0,866.0,882.0,1086990,1255,2,883.0,882.0
2006-05-09,865.0,881.0,865.0,881.0,748385,865,4,882.0,881.0
2006-05-14,864.0,880.0,864.0,880.0,9944800,11510,5,881.0,880.0
2006-05-15,863.0,879.0,863.0,879.0,2774705,3215,3,880.0,879.0
2006-06-12,862.0,879.0,862.0,879.0,239806,278,3,879.0,879.0
2006-06-17,862.0,878.0,862.0,878.0,309618,359,3,879.0,878.0
2006-06-20,861.0,877.0,861.0,877.0,874075,1015,3,878.0,877.0
2006-06-21,860.0,876.0,860.0,876.0,1790680,2082,2,877.0,876.0
2006-06-25,859.0,875.0,859.0,875.0,867750,1010,2,876.0,875.0
2006-07-29,858.0,875.0,858.0,875.0,17330,20,2,875.0,875.0
2006-07-30,858.0,875.0,858.0,875.0,94550,110,2,875.0,875.0
2006-09-04,790.0,800.0,412.0,714.0,604325604,846236,205,875.0,714.0
2006-09-05,700.0,728.0,700.0,710.0,688959297,975249,251,714.0,710.0
2006-09-06,700.0,709.0,696.0,706.0,455742884,652837,156,710.0,706.0
2006-09-10,720.0,720.0,692.0,708.0,398211675,556672,112,706.0,708.0
2006-09-11,722.0,722.0,709.0,709.0,710431264,983977,77,708.0,709.0
2006-09-12,723.0,723.0,710.0,710.0,233061813,322830,83,709.0,710.0
2006-09-13,711.0,724.0,696.0,711.0,244742946,339751,80,710.0,711.0
2006-09-16,725.0,725.0,714.0,714.0,408596115,563581,118,711.0,714.0
2006-09-17,728.0,728.0,714.0,714.0,87275412,119884,32,714.0,714.0
2006-09-18,728.0,728.0,714.0,714.0,98220164,134918,37,714.0,714.0
2006-09-19,728.0,728.0,718.0,718.0,551988428,758226,127,714.0,718.0
2006-09-20,704.0,732.0,704.0,722.0,1315784936,1807191,198,718.0,722.0
2006-09-23,736.0,736.0,722.0,722.0,18241620,24785,10,722.0,722.0
2006-09-24,736.0,736.0,722.0,722.0,29119700,39565,17,722.0,722.0
2006-09-25,736.0,736.0,724.0,724.0,258868008,351723,62,722.0,724.0
2006-09-26,738.0,738.0,724.0,724.0,70065842,94948,35,724.0,724.0
2006-09-27,738.0,738.0,724.0,724.0,70086982,94969,27,724.0,724.0
2006-09-30,738.0,738.0,724.0,724.0,42265858,57271,25,724.0,724.0
2006-10-01,738.0,738.0,724.0,724.0,53859838,72981,37,724.0,724.0
2006-10-02,738.0,738.0,724.0,724.0,28653448,38826,18,724.0,724.0
2006-10-03,738.0,738.0,725.0,725.0,169301498,229406,37,724.0,725.0
2006-10-04,739.0,739.0,725.0,725.0,43849903,59337,24,725.0,725.0
2006-10-07,739.0,739.0,727.0,727.0,255967310,346370,52,725.0,727.0
2006-10-08,741.0,741.0,725.0,729.0,417216828,564171,140,727.0,729.0
2006-10-09,715.0,741.0,715.0,729.0,204808240,280827,71,729.0,729.0
2006-10-10,728.0,740.0,715.0,729.0,71119334,97475,31,729.0,729.0
2006-10-11,715.0,729.0,715.0,729.0,56492290,79010,20,729.0,729.0
2006-10-14,715.0,729.0,715.0,729.0,15465590,21630,8,729.0,729.0
2006-10-16,715.0,729.0,715.0,729.0,28444270,39782,12,729.0,729.0
2006-10-18,715.0,729.0,715.0,729.0,9885730,13826,8,729.0,729.0
2006-10-21,715.0,729.0,715.0,729.0,1079790,1510,2,729.0,729.0
2006-10-22,715.0,728.0,715.0,728.0,95642105,133765,36,729.0,728.0
2006-10-23,714.0,728.0,714.0,728.0,3034640,4250,3,728.0,728.0
2006-10-31,714.0,728.0,714.0,728.0,407120,570,3,728.0,728.0
2006-11-04,714.0,728.0,714.0,728.0,14383670,20145,7,728.0,728.0
2006-11-05,714.0,728.0,714.0,728.0,1078280,1510,2,728.0,728.0
2006-11-13,714.0,728.0,714.0,728.0,21427280,30010,8,728.0,728.0
2006-12-05,715.0,980.0,650.0,820.0,2468154714,3008166,678,728.0,820.0
2006-12-06,804.0,830.0,804.0,807.0,5075337634,6282451,1185,820.0,807.0
2006-12-09,815.0,820.0,812.0,813.0,2269879744,2786979,346,807.0,813.0
2006-12-10,816.0,823.0,807.0,814.0,1017855810,1248501,268,813.0,814.0
2006-12-11,818.0,830.0,814.0,814.0,233954322,285849,68,814.0,814.0
2006-12-12,820.0,828.0,798.0,815.0,452897158,553848,112,814.0,815.0
2006-12-13,816.0,816.0,815.0,815.0,494950502,606557,121,815.0,815.0
2006-12-16,816.0,823.0,815.0,815.0,107365578,130762,41,815.0,815.0
2006-12-17,823.0,823.0,816.0,816.0,304518160,370010,98,815.0,816.0
2006-12-18,823.0,823.0,817.0,817.0,982200000,1200000,202,816.0,817.0
2006-12-19,818.0,819.0,802.0,817.0,2721703184,3324256,130,817.0,817.0
2006-12-20,818.0,819.0,817.0,817.0,360200298,440306,95,817.0,817.0
2006-12-23,819.0,819.0,802.0,817.0,310850846,380000,62,817.0,817.0
2007-01-24,788.0,800.0,788.0,799.0,136258990,170402,49,817.0,799.0
2007-01-27,804.0,805.0,800.0,800.0,238098349,296141,77,799.0,800.0
2007-01-28,806.0,807.0,801.0,801.0,235290052,291917,74,800.0,801.0
2007-01-31,806.0,806.0,801.0,801.0,184591682,229022,55,801.0,801.0
2007-02-03,808.0,808.0,802.0,802.0,205479996,254307,62,801.0,802.0
2007-02-04,809.0,809.0,803.0,803.0,231725855,286435,67,802.0,803.0
2007-02-05,809.0,809.0,803.0,803.0,142914644,176656,49,803.0,803.0
2007-02-06,810.0,811.0,804.0,804.0,225285020,278068,67,803.0,804.0
2007-02-07,811.0,811.0,805.0,805.0,150190652,185192,48,804.0,805.0
2007-02-10,812.0,813.0,806.0,806.0,252249448,310609,67,805.0,806.0
2007-02-12,813.0,814.0,807.0,807.0,210581135,259015,63,806.0,807.0
2007-02-13,814.0,814.0,808.0,808.0,208441734,256071,56,807.0,808.0
2007-02-14,816.0,816.0,809.0,809.0,162611594,199279,48,808.0,809.0
2007-02-17,817.0,818.0,810.0,810.0,218636379,267535,71,809.0,810.0
2007-02-18,818.0,818.0,811.0,811.0,168984006,206582,49,810.0,811.0
2007-02-19,819.0,820.0,812.0,812.0,182761504,223146,56,811.0,812.0
2007-02-20,820.0,821.0,813.0,813.0,162228720,197838,51,812.0,813.0
2007-02-21,821.0,821.0,814.0,814.0,135912375,165545,39,813.0,814.0
2007-02-24,822.0,823.0,815.0,815.0,174601575,212340,54,814.0,815.0
2007-02-25,823.0,823.0,815.0,815.0,103740716,126052,32,815.0,815.0
2007-02-26,823.0,823.0,816.0,816.0,212645024,258378,57,815.0,816.0
2007-02-27,824.0,824.0,817.0,817.0,121445994,147386,37,816.0,817.0
2007-02-28,825.0,825.0,818.0,818.0,125852030,152548,37,817.0,818.0
2007-03-03,826.0,827.0,819.0,819.0,143843222,174142,42,818.0,819.0
2007-03-04,827.0,827.0,820.0,820.0,149471083,180739,45,819.0,820.0
2007-03-05,828.0,829.0,821.0,821.0,154003134,185993,46,820.0,821.0
2007-03-06,829.0,829.0,822.0,822.0,165513925,199655,52,821.0,822.0
2007-03-07,830.0,830.0,823.0,823.0,130117370,156768,38,822.0,823.0
2007-03-11,831.0,831.0,824.0,824.0,127560092,153502,39,823.0,824.0
2007-03-12,832.0,832.0,825.0,825.0,134266426,161378,44,824.0,825.0
2007-03-13,833.0,833.0,825.0,825.0,124782487,149799,36,825.0,825.0
2007-03-14,833.0,833.0,826.0,826.0,134361997,161299,35,825.0,826.0
2007-03-17,834.0,834.0,826.0,826.0,103470964,124066,34,826.0,826.0
2007-03-19,834.0,834.0,826.0,826.0,81778624,98056,22,826.0,826.0
2007-03-25,834.0,834.0,826.0,826.0,67975924,81506,19,826.0,826.0
2007-03-26,834.0,834.0,826.0,826.0,172532002,206873,25,826.0,826.0
2007-03-27,834.0,834.0,826.0,826.0,91436344,109636,26,826.0,826.0
2007-03-28,834.0,835.0,826.0,826.0,85631502,102673,24,826.0,826.0
2007-03-31,834.0,834.0,826.0,826.0,91164460,109310,25,826.0,826.0
2007-04-03,834.0,834.0,826.0,826.0,103015600,123520,28,826.0,826.0
2007-04-04,834.0,835.0,826.0,826.0,111775956,134024,33,826.0,826.0
2007-04-07,834.0,834.0,827.0,827.0,127318370,152660,33,826.0,827.0
2007-04-08,835.0,835.0,828.0,828.0,206646565,247481,36,827.0,828.0
2007-04-09,835.0,835.0,828.0,828.0,131188450,157112,35,828.0,828.0
2007-04-10,836.0,837.0,829.0,829.0,129598334,155022,33,828.0,829.0
2007-04-11,837.0,837.0,830.0,830.0,141148262,168636,40,829.0,830.0
2007-04-14,838.0,838.0,831.0,831.0,161985330,193300,43,830.0,831.0
2007-04-15,839.0,839.0,832.0,832.0,171153413,203997,49,831.0,832.0
2007-04-16,840.0,840.0,833.0,833.0,155581370,185216,46,832.0,833.0
2007-04-17,841.0,842.0,833.0,833.0,118812522,141274,33,833.0,833.0
2007-04-18,841.0,842.0,833.0,833.0,109040652,129642,30,833.0,833.0
2007-04-21,841.0,841.0,833.0,833.0,117222705,139385,35,833.0,833.0
2007-04-22,841.0,841.0,833.0,833.0,121080372,143972,35,833.0,833.0
2007-04-23,841.0,841.0,833.0,833.0,121814565,144845,35,833.0,833.0
2007-04-24,841.0,841.0,834.0,834.0,136899592,162782,41,833.0,834.0
2007-04-25,841.0,842.0,834.0,834.0,120921533,143783,35,834.0,834.0
2007-04-28,841.0,842.0,834.0,834.0,137241197,163187,41,834.0,834.0
2007-04-29,842.0,842.0,835.0,835.0,154028674,182932,45,834.0,835.0
2007-04-30,843.0,844.0,835.0,835.0,114979040,136390,35,835.0,835.0
2007-05-01,843.0,843.0,836.0,836.0,149315462,177124,42,835.0,836.0
2007-05-02,844.0,844.0,837.0,837.0,160972674,190726,46,836.0,837.0
2007-05-05,845.0,845.0,838.0,838.0,137147655,162305,41,837.0,838.0
2007-05-06,846.0,846.0,839.0,839.0,137080694,162034,37,838.0,839.0
2007-05-07,846.0,846.0,839.0,839.0,134600222,159102,38,839.0,839.0
2007-05-08,847.0,847.0,840.0,840.0,140655291,166063,41,839.0,840.0
2007-05-09,848.0,848.0,840.0,840.0,123412752,145534,34,840.0,840.0
2007-05-12,849.0,850.0,841.0,841.0,138677298,163342,43,840.0,841.0
2007-05-13,850.0,851.0,842.0,842.0,130106890,153067,40,841.0,842.0
2007-05-14,851.0,852.0,843.0,843.0,129199601,151821,42,842.0,843.0
2007-05-15,852.0,852.0,844.0,844.0,114926200,134890,31,843.0,844.0
2007-05-16,852.0,852.0,844.0,844.0,109407796,128413,31,844.0,844.0
2007-05-19,852.0,853.0,845.0,845.0,134219746,157533,40,844.0,845.0
2007-05-20,853.0,853.0,846.0,846.0,130276914,152728,40,845.0,846.0
2007-05-21,854.0,854.0,847.0,847.0,137694620,161235,38,846.0,847.0
2007-05-22,855.0,856.0,847.0,847.0,122508533,143283,34,847.0,847.0
2007-05-23,855.0,855.0,847.0,847.0,115012810,134518,31,847.0,847.0
2007-05-26,856.0,856.0,848.0,848.0,114846872,134167,34,847.0,848.0
2007-05-27,856.0,856.0,848.0,848.0,122472976,143076,37,848.0,848.0
2007-05-28,857.0,857.0,848.0,848.0,104988409,122507,31,848.0,848.0
2007-05-29,857.0,858.0,848.0,848.0,94288964,110022,27,848.0,848.0
2007-05-30,856.0,856.0,848.0,848.0,98846520,115475,25,848.0,848.0
2007-06-02,856.0,857.0,848.0,848.0,87415517,102121,29,848.0,848.0
2007-06-03,856.0,856.0,848.0,848.0,95686168,111783,30,848.0,848.0
2007-06-06,856.0,856.0,848.0,848.0,102728480,120010,28,848.0,848.0
2007-06-09,856.0,856.0,848.0,848.0,107469864,125549,30,848.0,848.0
2007-06-10,856.0,856.0,848.0,848.0,116558872,136167,33,848.0,848.0
2007-06-11,856.0,856.0,848.0,848.0,96291360,112490,29,848.0,848.0
2007-06-12,856.0,856.0,848.0,848.0,94572512,110482,26,848.0,848.0
2007-06-13,856.0,856.0,848.0,848.0,124748224,145734,35,848.0,848.0
2007-06-16,856.0,856.0,848.0,848.0,119821088,139978,33,848.0,848.0
2007-06-17,856.0,856.0,848.0,848.0,108410608,126648,30,848.0,848.0
2007-06-19,856.0,856.0,848.0,848.0,100417280,117310,28,848.0,848.0
2007-06-20,856.0,856.0,848.0,848.0,78745928,91993,26,848.0,848.0
2007-06-23,856.0,856.0,848.0,848.0,496655400,580205,45,848.0,848.0
2007-06-24,856.0,857.0,849.0,849.0,198409657,231787,54,848.0,849.0
2007-06-25,856.0,856.0,850.0,850.0,207275204,242144,57,849.0,850.0
2007-06-26,856.0,856.0,850.0,850.0,143039252,167102,39,850.0,850.0
2007-06-27,856.0,856.0,851.0,851.0,176676638,206398,51,850.0,851.0
2007-06-30,856.0,856.0,851.0,851.0,104403702,121967,28,851.0,851.0
2007-07-01,856.0,856.0,851.0,851.0,75853534,88614,20,851.0,851.0
2007-07-02,859.0,859.0,851.0,851.0,74226110,86410,24,851.0,851.0
2007-07-03,859.0,859.0,851.0,851.0,106063227,123473,30,851.0,851.0
2007-07-04,859.0,859.0,851.0,851.0,103819519,120861,27,851.0,851.0
2007-07-07,859.0,859.0,851.0,851.0,107869704,125576,29,851.0,851.0
2007-07-08,859.0,859.0,851.0,851.0,102927018,119822,29,851.0,851.0
2007-07-09,859.0,859.0,851.0,851.0,96948378,112862,31,851.0,851.0
2007-07-10,859.0,859.0,851.0,851.0,89566991,104269,26,851.0,851.0
2007-07-11,859.0,859.0,851.0,851.0,100567345,117075,30,851.0,851.0
2007-07-14,859.0,859.0,851.0,851.0,110366817,128483,33,851.0,851.0
2007-07-15,859.0,859.0,851.0,851.0,106180910,123610,28,851.0,851.0
2007-07-16,859.0,859.0,851.0,851.0,96733628,112612,28,851.0,851.0
2007-07-17,859.0,859.0,851.0,851.0,101400575,118045,27,851.0,851.0
2007-07-18,859.0,859.0,851.0,851.0,96134046,111914,27,851.0,851.0
2007-07-21,859.0,859.0,851.0,851.0,91709337,106763,24,851.0,851.0
2007-07-22,859.0,859.0,851.0,851.0,117678625,136995,30,851.0,851.0
2007-07-23,859.0,859.0,852.0,852.0,103469057,120453,28,851.0,852.0
2007-07-24,859.0,859.0,852.0,852.0,128610269,149721,36,852.0,852.0
2007-07-25,859.0,859.0,852.0,852.0,111319458,129592,29,852.0,852.0
2007-07-29,860.0,860.0,852.0,852.0,105133200,122248,27,852.0,852.0
2007-07-30,860.0,860.0,852.0,852.0,127512120,148270,33,852.0,852.0
2007-07-31,860.0,860.0,853.0,853.0,131185190,152541,35,852.0,853.0
2007-08-01,860.0,860.0,853.0,853.0,125432650,145852,33,853.0,853.0
2007-08-04,860.0,860.0,853.0,853.0,113781370,132304,30,853.0,853.0
2007-08-05,860.0,860.0,853.0,853.0,140947050,163892,39,853.0,853.0
2007-08-06,860.0,860.0,853.0,853.0,141709870,164779,36,853.0,853.0
2007-08-07,860.0,860.0,853.0,853.0,133817650,155602,37,853.0,853.0
2007-08-08,860.0,860.0,853.0,853.0,127107930,147800,35,853.0,853.0
2007-08-12,860.0,861.0,855.0,855.0,2141374365,2487233,100,853.0,855.0
2007-08-13,863.0,864.0,856.0,856.0,155572625,180265,42,855.0,856.0
2007-08-14,864.0,864.0,857.0,857.0,155495738,179972,40,856.0,857.0
2007-08-15,865.0,865.0,858.0,858.0,136658685,157987,38,857.0,858.0
2007-08-18,866.0,866.0,859.0,859.0,129539674,149584,33,858.0,859.0
2007-08-19,867.0,867.0,860.0,860.0,142518257,164381,40,859.0,860.0
2007-08-20,868.0,868.0,861.0,861.0,138580470,159655,37,860.0,861.0
2007-08-21,869.0,869.0,862.0,862.0,132059253,151967,36,861.0,862.0
2007-08-22,870.0,870.0,863.0,863.0,118546130,136260,31,862.0,863.0
2007-08-25,871.0,871.0,864.0,864.0,107529235,123455,29,863.0,864.0
2007-08-26,872.0,872.0,865.0,865.0,127804610,146565,34,864.0,865.0
2007-08-27,873.0,873.0,866.0,866.0,106312997,121779,28,865.0,866.0
2007-08-28,874.0,874.0,867.0,867.0,115880968,132587,30,866.0,867.0
2007-09-01,875.0,875.0,868.0,868.0,100894430,115308,27,867.0,868.0
2007-09-02,876.0,876.0,869.0,869.0,110056190,125635,27,868.0,869.0
2007-09-03,877.0,878.0,870.0,870.0,99927010,113940,28,869.0,870.0
2007-09-04,878.0,879.0,871.0,871.0,95953926,109287,31,870.0,871.0
2007-09-05,879.0,879.0,872.0,872.0,118526048,134842,32,871.0,872.0
2007-09-08,880.0,880.0,873.0,873.0,107421530,122070,28,872.0,873.0
2007-09-09,881.0,881.0,874.0,874.0,113211954,128504,31,873.0,874.0
2007-09-10,882.0,883.0,875.0,875.0,96947724,109917,26,874.0,875.0
2007-09-11,883.0,883.0,875.0,875.0,82436800,93360,22,875.0,875.0
2007-09-12,883.0,883.0,876.0,876.0,94622210,107160,25,875.0,876.0
2007-09-15,884.0,884.0,876.0,876.0,65666976,74284,20,876.0,876.0
2007-09-16,884.0,884.0,877.0,877.0,102641170,116110,26,876.0,877.0
2007-09-17,885.0,885.0,878.0,878.0,101978480,115230,28,877.0,878.0
2007-09-18,886.0,886.0,879.0,879.0,109645974,123754,29,878.0,879.0
2007-09-19,887.0,887.0,880.0,880.0,130746391,147403,36,879.0,880.0
2007-09-22,888.0,888.0,881.0,881.0,114365450,128790,28,880.0,881.0
2007-09-23,889.0,889.0,882.0,882.0,107666720,121110,28,881.0,882.0
2007-09-24,890.0,890.0,883.0,883.0,114383620,128521,37,882.0,883.0
2007-09-25,891.0,891.0,884.0,884.0,104255840,117010,26,883.0,884.0
2007-09-26,892.0,892.0,885.0,885.0,80756258,90534,23,884.0,885.0
2007-09-29,893.0,893.0,886.0,886.0,84473265,94595,22,885.0,886.0
2007-09-30,894.0,894.0,887.0,887.0,95116166,106394,24,886.0,887.0
2007-10-01,895.0,896.0,888.0,888.0,138459822,154692,38,887.0,888.0
2007-10-02,896.0,896.0,889.0,889.0,88595514,98879,23,888.0,889.0
2007-10-06,897.0,897.0,890.0,890.0,106985120,119270,28,889.0,890.0
2007-10-07,898.0,898.0,891.0,891.0,121922288,135771,33,890.0,891.0
2007-10-08,899.0,900.0,892.0,892.0,135948114,151216,38,891.0,892.0
2007-10-09,900.0,900.0,893.0,893.0,104149730,115722,29,892.0,893.0
2007-10-10,901.0,901.0,894.0,894.0,97065561,107731,25,893.0,894.0
2007-10-14,902.0,902.0,895.0,895.0,114739742,127206,29,894.0,895.0
2007-10-15,903.0,903.0,896.0,896.0,120317456,133242,28,895.0,896.0
2007-10-16,904.0,904.0,897.0,897.0,131992970,146010,36,896.0,897.0
2007-10-17,905.0,905.0,898.0,898.0,88223855,97485,25,897.0,898.0
2007-10-20,906.0,907.0,899.0,899.0,114417776,126289,32,898.0,899.0
2007-10-21,907.0,907.0,900.0,900.0,114851526,126628,32,899.0,900.0
2007-10-22,909.0,909.0,901.0,901.0,101774287,111963,27,900.0,901.0
2007-10-23,901.0,901.0,901.0,901.0,113406167,125867,27,901.0,901.0
2007-10-24,901.0,901.0,901.0,901.0,119833000,133000,30,901.0,901.0
2007-10-27,901.0,902.0,901.0,901.0,115346130,128020,30,901.0,901.0
2007-10-28,901.0,901.0,901.0,901.0,114500882,127082,27,901.0,901.0
2007-10-29,901.0,902.0,901.0,901.0,98730278,109578,26,901.0,901.0
2007-10-30,901.0,901.0,901.0,901.0,105417000,117000,25,901.0,901.0
2007-10-31,901.0,902.0,901.0,901.0,115337020,128010,27,901.0,901.0
2007-11-03,901.0,901.0,901.0,901.0,99110000,110000,22,901.0,901.0
2007-11-04,901.0,901.0,901.0,901.0,122763953,136253,31,901.0,901.0
2007-11-05,901.0,902.0,901.0,901.0,125468468,139248,32,901.0,901.0
2007-11-07,901.0,901.0,901.0,901.0,114321583,126883,28,901.0,901.0
2007-11-10,901.0,901.0,901.0,901.0,101702177,112877,25,901.0,901.0
2007-11-11,901.0,901.0,901.0,901.0,93894111,104211,23,901.0,901.0
2007-11-12,901.0,901.0,901.0,901.0,99110000,110000,23,901.0,901.0
2007-11-13,901.0,901.0,901.0,901.0,116258733,129033,29,901.0,901.0
2007-11-14,901.0,902.0,901.0,901.0,117049010,129910,28,901.0,901.0
2007-11-17,901.0,901.0,901.0,901.0,107228010,119010,28,901.0,901.0
2007-11-18,901.0,901.0,901.0,901.0,128143824,142224,32,901.0,901.0
2007-11-19,901.0,901.0,901.0,901.0,117303893,130193,28,901.0,901.0
2007-11-20,901.0,901.0,901.0,901.0,128713256,142856,30,901.0,901.0
2007-12-30,901.0,901.0,901.0,901.0,45951000,51000,15,901.0,901.0
2007-12-31,901.0,901.0,901.0,901.0,125684995,139495,32,901.0,901.0
2008-01-01,901.0,901.0,901.0,901.0,116775006,129606,31,901.0,901.0
2008-01-02,901.0,902.0,901.0,901.0,139600626,154926,41,901.0,901.0
2008-01-05,901.0,901.0,901.0,901.0,103338393,114693,31,901.0,901.0
2008-01-06,901.0,901.0,901.0,901.0,92514680,102680,24,901.0,901.0
2008-01-08,901.0,901.0,901.0,901.0,84960696,94296,23,901.0,901.0
2008-01-09,901.0,901.0,901.0,901.0,115379357,128057,27,901.0,901.0
2008-01-12,901.0,901.0,901.0,901.0,121688159,135059,32,901.0,901.0
2008-01-13,901.0,901.0,901.0,901.0,106507210,118210,29,901.0,901.0
2008-01-14,901.0,901.0,901.0,901.0,118188675,131175,28,901.0,901.0
2008-01-15,901.0,901.0,901.0,901.0,96786321,107421,26,901.0,901.0
2008-01-16,901.0,901.0,901.0,901.0,100821900,111900,25,901.0,901.0
2008-01-20,901.0,901.0,901.0,901.0,112073588,124388,27,901.0,901.0
2008-01-21,901.0,901.0,901.0,901.0,140344265,155765,34,901.0,901.0
2008-01-22,901.0,901.0,901.0,901.0,87500615,97115,23,901.0,901.0
2008-01-23,901.0,901.0,901.0,901.0,91821811,101911,23,901.0,901.0
2008-01-26,901.0,901.0,901.0,901.0,105619725,117225,26,901.0,901.0
2008-01-27,901.0,901.0,901.0,901.0,107982147,119847,28,901.0,901.0
2008-01-28,901.0,901.0,901.0,901.0,112625000,125000,25,901.0,901.0
2008-01-29,901.0,901.0,901.0,901.0,105819747,117447,25,901.0,901.0
2008-01-30,901.0,901.0,901.0,901.0,109021000,121000,25,901.0,901.0
2008-02-02,901.0,901.0,901.0,901.0,99514549,110449,27,901.0,901.0
2008-02-03,901.0,901.0,901.0,901.0,92357005,102505,24,901.0,901.0
2008-02-06,902.0,902.0,902.0,902.0,9020000,10000,2,901.0,902.0
2008-02-09,901.0,902.0,901.0,902.0,91647027,101717,28,902.0,902.0
2008-02-10,901.0,902.0,901.0,902.0,82000020,91010,20,902.0,902.0
2008-02-12,901.0,902.0,901.0,902.0,93235490,103480,24,902.0,902.0
2008-02-13,901.0,902.0,901.0,902.0,110084190,122180,26,902.0,902.0
2008-02-16,901.0,902.0,901.0,902.0,128130319,142209,32,902.0,902.0
2008-02-17,901.0,902.0,901.0,902.0,112697090,125080,32,902.0,902.0
2008-02-18,901.0,902.0,901.0,902.0,98037820,108810,26,902.0,902.0
2008-02-19,901.0,902.0,901.0,902.0,82412678,91468,21,902.0,902.0
2008-02-20,901.0,902.0,901.0,902.0,73884813,82003,24,902.0,902.0
2008-02-23,901.0,902.0,901.0,902.0,90039643,99933,25,902.0,902.0
2008-02-24,901.0,902.0,901.0,902.0,86568090,96080,21,902.0,902.0
2008-02-25,901.0,902.0,901.0,902.0,72636828,80618,19,902.0,902.0
2008-02-26,901.0,902.0,901.0,902.0,92860676,103064,25,902.0,902.0
2008-02-27,901.0,902.0,901.0,902.0,93799516,104106,24,902.0,902.0
2008-03-01,901.0,902.0,901.0,902.0,78777143,87433,23,902.0,902.0
2008-03-02,901.0,902.0,901.0,902.0,76594020,85010,18,902.0,902.0
2008-03-03,901.0,902.0,901.0,902.0,84081330,93320,23,902.0,902.0
2008-03-04,901.0,902.0,901.0,902.0,86108580,95570,25,902.0,902.0
2008-03-05,901.0,902.0,901.0,902.0,81121545,90035,22,902.0,902.0
2008-03-09,901.0,902.0,901.0,902.0,75035380,83280,21,902.0,902.0
2008-03-10,901.0,902.0,901.0,902.0,79845734,88619,22,902.0,902.0
2008-03-17,900.0,900.0,900.0,900.0,4500000,5000,1,902.0,900.0
2008-03-18,900.0,900.0,900.0,900.0,66069900,73411,17,900.0,900.0
2008-03-24,900.0,900.0,900.0,900.0,63900000,71000,15,900.0,900.0
2008-03-26,900.0,900.0,900.0,900.0,58500000,65000,13,900.0,900.0
2008-03-29,900.0,900.0,900.0,900.0,62100000,69000,14,900.0,900.0
2008-03-30,900.0,900.0,900.0,900.0,74010600,82234,18,900.0,900.0
2008-04-02,900.0,901.0,900.0,900.0,77552508,86167,19,900.0,900.0
2008-04-05,900.0,900.0,900.0,900.0,85401000,94890,23,900.0,900.0
2008-04-06,900.0,900.0,900.0,900.0,91290600,101434,22,900.0,900.0
2008-04-07,900.0,901.0,900.0,900.0,94946415,105493,25,900.0,900.0
2008-04-08,900.0,900.0,900.0,900.0,83403900,92671,22,900.0,900.0
2008-04-09,900.0,900.0,900.0,900.0,97252200,108058,27,900.0,900.0
2008-04-12,900.0,900.0,900.0,900.0,99101700,110113,26,900.0,900.0
2008-04-13,900.0,900.0,900.0,900.0,83312100,92569,21,900.0,900.0
2008-04-14,900.0,900.0,900.0,900.0,82800000,92000,20,900.0,900.0
2008-04-15,900.0,900.0,900.0,900.0,78282900,86981,19,900.0,900.0
2008-04-16,900.0,900.0,900.0,900.0,105311700,117013,28,900.0,900.0
2008-04-19,900.0,900.0,900.0,900.0,82406700,91563,20,900.0,900.0
2008-04-20,900.0,900.0,900.0,900.0,104189400,115766,27,900.0,900.0
2008-04-21,900.0,900.0,900.0,900.0,108378000,120420,28,900.0,900.0
2008-04-22,900.0,900.0,900.0,900.0,95400000,106000,22,900.0,900.0
2008-04-23,900.0,900.0,900.0,900.0,94451400,104946,23,900.0,900.0
2008-04-26,900.0,900.0,900.0,900.0,86314500,95905,22,900.0,900.0
2008-04-27,900.0,900.0,900.0,900.0,88199100,97999,22,900.0,900.0
2008-04-28,900.0,900.0,900.0,900.0,82104300,91227,23,900.0,900.0
2008-04-29,900.0,900.0,900.0,900.0,85000500,94445,23,900.0,900.0
2008-04-30,900.0,900.0,900.0,900.0,87664500,97405,23,900.0,900.0
2008-05-03,900.0,900.0,900.0,900.0,100170000,111300,25,900.0,900.0
2008-05-04,900.0,901.0,900.0,900.0,90184600,100205,25,900.0,900.0
2008-05-05,900.0,900.0,900.0,900.0,94977000,105530,22,900.0,900.0
2008-05-06,900.0,900.0,900.0,900.0,80947800,89942,22,900.0,900.0
2008-05-07,900.0,900.0,900.0,900.0,101463300,112737,24,900.0,900.0
2008-05-10,900.0,900.0,900.0,900.0,114367500,127075,28,900.0,900.0
2008-05-11,900.0,901.0,900.0,900.0,94406410,104896,29,900.0,900.0
2008-05-12,900.0,900.0,900.0,900.0,102607200,114008,28,900.0,900.0
2008-05-13,900.0,900.0,900.0,900.0,100347300,111497,28,900.0,900.0
2008-05-14,900.0,901.0,900.0,900.0,112579250,125088,30,900.0,900.0
2008-05-17,900.0,901.0,900.0,900.0,103286750,114763,32,900.0,900.0
2008-05-18,900.0,900.0,900.0,900.0,97721100,108579,24,900.0,900.0
2008-05-19,900.0,901.0,900.0,900.0,96399331,107110,24,900.0,900.0
2008-05-20,900.0,900.0,900.0,900.0,98332200,109258,26,900.0,900.0
2008-05-21,900.0,900.0,900.0,900.0,93176100,103529,22,900.0,900.0
2008-05-24,900.0,900.0,900.0,900.0,97872300,108747,28,900.0,900.0
2008-05-25,900.0,901.0,900.0,900.0,94085600,104539,25,900.0,900.0
2008-05-26,900.0,900.0,900.0,900.0,80866800,89852,22,900.0,900.0
2008-05-27,900.0,900.0,900.0,900.0,93991500,104435,25,900.0,900.0
2008-05-28,900.0,901.0,900.0,900.0,131042352,145552,41,900.0,900.0
2008-05-31,900.0,900.0,900.0,900.0,87353100,97059,26,900.0,900.0
2008-06-01,900.0,900.0,900.0,900.0,72670500,80745,22,900.0,900.0
2008-06-02,900.0,900.0,900.0,900.0,68220000,75800,19,900.0,900.0
2008-07-21,900.0,900.0,900.0,900.0,50245200,55828,15,900.0,900.0
2008-07-22,900.0,900.0,900.0,900.0,51570000,57300,14,900.0,900.0
2008-07-23,900.0,900.0,900.0,900.0,65221200,72468,21,900.0,900.0
2008-07-26,900.0,900.0,900.0,900.0,68692500,76325,17,900.0,900.0
2008-07-27,900.0,900.0,900.0,900.0,64751400,71946,16,900.0,900.0
2008-07-28,900.0,900.0,900.0,900.0,76639500,85155,21,900.0,900.0
2008-07-29,900.0,900.0,900.0,900.0,89360100,99289,24,900.0,900.0
2008-08-02,900.0,900.0,900.0,900.0,77651100,86279,24,900.0,900.0
2008-08-03,900.0,900.0,900.0,900.0,94374000,104860,26,900.0,900.0
2008-08-04,900.0,900.0,900.0,900.0,84741300,94157,25,900.0,900.0
2008-08-05,900.0,901.0,900.0,900.0,72953110,81059,21,900.0,900.0
2008-08-06,900.0,900.0,900.0,900.0,100173600,111304,30,900.0,900.0
2008-08-09,900.0,900.0,900.0,900.0,79263000,88070,21,900.0,900.0
2008-08-10,900.0,901.0,900.0,900.0,82792500,91990,22,900.0,900.0
2008-08-11,900.0,900.0,900.0,900.0,92087100,102319,25,900.0,900.0
2008-08-12,900.0,900.0,900.0,900.0,88041600,97824,23,900.0,900.0
2008-08-13,900.0,900.0,900.0,900.0,73008000,81120,21,900.0,900.0
2008-08-16,900.0,900.0,900.0,900.0,68926500,76585,18,900.0,900.0
2008-08-18,900.0,900.0,900.0,900.0,53486100,59429,16,900.0,900.0
2008-08-19,900.0,900.0,900.0,900.0,63974700,71083,16,900.0,900.0
2008-08-20,900.0,900.0,900.0,900.0,84510000,93900,23,900.0,900.0
2008-08-23,900.0,900.0,900.0,900.0,92507400,102786,24,900.0,900.0
2008-08-24,900.0,900.0,900.0,900.0,80054100,88949,18,900.0,900.0
2008-08-25,900.0,900.0,900.0,900.0,80219700,89133,26,900.0,900.0
2008-08-26,900.0,900.0,900.0,900.0,97920900,108801,25,900.0,900.0
2008-08-27,900.0,900.0,900.0,900.0,92063700,102293,22,900.0,900.0
2008-08-30,900.0,900.0,900.0,900.0,83502000,92780,22,900.0,900.0
2008-08-31,900.0,900.0,900.0,900.0,60912000,67680,16,900.0,900.0
2008-09-01,900.0,901.0,900.0,900.0,76063721,84509,23,900.0,900.0
2008-09-02,900.0,900.0,900.0,900.0,61900200,68778,16,900.0,900.0
2008-09-03,900.0,900.0,900.0,900.0,72458100,80509,19,900.0,900.0
2008-09-06,900.0,900.0,900.0,900.0,76209300,84677,22,900.0,900.0
2008-09-07,900.0,901.0,900.0,900.0,68941105,76600,18,900.0,900.0
2008-09-08,900.0,900.0,900.0,900.0,72810000,80900,18,900.0,900.0
2008-09-09,900.0,900.0,900.0,900.0,80100000,89000,22,900.0,900.0
2008-09-10,900.0,900.0,900.0,900.0,86476500,96085,22,900.0,900.0
2008-09-13,900.0,900.0,900.0,900.0,67950000,75500,18,900.0,900.0
2008-09-14,900.0,900.0,900.0,900.0,80719200,89688,25,900.0,900.0
2008-09-15,900.0,900.0,900.0,900.0,85697100,95219,20,900.0,900.0
2008-09-16,900.0,900.0,900.0,900.0,93594600,103994,27,900.0,900.0
2008-09-17,900.0,900.0,900.0,900.0,60525000,67250,15,900.0,900.0
2008-09-20,900.0,900.0,900.0,900.0,82363500,91515,23,900.0,900.0
2008-09-21,900.0,901.0,900.0,900.0,87962000,97730,26,900.0,900.0
2008-09-23,900.0,900.0,900.0,900.0,60565500,67295,15,900.0,900.0
2008-09-24,900.0,900.0,900.0,900.0,57640500,64045,17,900.0,900.0
2008-09-27,900.0,900.0,900.0,900.0,66249000,73610,17,900.0,900.0
2008-09-28,900.0,900.0,900.0,900.0,73408500,81565,21,900.0,900.0
2008-09-29,900.0,900.0,900.0,900.0,81956700,91063,20,900.0,900.0
2008-09-30,900.0,900.0,900.0,900.0,69750900,77501,19,900.0,900.0
2008-10-04,900.0,900.0,900.0,900.0,60579000,67310,16,900.0,900.0
2008-10-05,900.0,900.0,900.0,900.0,74739600,83044,19,900.0,900.0
2008-10-06,900.0,900.0,900.0,900.0,78408900,87121,22,900.0,900.0
2008-10-07,900.0,900.0,900.0,900.0,84861900,94291,23,900.0,900.0
2008-10-08,900.0,900.0,900.0,900.0,82845000,92050,21,900.0,900.0
2008-10-11,900.0,900.0,900.0,900.0,77407200,86008,20,900.0,900.0
2008-10-12,900.0,900.0,900.0,900.0,74525400,82806,18,900.0,900.0
2008-10-13,900.0,900.0,900.0,900.0,83387700,92653,20,900.0,900.0
2008-10-14,900.0,900.0,900.0,900.0,86625000,96250,21,900.0,900.0
2008-10-15,900.0,900.0,900.0,900.0,93648600,104054,24,900.0,900.0
2008-10-18,900.0,900.0,900.0,900.0,81135000,90150,23,900.0,900.0
2008-10-19,900.0,900.0,900.0,900.0,87468300,97187,22,900.0,900.0
2008-10-20,900.0,900.0,900.0,900.0,79200000,88000,20,900.0,900.0
2008-10-21,900.0,900.0,900.0,900.0,57060000,63400,16,900.0,900.0
2008-10-22,900.0,900.0,900.0,900.0,77865300,86517,19,900.0,900.0
2008-10-26,900.0,900.0,900.0,900.0,68400000,76000,16,900.0,900.0
2008-10-27,900.0,900.0,900.0,900.0,63061200,70068,19,900.0,900.0
2008-10-28,900.0,900.0,900.0,900.0,78048000,86720,19,900.0,900.0
2008-10-29,900.0,900.0,900.0,900.0,67500000,75000,16,900.0,900.0
2008-11-01,900.0,900.0,900.0,900.0,76118400,84576,24,900.0,900.0
2008-11-02,900.0,901.0,900.0,900.0,71682156,79645,18,900.0,900.0
2008-11-03,900.0,900.0,900.0,900.0,75399300,83777,21,900.0,900.0
2008-11-16,900.0,900.0,899.0,899.0,22503990,25010,6,900.0,899.0
2008-11-17,900.0,900.0,899.0,899.0,58480190,64978,22,899.0,899.0
2008-11-18,900.0,900.0,899.0,899.0,49173290,54637,14,899.0,899.0
2008-11-19,900.0,900.0,899.0,899.0,52883090,58759,14,899.0,899.0
2008-11-22,900.0,900.0,899.0,899.0,77343290,85937,23,899.0,899.0
2008-11-23,900.0,900.0,899.0,899.0,69308990,77010,17,899.0,899.0
2008-11-24,900.0,900.0,899.0,899.0,75545990,83940,21,899.0,899.0
2008-11-25,900.0,900.0,899.0,899.0,79291790,88102,22,899.0,899.0
2008-11-26,900.0,900.0,899.0,899.0,69248690,76943,20,899.0,899.0
2008-11-29,900.0,900.0,899.0,899.0,84806990,94230,22,899.0,899.0
2008-11-30,900.0,900.0,899.0,899.0,81886490,90985,24,899.0,899.0
2008-12-01,900.0,900.0,899.0,899.0,85276790,94752,22,899.0,899.0
2008-12-02,900.0,900.0,899.0,899.0,89159390,99066,25,899.0,899.0
2008-12-03,900.0,900.0,899.0,899.0,69240590,76934,21,899.0,899.0
2008-12-06,900.0,900.0,900.0,899.0,54000000,60000,12,899.0,900.0
2008-12-07,900.0,900.0,900.0,899.0,53370000,59300,12,899.0,900.0
2008-12-08,900.0,900.0,900.0,899.0,62541900,69491,15,899.0,900.0
2008-12-10,900.0,900.0,900.0,899.0,73558800,81732,20,899.0,900.0
2008-12-13,900.0,900.0,900.0,899.0,45900000,51000,11,899.0,900.0
2008-12-14,900.0,900.0,900.0,899.0,63672300,70747,16,899.0,900.0
2008-12-15,900.0,900.0,900.0,899.0,54304200,60338,13,899.0,900.0
2008-12-16,900.0,900.0,900.0,899.0,58500000,65000,13,899.0,900.0
2008-12-20,900.0,900.0,900.0,899.0,64097100,71219,17,899.0,900.0
2008-12-21,900.0,900.0,900.0,899.0,54000000,60000,12,899.0,900.0
2008-12-22,900.0,900.0,900.0,899.0,46646100,51829,13,899.0,900.0
2008-12-23,900.0,900.0,900.0,899.0,45963000,51070,12,899.0,900.0
2008-12-24,900.0,900.0,900.0,899.0,58104000,64560,14,899.0,900.0
2008-12-27,900.0,900.0,900.0,899.0,44632800,49592,12,899.0,900.0
2008-12-28,900.0,900.0,900.0,899.0,55422000,61580,14,899.0,900.0
2008-12-29,900.0,900.0,900.0,899.0,54900000,61000,13,899.0,900.0
2008-12-30,900.0,900.0,900.0,899.0,51300000,57000,13,899.0,900.0
2008-12-31,900.0,900.0,900.0,899.0,58761900,65291,14,899.0,900.0
2009-01-03,900.0,900.0,900.0,899.0,63900000,71000,21,899.0,900.0
2009-01-04,900.0,900.0,900.0,899.0,56880000,63200,14,899.0,900.0
2009-01-20,890.0,890.0,890.0,890.0,209150000,235000,67,899.0,890.0
2009-01-21,890.0,890.0,890.0,890.0,42563360,47824,12,890.0,890.0
2009-01-24,890.0,890.0,890.0,890.0,35600000,40000,8,890.0,890.0
2009-01-25,890.0,890.0,890.0,890.0,40050000,45000,9,890.0,890.0
2009-01-26,890.0,890.0,890.0,890.0,51401950,57755,13,890.0,890.0
2009-01-27,890.0,890.0,890.0,890.0,46280000,52000,12,890.0,890.0
2009-01-28,890.0,890.0,890.0,890.0,43160550,48495,11,890.0,890.0
2009-01-31,890.0,890.0,890.0,890.0,35600000,40000,8,890.0,890.0
2009-02-01,890.0,890.0,890.0,890.0,45959600,51640,12,890.0,890.0
2009-02-02,890.0,890.0,890.0,890.0,52065000,58500,13,890.0,890.0
2009-02-03,890.0,890.0,890.0,890.0,47837500,53750,11,890.0,890.0
2009-02-04,890.0,890.0,890.0,890.0,49840000,56000,12,890.0,890.0
2009-02-07,890.0,890.0,890.0,890.0,48060000,54000,13,890.0,890.0
2009-02-08,890.0,890.0,890.0,890.0,45627630,51267,12,890.0,890.0
2009-02-09,890.0,890.0,890.0,890.0,66046900,74210,18,890.0,890.0
2009-02-11,890.0,890.0,890.0,890.0,54290000,61000,13,890.0,890.0
2009-02-14,890.0,890.0,890.0,890.0,68610100,77090,20,890.0,890.0
2009-02-15,890.0,890.0,890.0,890.0,63190000,71000,15,890.0,890.0
2009-02-17,890.0,890.0,890.0,890.0,73870000,83000,18,890.0,890.0
2009-02-18,890.0,890.0,890.0,890.0,56986700,64030,14,890.0,890.0
2009-02-21,890.0,890.0,890.0,890.0,49217000,55300,12,890.0,890.0
2009-02-22,890.0,890.0,890.0,890.0,49840000,56000,12,890.0,890.0
2009-02-23,890.0,890.0,890.0,890.0,49840000,56000,12,890.0,890.0
2009-02-25,890.0,890.0,890.0,890.0,62746780,70502,16,890.0,890.0
2009-02-28,890.0,890.0,890.0,890.0,52641720,59148,12,890.0,890.0
2009-03-01,890.0,890.0,890.0,890.0,46814000,52600,13,890.0,890.0
2009-03-02,890.0,890.0,890.0,890.0,45390000,51000,11,890.0,890.0
2009-03-03,890.0,890.0,890.0,890.0,50730000,57000,14,890.0,890.0
2009-03-04,890.0,890.0,890.0,890.0,54735000,61500,14,890.0,890.0
2009-03-07,890.0,890.0,890.0,890.0,54290000,61000,13,890.0,890.0
2009-03-08,890.0,890.0,890.0,890.0,55180000,62000,14,890.0,890.0
2009-03-09,890.0,890.0,890.0,890.0,51895900,58310,13,890.0,890.0
2009-03-10,890.0,890.0,890.0,890.0,49840000,56000,12,890.0,890.0
2009-03-11,890.0,890.0,890.0,890.0,55384700,62230,14,890.0,890.0
2009-03-18,890.0,890.0,884.0,888.0,190337000,214300,36,890.0,886.0
2009-04-05,862.0,862.0,862.0,888.0,862000,1000,1,888.0,862.0
2009-05-06,862.0,862.0,862.0,888.0,1127496,1308,2,888.0,862.0
2009-05-09,862.0,862.0,862.0,862.0,86200,100,1,888.0,862.0
2009-05-11,837.0,837.0,837.0,862.0,83700,100,1,862.0,837.0
2009-05-23,837.0,837.0,837.0,862.0,8370,10,1,862.0,837.0
2009-06-09,837.0,837.0,837.0,862.0,167400,200,2,862.0,837.0
2009-06-14,837.0,837.0,837.0,862.0,284580,340,1,862.0,837.0
2009-06-16,837.0,837.0,837.0,837.0,2479194,2962,1,862.0,837.0
2009-06-30,812.0,812.0,812.0,837.0,49532,61,1,837.0,812.0
2009-08-04,812.0,812.0,812.0,812.0,2436000,3000,5,837.0,812.0
2009-08-10,788.0,788.0,788.0,812.0,165480,210,2,812.0,788.0
2009-09-09,788.0,788.0,788.0,812.0,1339600,1700,3,812.0,788.0
2009-09-16,788.0,788.0,788.0,812.0,1576000,2000,1,812.0,788.0
2009-09-21,788.0,788.0,788.0,812.0,1528720,1940,1,812.0,788.0
2009-10-04,788.0,788.0,788.0,810.0,79794456,101262,51,812.0,788.0
2009-10-05,786.0,786.0,786.0,810.0,786000,1000,1,810.0,786.0
2009-10-24,786.0,786.0,786.0,810.0,13912200,17700,6,810.0,786.0
2009-11-04,786.0,786.0,786.0,786.0,7867860,10010,6,810.0,786.0
2009-11-07,759.0,759.0,759.0,759.0,5313000,7000,4,786.0,759.0
2009-11-08,733.0,733.0,733.0,739.0,834593800,1138600,128,759.0,733.0
2009-11-09,714.0,764.0,714.0,717.0,2383858513,3324169,36,739.0,764.0
2009-11-10,742.0,742.0,742.0,721.0,167136984,225252,18,717.0,742.0
2009-11-11,746.0,746.0,746.0,731.0,445144914,596709,43,721.0,746.0
2009-11-14,756.0,756.0,756.0,738.0,306667620,405645,13,731.0,756.0
2009-11-15,763.0,763.0,763.0,752.0,660393286,865522,23,738.0,763.0
2009-11-16,778.0,778.0,778.0,759.0,303946706,390677,36,752.0,778.0
2009-11-17,785.0,785.0,739.0,770.0,553160226,708005,42,759.0,781.0
2009-11-18,779.0,780.0,744.0,769.0,53198370,70787,8,770.0,744.0
2009-11-21,743.0,743.0,743.0,769.0,2526200,3400,1,769.0,743.0
2009-11-23,743.0,743.0,743.0,769.0,3715000,5000,1,769.0,743.0
2009-11-24,743.0,744.0,743.0,757.0,524328011,705677,38,769.0,743.0
2009-11-25,739.0,739.0,731.0,756.0,43872251,59921,11,757.0,731.0
2009-11-29,730.0,730.0,730.0,747.0,370591070,507659,17,756.0,730.0
2009-11-30,721.0,721.0,721.0,738.0,360500000,500000,14,747.0,721.0
2009-12-01,713.0,713.0,713.0,713.0,1080974309,1516093,29,738.0,713.0
2009-12-02,689.0,689.0,689.0,689.0,1075612369,1561121,34,713.0,689.0
2009-12-05,665.0,665.0,665.0,665.0,1297536695,1951183,81,689.0,665.0
2009-12-07,661.0,661.0,642.0,657.0,384169834,596500,32,665.0,642.0
2009-12-08,660.0,678.0,660.0,660.0,1193462164,1808046,32,657.0,670.0
2009-12-09,645.0,683.0,645.0,678.0,1262594452,1862930,87,660.0,680.0
2009-12-12,701.0,701.0,655.0,681.0,494239902,721712,30,678.0,655.0
2009-12-13,658.0,693.0,658.0,681.0,319763537,470000,17,681.0,658.0
2009-12-14,687.0,704.0,680.0,694.0,1147545031,1653305,57,681.0,689.0
2009-12-15,671.0,671.0,670.0,693.0,21594050,32215,6,694.0,670.0
2009-12-16,669.0,669.0,669.0,688.0,200134695,299155,12,693.0,669.0
2009-12-19,664.0,710.0,664.0,689.0,35924425,50749,6,688.0,710.0
2009-12-20,679.0,713.0,679.0,698.0,1102917354,1580986,18,689.0,713.0
2009-12-21,710.0,721.0,710.0,704.0,362111000,506000,14,698.0,721.0
2009-12-22,700.0,700.0,700.0,704.0,10647000,15210,2,704.0,700.0
2010-01-02,680.0,698.0,680.0,701.0,172916680,252816,19,704.0,680.0
2010-01-03,677.0,677.0,677.0,695.0,234919000,347000,14,701.0,677.0
2010-01-05,671.0,671.0,671.0,695.0,13420000,20000,5,695.0,671.0
2010-01-06,671.0,671.0,671.0,689.0,249233556,371436,15,695.0,671.0
2010-01-10,672.0,672.0,665.0,688.0,28892920,43401,7,689.0,665.0
2010-01-11,664.0,664.0,664.0,687.0,48757520,73430,23,688.0,664.0
2010-01-12,663.0,663.0,663.0,680.0,308958000,466000,21,687.0,663.0
2010-01-13,657.0,669.0,657.0,680.0,22835505,34565,6,680.0,657.0
2010-01-16,657.0,657.0,657.0,680.0,657000,1000,1,680.0,657.0
2010-01-19,657.0,657.0,657.0,657.0,985697100,1500300,17,680.0,657.0
2010-01-20,635.0,635.0,635.0,635.0,993099995,1563937,33,657.0,635.0
2010-01-23,618.0,618.0,615.0,634.0,28682822,46494,4,635.0,617.0
2010-01-24,615.0,618.0,615.0,634.0,4232626,6857,3,634.0,618.0
2010-01-25,622.0,622.0,622.0,634.0,622000,1000,1,634.0,622.0
2010-01-26,623.0,631.0,623.0,633.0,345142085,547035,14,634.0,627.0
2010-01-27,625.0,655.0,625.0,635.0,80355000,122800,10,633.0,655.0
2010-01-30,650.0,650.0,613.0,636.0,670364724,1052154,35,635.0,635.0
2010-01-31,630.0,640.0,630.0,637.0,191718000,300000,8,636.0,640.0
2010-02-01,640.0,640.0,638.0,638.0,227198000,355000,12,637.0,640.0
2010-02-03,657.0,660.0,638.0,647.0,1763520309,2727454,104,638.0,649.0
2010-02-06,646.0,646.0,646.0,647.0,6460000,10000,3,647.0,646.0
2010-02-07,645.0,646.0,641.0,647.0,60748250,94050,11,647.0,641.0
2010-02-08,636.0,639.0,630.0,636.0,564117850,892895,58,647.0,630.0
2010-02-09,617.0,633.0,617.0,634.0,81788475,131675,10,636.0,619.0
2010-02-10,619.0,642.0,616.0,634.0,168665320,266145,13,634.0,640.0
2010-02-14,618.0,640.0,618.0,634.0,35818000,56000,3,634.0,640.0
2010-02-16,634.0,656.0,634.0,639.0,298862956,462125,28,634.0,656.0
2010-02-17,661.0,661.0,661.0,643.0,135001318,204238,7,639.0,661.0
2010-02-20,665.0,665.0,665.0,656.0,475967100,715740,25,643.0,665.0
2010-02-21,678.0,678.0,678.0,661.0,203400000,300000,6,656.0,678.0
2010-02-22,684.0,684.0,684.0,684.0,818481240,1196610,42,661.0,684.0
2010-02-23,707.0,707.0,690.0,705.0,1348704332,1913612,86,684.0,703.0
2010-03-02,728.0,729.0,725.0,719.0,527192146,723703,29,705.0,729.0
2010-03-03,744.0,744.0,714.0,728.0,447724906,607332,39,719.0,743.0
2010-03-06,753.0,753.0,753.0,747.0,694266000,922000,30,728.0,753.0
2010-03-07,773.0,773.0,773.0,764.0,602940000,780000,23,747.0,773.0
2010-03-08,790.0,790.0,790.0,790.0,992176010,1255919,35,764.0,790.0
2010-03-09,814.0,817.0,810.0,815.0,1837242773,2253983,92,790.0,817.0
2010-03-10,842.0,842.0,787.0,813.0,1167791114,1436535,92,815.0,802.0
2010-03-13,840.0,841.0,819.0,837.0,1230775876,1470709,67,813.0,841.0
2010-03-14,866.0,866.0,866.0,863.0,1145144708,1322338,58,837.0,866.0
2010-03-15,893.0,893.0,867.0,893.0,2023236527,2266269,105,863.0,893.0
2010-03-16,893.0,914.0,862.0,887.0,448729649,512565,45,893.0,893.0
2010-03-17,900.0,900.0,880.0,888.0,364066718,408838,38,887.0,894.0
2010-03-27,911.0,911.0,900.0,888.0,46819000,52000,3,888.0,900.0
2010-03-28,910.0,910.0,888.0,889.0,232669940,260934,15,888.0,888.0
2010-03-30,1001.0,1001.0,859.0,884.0,1356417682,1534314,93,889.0,860.0
2010-03-31,884.0,884.0,859.0,884.0,56893000,64500,14,884.0,859.0
2010-04-03,900.0,900.0,885.0,887.0,648127061,729194,68,884.0,900.0
2010-04-04,890.0,918.0,890.0,916.0,2516386706,2745723,87,887.0,900.0
2010-04-05,901.0,942.0,901.0,919.0,517187508,560428,34,916.0,918.0
2010-04-06,919.0,920.0,901.0,918.0,547666810,596790,39,919.0,919.0
2010-04-07,921.0,928.0,910.0,922.0,1132111600,1227600,70,918.0,924.0
2010-04-10,923.0,930.0,920.0,921.0,4054237502,4403581,139,922.0,922.0
2010-04-11,921.0,940.0,919.0,921.0,4235017727,4600571,101,921.0,940.0
2010-04-12,930.0,930.0,915.0,921.0,304252090,330256,35,921.0,920.0
2010-04-13,905.0,915.0,905.0,921.0,14410939,15835,5,921.0,906.0
2010-04-14,908.0,915.0,889.0,915.0,333374633,369457,19,921.0,900.0
2010-04-17,910.0,912.0,883.0,915.0,13115223,14451,8,915.0,910.0
2010-04-18,915.0,920.0,912.0,915.0,120609425,131990,14,915.0,920.0
2010-04-19,900.0,919.0,883.0,911.0,379286927,419138,30,915.0,919.0
2010-04-20,881.0,901.0,881.0,911.0,13184611,14711,5,911.0,901.0
2010-04-21,919.0,920.0,915.0,911.0,18205000,19845,6,911.0,915.0
2010-04-24,911.0,911.0,900.0,911.0,364895861,400801,24,911.0,911.0
2010-04-25,930.0,930.0,900.0,911.0,4189706,4554,5,911.0,900.0
2010-04-26,918.0,918.0,880.0,911.0,27655336,30797,6,911.0,880.0
2010-04-27,881.0,881.0,881.0,911.0,194701,221,1,911.0,881.0
2010-04-28,912.0,920.0,880.0,905.0,537997856,597839,41,911.0,880.0
2010-05-01,920.0,920.0,888.0,905.0,98412424,108208,14,905.0,918.0
2010-05-02,875.0,930.0,875.0,913.0,570668536,620467,50,905.0,920.0
2010-05-03,920.0,928.0,888.0,919.0,896903720,974850,42,913.0,920.0
2010-05-04,920.0,951.0,920.0,933.0,866613302,925228,51,919.0,920.0
2010-05-05,930.0,930.0,902.0,932.0,39880125,43875,8,933.0,903.0
2010-05-08,900.0,902.0,900.0,923.0,299255400,332116,20,932.0,901.0
2010-05-09,900.0,912.0,891.0,921.0,119841400,132000,12,923.0,912.0
2010-05-10,900.0,918.0,900.0,918.0,242986313,268685,12,921.0,918.0
2010-05-11,918.0,918.0,897.0,914.0,295332589,328073,27,918.0,900.0
2010-05-12,891.0,900.0,883.0,892.0,1324833100,1485019,92,914.0,900.0
2010-05-15,882.0,900.0,866.0,885.0,935764158,1061074,17,892.0,900.0
2010-05-16,885.0,885.0,885.0,885.0,62055315,70119,11,885.0,885.0
2010-05-18,885.0,885.0,885.0,885.0,117688185,132981,5,885.0,885.0
2010-05-19,872.0,890.0,872.0,885.0,118223870,133319,12,885.0,885.0
2010-05-22,872.0,883.0,860.0,884.0,51852448,60000,10,885.0,860.0
2010-05-23,856.0,899.0,856.0,865.0,1780601490,2057751,12,884.0,899.0
2010-05-24,895.0,895.0,876.0,866.0,48999640,55000,9,865.0,887.0
2010-05-25,896.0,896.0,896.0,870.0,162195712,181022,23,866.0,896.0
2010-05-26,872.0,900.0,872.0,870.0,19113946,21407,9,870.0,876.0
2010-05-29,900.0,900.0,899.0,870.0,4768498,5302,3,870.0,899.0
2010-05-30,870.0,900.0,870.0,870.0,25374600,28644,5,870.0,900.0
2010-05-31,854.0,871.0,854.0,870.0,26491000,31000,4,870.0,871.0
2010-06-01,900.0,900.0,900.0,900.0,2067567300,2297297,56,870.0,900.0
2010-06-02,931.0,931.0,931.0,931.0,1590090278,1707938,44,900.0,931.0
2010-06-15,989.0,989.0,970.0,980.0,190152720,194018,21,931.0,976.0
2010-06-16,950.0,990.0,950.0,977.0,1436993642,1470382,74,980.0,990.0
2010-06-19,964.0,975.0,957.0,972.0,909510708,938769,40,977.0,957.0
2010-06-20,944.0,951.0,941.0,959.0,687839886,727410,40,972.0,943.0
2010-06-21,947.0,950.0,947.0,958.0,76261895,80442,6,959.0,950.0
2010-06-22,966.0,972.0,925.0,968.0,1523438372,1574283,88,958.0,970.0
2010-06-23,972.0,989.0,937.0,970.0,1127954230,1162670,97,968.0,970.0
2010-06-27,970.0,975.0,943.0,970.0,1045208022,1077933,70,970.0,975.0
2010-06-28,943.0,983.0,943.0,973.0,2972208768,3055558,112,970.0,970.0
2010-06-29,960.0,979.0,960.0,970.0,4884553356,5034998,31,973.0,970.0
2010-06-30,970.0,996.0,970.0,973.0,583700124,597447,26,970.0,980.0
2010-07-03,970.0,999.0,970.0,973.0,21669357,21964,8,973.0,973.0
2010-07-04,978.0,980.0,977.0,973.0,40128000,41000,5,973.0,977.0
2010-07-05,999.0,1000.0,997.0,976.0,167410402,167705,21,973.0,1000.0
2010-07-06,1009.0,1015.0,1008.0,978.0,83310520,82232,10,976.0,1015.0
2010-07-07,1013.0,1017.0,1013.0,980.0,91288430,89790,12,978.0,1017.0
2010-07-11,1000.0,1001.0,1000.0,981.0,51010000,51000,4,980.0,1000.0
2010-07-12,1018.0,1020.0,1010.0,983.0,65100520,63876,9,981.0,1010.0
2010-07-13,975.0,1022.0,975.0,1020.0,1549296760,1518646,65,983.0,1022.0
2010-07-14,1060.0,1060.0,1023.0,1021.0,39247410,37420,9,1020.0,1024.0
2010-07-17,1060.0,1061.0,1054.0,1061.0,1604264158,1512165,42,1021.0,1061.0
2010-07-18,1103.0,1103.0,1099.0,1103.0,7439020727,6744837,160,1061.0,1103.0
2010-07-19,1147.0,1147.0,1130.0,1145.0,6495311703,5674227,201,1103.0,1139.0
2010-07-20,1124.0,1190.0,1124.0,1185.0,5619481661,4741086,253,1145.0,1185.0
2010-07-21,1190.0,1191.0,1152.0,1183.0,1072556600,907542,64,1185.0,1170.0
2010-07-24,1178.0,1178.0,1136.0,1157.0,1011038394,888121,76,1183.0,1136.0
2010-07-25,1146.0,1200.0,1140.0,1172.0,1378690621,1172038,91,1157.0,1190.0
2010-07-26,1213.0,1213.0,1170.0,1173.0,182650538,154878,22,1172.0,1170.0
2010-07-28,1173.0,1180.0,1160.0,1172.0,1166109010,994817,56,1173.0,1174.0
2010-07-31,1175.0,1178.0,1172.0,1173.0,773325753,658110,32,1172.0,1174.0
2010-08-01,1173.0,1174.0,1155.0,1168.0,1252920500,1075000,70,1173.0,1155.0
2010-08-02,1172.0,1185.0,1166.0,1170.0,1543645195,1319409,65,1168.0,1170.0
2010-08-03,1172.0,1180.0,1160.0,1167.0,3116078539,2670384,151,1170.0,1160.0
2010-08-04,1189.0,1189.0,1170.0,1177.0,1296100142,1097540,43,1167.0,1179.0
2010-08-07,1200.0,1220.0,1190.0,1199.0,2545821438,2123192,91,1177.0,1200.0
2010-08-08,1220.0,1222.0,1198.0,1209.0,7510742257,6212588,216,1199.0,1219.0
2010-08-09,1220.0,1257.0,1205.0,1255.0,15900876318,12668895,495,1209.0,1257.0
2010-08-10,1300.0,1305.0,1299.0,1304.0,12829036038,9838920,340,1255.0,1305.0
2010-08-11,1354.0,1355.0,1270.0,1323.0,10671275709,8064624,367,1304.0,1272.0
2010-08-14,1295.0,1295.0,1271.0,1271.0,3522965886,2770976,103,1323.0,1271.0
2010-08-15,1234.0,1290.0,1221.0,1226.0,6639761869,5417028,214,1271.0,1222.0
2010-08-16,1269.0,1275.0,1250.0,1271.0,4723660880,3715578,223,1226.0,1275.0
2010-08-17,1304.0,1307.0,1271.0,1291.0,1811734565,1401642,89,1271.0,1284.0
2010-08-18,1321.0,1334.0,1265.0,1275.0,3040966492,2385496,158,1291.0,1270.0
2010-08-21,1308.0,1326.0,1260.0,1300.0,12626136425,9711499,170,1275.0,1300.0
2010-08-22,1299.0,1323.0,1290.0,1300.0,882342938,678721,86,1300.0,1300.0
2010-08-23,1300.0,1330.0,1300.0,1321.0,2628787807,1990729,148,1300.0,1320.0
2010-08-24,1325.0,1330.0,1300.0,1314.0,1326390327,1011946,98,1321.0,1309.0
2010-08-25,1320.0,1330.0,1310.0,1316.0,2805400124,2131211,173,1314.0,1330.0
2010-08-28,1368.0,1368.0,1340.0,1366.0,17480299393,12797327,477,1316.0,1368.0
2010-08-29,1380.0,1420.0,1347.0,1389.0,8372549264,6027520,319,1366.0,1400.0
2010-08-30,1360.0,1387.0,1359.0,1379.0,1531150255,1113413,76,1389.0,1360.0
2010-09-05,1440.0,1440.0,1383.0,1387.0,3427592552,2472056,111,1379.0,1383.0
2010-09-06,1344.0,1383.0,1332.0,1340.0,7811639608,5829882,285,1387.0,1344.0
2010-09-07,1350.0,1369.0,1287.0,1308.0,1791885469,1373570,105,1340.0,1289.0
2010-09-08,1320.0,1338.0,1291.0,1330.0,4540989560,3415342,51,1308.0,1330.0
2010-09-12,1349.0,1349.0,1292.0,1326.0,550011865,418098,45,1330.0,1296.0
2010-09-13,1320.0,1320.0,1273.0,1314.0,732908091,566020,58,1326.0,1273.0
2010-09-14,1280.0,1320.0,1270.0,1303.0,1152634574,889434,84,1314.0,1281.0
2010-09-15,1285.0,1302.0,1272.0,1291.0,1005354397,785276,67,1303.0,1283.0
2010-09-18,1300.0,1300.0,1251.0,1274.0,1522397573,1199130,61,1291.0,1251.0
2010-09-19,1280.0,1280.0,1225.0,1252.0,1613896510,1292752,98,1274.0,1236.0
2010-09-20,1250.0,1250.0,1215.0,1246.0,531450481,431109,52,1252.0,1230.0
2010-09-21,1246.0,1295.0,1215.0,1264.0,1052528386,823591,55,1246.0,1295.0
2010-09-22,1310.0,1310.0,1278.0,1289.0,1744677044,1350968,82,1264.0,1289.0
2010-09-25,1310.0,1340.0,1310.0,1337.0,2034643450,1521488,76,1289.0,1340.0
2010-09-26,1390.0,1390.0,1301.0,1351.0,3794071909,2808801,159,1337.0,1330.0
2010-09-27,1336.0,1336.0,1311.0,1344.0,386939992,293648,35,1351.0,1320.0
2010-09-28,1340.0,1340.0,1294.0,1337.0,431386428,329102,34,1344.0,1300.0
2010-09-29,1349.0,1353.0,1318.0,1337.0,977646924,731344,89,1337.0,1319.0
2010-10-02,1337.0,1360.0,1306.0,1327.0,1415461286,1069395,99,1337.0,1306.0
2010-10-03,1340.0,1340.0,1305.0,1320.0,756659555,578067,61,1327.0,1320.0
2010-10-05,1339.0,1339.0,1281.0,1313.0,686003024,527925,48,1320.0,1288.0
2010-10-06,1290.0,1310.0,1278.0,1301.0,1081200330,837576,63,1313.0,1310.0
2010-10-09,1300.0,1300.0,1257.0,1294.0,333463916,264052,30,1301.0,1275.0
2010-10-10,1305.0,1345.0,1284.0,1331.0,2323858304,1746595,108,1294.0,1284.0
2010-10-11,1278.0,1315.0,1278.0,1328.0,150399710,115853,30,1331.0,1280.0
2010-10-12,1300.0,1328.0,1275.0,1325.0,128876420,100890,15,1328.0,1275.0
2010-10-13,1272.0,1272.0,1272.0,1324.0,27243696,21418,2,1325.0,1272.0
2010-10-16,1272.0,1272.0,1272.0,1321.0,118012344,92777,22,1324.0,1272.0
2010-10-17,1269.0,1269.0,1269.0,1320.0,19035000,15000,3,1321.0,1269.0
2010-10-18,1268.0,1340.0,1268.0,1288.0,1421439911,1112652,87,1320.0,1269.0
2010-10-19,1299.0,1299.0,1237.0,1264.0,925744436,746243,48,1288.0,1237.0
2010-10-20,1294.0,1295.0,1229.0,1260.0,355022110,285310,24,1264.0,1234.0
2010-10-23,1280.0,1280.0,1210.0,1251.0,445715380,364478,29,1260.0,1210.0
2010-10-24,1201.0,1244.0,1201.0,1237.0,2236285832,1808274,35,1251.0,1201.0
2010-10-25,1230.0,1240.0,1188.0,1231.0,298918000,249000,23,1237.0,1213.0
2010-10-26,1200.0,1213.0,1182.0,1224.0,302190520,254461,51,1231.0,1200.0
2010-10-27,1216.0,1222.0,1176.0,1221.0,259489236,216214,27,1224.0,1217.0
2010-10-30,1173.0,1239.0,1173.0,1220.0,150301265,124301,27,1221.0,1215.0
2010-10-31,1237.0,1237.0,1172.0,1219.0,132248708,109258,30,1220.0,1220.0
2010-11-01,1225.0,1225.0,1172.0,1213.0,220227992,187436,21,1219.0,1173.0
2010-11-02,1166.0,1190.0,1165.0,1211.0,62623204,53669,17,1213.0,1168.0
2010-11-03,1179.0,1179.0,1163.0,1198.0,499337697,428361,40,1211.0,1163.0
2010-11-06,1167.0,1245.0,1151.0,1200.0,954907275,794454,82,1198.0,1240.0
2010-11-07,1230.0,1239.0,1170.0,1200.0,224360875,187043,26,1200.0,1170.0
2010-11-08,1160.0,1199.0,1153.0,1198.0,83792666,72214,19,1200.0,1197.0
2010-11-09,1163.0,1194.0,1156.0,1195.0,193962265,165517,26,1198.0,1185.0
2010-11-10,1197.0,1235.0,1173.0,1195.0,288159149,241597,18,1195.0,1235.0
2010-11-13,1239.0,1239.0,1161.0,1195.0,26321700,21900,6,1195.0,1161.0
2010-11-14,1159.0,1199.0,1149.0,1191.0,181520182,156699,29,1195.0,1156.0
2010-11-15,1185.0,1186.0,1144.0,1180.0,473801028,411307,31,1191.0,1170.0
2010-11-16,1180.0,1184.0,1135.0,1177.0,258319980,223089,32,1180.0,1184.0
2010-11-20,1130.0,1169.0,1130.0,1173.0,166157000,146800,11,1177.0,1130.0
2010-11-21,1128.0,1172.0,1127.0,1168.0,309246949,270267,29,1173.0,1141.0
2010-11-22,1140.0,1150.0,1130.0,1162.0,333102660,292500,20,1168.0,1130.0
2010-11-23,1167.0,1168.0,1119.0,1155.0,366258375,324540,29,1162.0,1140.0
2010-11-24,1140.0,1199.0,1121.0,1162.0,776706369,663086,108,1155.0,1160.0
2010-11-27,1176.0,1176.0,1116.0,1148.0,790005765,698432,69,1162.0,1130.0
2010-11-28,1160.0,1160.0,1116.0,1146.0,147641540,130840,22,1148.0,1120.0
2010-11-29,1159.0,1159.0,1119.0,1145.0,77211040,68567,12,1146.0,1120.0
2010-11-30,1100.0,1180.0,1100.0,1150.0,555028293,478828,69,1145.0,1166.0
2010-12-01,1184.0,1184.0,1136.0,1150.0,51048300,44125,12,1150.0,1136.0
2010-12-04,1153.0,1160.0,1150.0,1150.0,91327535,79000,17,1150.0,1159.0
2010-12-05,1174.0,1174.0,1135.0,1150.0,31006462,26974,7,1150.0,1150.0
2010-12-06,1170.0,1170.0,1138.0,1150.0,345595866,300812,23,1150.0,1140.0
2010-12-07,1169.0,1169.0,1142.0,1150.0,50170295,43071,11,1150.0,1168.0
2010-12-08,1140.0,1196.0,1140.0,1195.0,2071531339,1734096,67,1150.0,1191.0
2010-12-11,1240.0,1242.0,1213.0,1210.0,611999580,493840,56,1195.0,1230.0
2010-12-12,1250.0,1250.0,1215.0,1213.0,491939508,403404,43,1210.0,1216.0
2010-12-13,1229.0,1261.0,1212.0,1244.0,5857472037,4709710,112,1213.0,1260.0
2010-12-14,1285.0,1285.0,1213.0,1244.0,172674947,138620,35,1244.0,1261.0
2010-12-18,1283.0,1283.0,1204.0,1241.0,207930164,171170,25,1244.0,1257.0
2010-12-19,1247.0,1247.0,1192.0,1231.0,573759241,474954,37,1241.0,1218.0
2010-12-20,1270.0,1270.0,1199.0,1229.0,302433168,248500,24,1231.0,1250.0
2010-12-21,1249.0,1249.0,1200.0,1228.0,217700598,178801,26,1229.0,1240.0
2010-12-22,1240.0,1270.0,1240.0,1234.0,364077286,289152,34,1228.0,1269.0
2010-12-25,1271.0,1283.0,1250.0,1242.0,397265758,312706,43,1234.0,1276.0
2010-12-26,1261.0,1290.0,1260.0,1252.0,509810002,398136,41,1242.0,1260.0
2010-12-27,1291.0,1291.0,1251.0,1255.0,613336710,486581,46,1252.0,1270.0
2010-12-28,1260.0,1277.0,1248.0,1255.0,794042776,633074,57,1255.0,1268.0
2010-12-29,1280.0,1305.0,1280.0,1305.0,10542663816,8081182,269,1255.0,1305.0
2011-01-01,1348.0,1348.0,1271.0,1302.0,394934174,305806,51,1305.0,1276.0
2011-01-02,1271.0,1298.0,1250.0,1286.0,936827204,737895,55,1302.0,1290.0
2011-01-03,1290.0,1329.0,1270.0,1287.0,1417884822,1101200,65,1286.0,1290.0
2011-01-04,1309.0,1309.0,1250.0,1279.0,2099393832,1641353,114,1287.0,1289.0
2011-01-05,1279.0,1298.0,1263.0,1281.0,992002769,773105,55,1279.0,1298.0
2011-01-08,1300.0,1325.0,1288.0,1303.0,2033911967,1560707,145,1281.0,1300.0
2011-01-09,1320.0,1355.0,1300.0,1350.0,6807297349,5044093,258,1303.0,1355.0
2011-01-10,1400.0,1400.0,1303.0,1347.0,561597479,419373,65,1350.0,1344.0
2011-01-11,1370.0,1370.0,1330.0,1347.0,302287558,224372,33,1347.0,1350.0
2011-01-12,1350.0,1369.0,1341.0,1359.0,2731094734,2009560,104,1347.0,1367.0
2011-01-15,1375.0,1398.0,1305.0,1347.0,1390958440,1036686,59,1359.0,1360.0
2011-01-16,1374.0,1399.0,1374.0,1392.0,3627964091,2607142,183,1347.0,1389.0
2011-01-17,1400.0,1410.0,1364.0,1387.0,5604142095,4039877,173,1392.0,1410.0
2011-01-18,1375.0,1440.0,1375.0,1409.0,6406463628,4545866,206,1387.0,1430.0
2011-01-19,1440.0,1465.0,1437.0,1461.0,5781066870,3957340,296,1409.0,1437.0
2011-01-22,1510.0,1510.0,1440.0,1467.0,6169005605,4205426,397,1461.0,1441.0
2011-01-26,1398.0,1398.0,1343.0,1349.0,2195200668,1627754,81,1467.0,1343.0
2011-01-29,1296.0,1337.0,1296.0,1300.0,7456381475,5734451,273,1349.0,1298.0
2011-01-30,1300.0,1307.0,1280.0,1300.0,1003325346,772098,97,1300.0,1301.0
2011-01-31,1310.0,1310.0,1297.0,1300.0,4145040369,3188355,193,1300.0,1297.0
2011-02-01,1310.0,1344.0,1310.0,1321.0,2807594941,2125114,160,1300.0,1322.0
2011-02-05,1349.0,1373.0,1344.0,1372.0,12260220813,8935169,298,1321.0,1373.0
2011-02-06,1396.0,1396.0,1347.0,1363.0,2029069254,1488663,145,1372.0,1368.0
2011-02-07,1370.0,1380.0,1340.0,1369.0,2823960827,2062239,116,1363.0,1358.0
2011-02-08,1360.0,1380.0,1356.0,1367.0,1199503469,878541,123,1369.0,1361.0
2011-02-09,1385.0,1385.0,1353.0,1364.0,1150327939,844498,106,1367.0,1368.0
2011-02-12,1370.0,1390.0,1340.0,1358.0,953145456,705700,71,1364.0,1355.0
2011-02-13,1360.0,1369.0,1340.0,1357.0,483332423,357360,59,1358.0,1359.0
2011-02-14,1370.0,1374.0,1360.0,1368.0,2203945013,1610862,159,1357.0,1370.0
2011-02-15,1380.0,1422.0,1370.0,1407.0,2199392976,1562979,178,1368.0,1421.0
2011-02-16,1445.0,1445.0,1381.0,1402.0,813777767,583776,84,1407.0,1400.0
2011-02-19,1382.0,1409.0,1375.0,1397.0,1041125382,748310,71,1402.0,1375.0
2011-02-20,1399.0,1400.0,1360.0,1392.0,496460135,360461,56,1397.0,1379.0
2011-02-22,1384.0,1399.0,1362.0,1390.0,366440419,264943,45,1392.0,1380.0
2011-02-23,1398.0,1398.0,1370.0,1389.0,646760467,466494,40,1390.0,1381.0
2011-02-26,1380.0,1419.0,1334.0,1381.0,1535129601,1113864,137,1389.0,1419.0
2011-02-27,1410.0,1420.0,1358.0,1383.0,1856174688,1341908,94,1381.0,1375.0
2011-02-28,1351.0,1387.0,1343.0,1376.0,473646764,349851,47,1383.0,1343.0
2011-03-01,1350.0,1398.0,1350.0,1371.0,3468716338,2529968,178,1376.0,1360.0
2011-03-02,1378.0,1378.0,1320.0,1349.0,2551214476,1891471,141,1371.0,1370.0
2011-03-05,1350.0,1359.0,1330.0,1346.0,928425555,691138,68,1349.0,1350.0
2011-03-06,1354.0,1370.0,1350.0,1362.0,14553308737,10683891,93,1346.0,1355.0
2011-03-07,1360.0,1367.0,1355.0,1361.0,659609659,484891,73,1362.0,1360.0
2011-03-08,1365.0,1390.0,1341.0,1361.0,556406396,408860,63,1361.0,1341.0
2011-03-09,1370.0,1379.0,1341.0,1361.0,1579030976,1160382,79,1361.0,1367.0
2011-03-12,1368.0,1375.0,1345.0,1365.0,883460556,645009,58,1361.0,1371.0
2011-03-13,1371.0,1378.0,1360.0,1366.0,430384874,314178,23,1365.0,1370.0
2011-03-14,1371.0,1389.0,1370.0,1371.0,28334044107,20659578,65,1366.0,1375.0
2011-03-15,1390.0,1397.0,1381.0,1377.0,794709709,573057,60,1371.0,1390.0
2011-03-16,1390.0,1432.0,1389.0,1389.0,644270114,454441,63,1377.0,1425.0
2011-03-19,1430.0,1442.0,1400.0,1409.0,1098794304,769318,91,1389.0,1430.0
2011-03-26,1460.0,1465.0,1460.0,1426.0,674589998,460634,34,1409.0,1465.0
2011-03-27,1483.0,1483.0,1435.0,1474.0,1971825805,1332484,114,1426.0,1450.0
2011-03-28,1458.0,1532.0,1451.0,1523.0,5868749291,3853928,286,1474.0,1529.0
2011-03-29,1579.0,1583.0,1579.0,1583.0,18275692108,11546693,711,1523.0,1583.0
2011-03-30,1633.0,1633.0,1520.0,1552.0,2770196867,1784933,211,1583.0,1550.0
2011-04-03,1570.0,1600.0,1538.0,1564.0,1845183134,1177749,153,1552.0,1573.0
2011-04-04,1550.0,1600.0,1525.0,1569.0,6851676735,4367265,317,1564.0,1570.0
2011-04-05,1570.0,1588.0,1570.0,1580.0,6367020548,4029317,362,1569.0,1580.0
2011-04-06,1565.0,1605.0,1565.0,1583.0,3869263217,2443846,355,1580.0,1605.0
2011-04-09,1614.0,1614.0,1550.0,1583.0,98863621428,62461315,210,1583.0,1569.0
2011-04-10,1541.0,1563.0,1520.0,1551.0,1754864518,1138598,144,1583.0,1520.0
2011-04-11,1516.0,1580.0,1515.0,1552.0,1964598879,1265507,107,1551.0,1560.0
2011-04-12,1567.0,1581.0,1520.0,1570.0,32666856994,20807463,108,1552.0,1560.0
2011-04-13,1551.0,1579.0,1551.0,1566.0,1000892000,641650,86,1570.0,1553.0
2011-04-16,1585.0,1586.0,1535.0,1564.0,450545018,289939,48,1566.0,1541.0
2011-04-17,1537.0,1540.0,1522.0,1536.0,1869748850,1222560,86,1564.0,1526.0
2011-04-18,1529.0,1540.0,1475.0,1522.0,1360757569,899297,83,1536.0,1500.0
2011-04-19,1501.0,1522.0,1483.0,1504.0,2156548552,1435054,76,1522.0,1490.0
2011-04-20,1485.0,1540.0,1485.0,1509.0,2080479464,1378619,90,1504.0,1519.0
2011-04-23,1520.0,1540.0,1510.0,1514.0,1154140616,760123,69,1509.0,1515.0
2011-04-24,1530.0,1535.0,1500.0,1514.0,465595995,307223,46,1514.0,1500.0
2011-04-25,1538.0,1538.0,1481.0,1511.0,360842282,241560,38,1514.0,1500.0
2011-04-26,1476.0,1519.0,1476.0,1508.0,472711282,316247,48,1511.0,1482.0
2011-04-27,1470.0,1489.0,1448.0,1489.0,46235601242,31060911,54,1508.0,1450.0
2011-04-30,1431.0,1431.0,1430.0,1453.0,1301400000,910000,36,1489.0,1430.0
2011-05-01,1395.0,1395.0,1395.0,1423.0,1075531050,770990,58,1453.0,1395.0
2011-05-02,1479.0,1479.0,1430.0,1425.0,88782090,60182,25,1423.0,1430.0
2011-05-03,1482.0,1482.0,1430.0,1438.0,535955674,362856,43,1425.0,1440.0
2011-05-04,1490.0,1495.0,1480.0,1493.0,2653447396,1776841,141,1438.0,1495.0
2011-05-08,1485.0,1485.0,1442.0,1492.0,72099510,49294,14,1493.0,1443.0
2011-05-09,1446.0,1551.0,1446.0,1498.0,706007518,466854,57,1492.0,1551.0
2011-05-10,1491.0,1550.0,1485.0,1499.0,429041635,285609,49,1498.0,1509.0
2011-05-11,1540.0,1540.0,1450.0,1494.0,423178860,287486,36,1499.0,1514.0
2011-05-15,1455.0,1530.0,1438.0,1495.0,559592731,373313,56,1494.0,1500.0
2011-05-16,1450.0,1454.0,1437.0,1493.0,72844275,50455,17,1495.0,1437.0
2011-05-17,1488.0,1500.0,1436.0,1493.0,333709010,223928,32,1493.0,1500.0
2011-05-18,1510.0,1552.0,1483.0,1529.0,1569628746,1015000,99,1493.0,1552.0
2011-05-21,1489.0,1489.0,1472.0,1527.0,89229076,60289,12,1529.0,1482.0
2011-05-22,1483.0,1483.0,1466.0,1518.0,384817400,260700,21,1527.0,1466.0
2011-05-23,1458.0,1458.0,1458.0,1509.0,326817990,224155,18,1518.0,1458.0
2011-05-24,1451.0,1451.0,1449.0,1508.0,39778350,27445,20,1509.0,1449.0
2011-05-28,1448.0,1495.0,1448.0,1487.0,743894981,513738,47,1508.0,1448.0
2011-05-30,1428.0,1530.0,1428.0,1483.0,894976177,605755,73,1487.0,1530.0
2011-05-31,1500.0,1507.0,1490.0,1491.0,1231557000,822000,35,1483.0,1500.0
2011-06-01,1435.0,1436.0,1432.0,1458.0,1191852711,832268,35,1491.0,1432.0
2011-06-06,1405.0,1405.0,1400.0,1456.0,57790175,41221,9,1458.0,1405.0
2011-06-07,1400.0,1430.0,1400.0,1449.0,304292757,215896,40,1456.0,1430.0
2011-06-08,1405.0,1506.0,1399.0,1479.0,3658429124,2473642,96,1449.0,1480.0
2011-06-11,1510.0,1514.0,1480.0,1486.0,1260944835,845005,55,1479.0,1502.0
2011-06-12,1480.0,1500.0,1480.0,1499.0,2167009925,1445496,70,1486.0,1500.0
2011-06-13,1501.0,1558.0,1501.0,1554.0,2330829747,1500000,76,1499.0,1558.0
2011-06-14,1616.0,1616.0,1616.0,1616.0,2424000000,1500000,66,1554.0,1616.0
2011-06-15,1555.0,1675.0,1555.0,1649.0,20861800994,12650247,504,1616.0,1616.0
2011-06-18,1617.0,1648.0,1585.0,1633.0,1789644222,1099968,159,1649.0,1640.0
2011-06-19,1571.0,1638.0,1569.0,1626.0,1122467881,694122,44,1633.0,1569.0
2011-06-20,1598.0,1626.0,1563.0,1623.0,312435341,194499,23,1626.0,1567.0
2011-06-21,1580.0,1597.0,1559.0,1614.0,357801721,229097,27,1623.0,1560.0
2011-06-22,1556.0,1565.0,1555.0,1612.0,77815605,50017,10,1614.0,1565.0
2011-06-25,1557.0,1578.0,1555.0,1610.0,94461064,60466,16,1612.0,1555.0
2011-06-26,1553.0,1560.0,1547.0,1603.0,282651627,181639,29,1610.0,1547.0
2011-06-27,1541.0,1560.0,1539.0,1552.0,3767749081,2427287,105,1603.0,1550.0
2011-06-28,1500.0,1520.0,1500.0,1550.0,144104761,95248,10,1552.0,1505.0
2011-06-29,1586.0,1590.0,1553.0,1555.0,451402632,285940,25,1550.0,1553.0
2011-07-02,1551.0,1589.0,1550.0,1555.0,287791584,184691,17,1555.0,1550.0
2011-07-03,1555.0,1555.0,1513.0,1554.0,60742500,39668,8,1555.0,1525.0
2011-07-04,1494.0,1520.0,1494.0,1551.0,169937910,112521,16,1554.0,1510.0
2011-07-05,1500.0,1551.0,1500.0,1551.0,152283577,98520,15,1551.0,1551.0
2011-07-06,1555.0,1613.0,1513.0,1553.0,165357090,104795,12,1551.0,1513.0
2011-07-09,1525.0,1560.0,1518.0,1552.0,111127321,72852,12,1553.0,1560.0
2011-07-10,1520.0,1520.0,1511.0,1551.0,87270461,57427,14,1552.0,1512.0
2011-07-11,1520.0,1520.0,1500.0,1548.0,144218507,95799,17,1551.0,1502.0
2011-07-12,1500.0,1500.0,1487.0,1545.0,132294800,88400,11,1548.0,1487.0
2011-07-13,1490.0,1500.0,1490.0,1544.0,22261230,14927,3,1545.0,1490.0
2011-07-16,1529.0,1529.0,1500.0,1544.0,6390290,4260,5,1544.0,1500.0
2011-07-18,1492.0,1529.0,1492.0,1543.0,82448650,54688,10,1544.0,1500.0
2011-07-19,1500.0,1500.0,1500.0,1542.0,31500000,21000,3,1543.0,1500.0
2011-07-20,1500.0,1589.0,1500.0,1542.0,237014960,153480,16,1542.0,1542.0
2011-07-23,1589.0,1603.0,1589.0,1602.0,2379650554,1485000,53,1542.0,1603.0
2011-07-24,1666.0,1666.0,1666.0,1666.0,2499000000,1500000,38,1602.0,1666.0
2011-07-25,1732.0,1732.0,1655.0,1723.0,4417636539,2563646,132,1666.0,1669.0
2011-07-26,1685.0,1715.0,1683.0,1710.0,1136103357,670702,56,1723.0,1689.0
2011-07-27,1680.0,1700.0,1655.0,1706.0,268383299,160318,28,1710.0,1690.0
2011-07-30,1639.0,1650.0,1638.0,1700.0,232801760,141714,28,1706.0,1638.0
2011-07-31,1632.0,1660.0,1632.0,1695.0,234279735,141876,19,1700.0,1640.0
2011-08-01,1659.0,1659.0,1630.0,1691.0,217850000,132000,10,1695.0,1630.0
2011-08-02,1649.0,1649.0,1624.0,1676.0,556962492,342883,32,1691.0,1624.0
2011-08-03,1639.0,1654.0,1611.0,1657.0,1077321810,660137,29,1676.0,1620.0
2011-08-06,1605.0,1622.0,1605.0,1651.0,389186375,240751,18,1657.0,1621.0
2011-08-07,1600.0,1640.0,1585.0,1647.0,326450120,201800,23,1651.0,1591.0
2011-08-09,1600.0,1600.0,1582.0,1640.0,352060208,220244,12,1647.0,1582.0
2011-08-10,1588.0,1705.0,1588.0,1648.0,599496037,358310,44,1640.0,1697.0
2011-08-13,1589.0,1647.0,1589.0,1647.0,101391685,62000,14,1648.0,1623.0
2011-08-14,1585.0,1600.0,1585.0,1646.0,28544875,17875,5,1647.0,1593.0
2011-08-15,1590.0,1590.0,1581.0,1645.0,38383140,24190,5,1646.0,1586.0
2011-08-16,1583.0,1645.0,1583.0,1638.0,394731630,246598,28,1645.0,1645.0
2011-08-17,1628.0,1628.0,1586.0,1634.0,235636314,147466,19,1638.0,1590.0
2011-08-20,1580.0,1600.0,1569.0,1626.0,331000780,210191,17,1634.0,1600.0
2011-08-21,1600.0,1600.0,1600.0,1625.0,113600000,71000,9,1626.0,1600.0
2011-08-23,1600.0,1611.0,1600.0,1618.0,675817556,422261,37,1625.0,1600.0
2011-08-24,1630.0,1630.0,1600.0,1618.0,205534463,126834,29,1618.0,1600.0
2011-08-27,1573.0,1607.0,1573.0,1617.0,80403060,50847,13,1618.0,1607.0
2011-08-28,1553.0,1599.0,1553.0,1616.0,61169488,38678,11,1617.0,1598.0
2011-08-29,1575.0,1600.0,1570.0,1614.0,185103600,116600,16,1616.0,1570.0
2011-08-30,1580.0,1600.0,1571.0,1613.0,79551400,50000,17,1614.0,1600.0
2011-09-03,1600.0,1609.0,1559.0,1606.0,492116422,312064,24,1613.0,1609.0
2011-09-04,1599.0,1610.0,1599.0,1606.0,297168298,185264,21,1606.0,1601.0
2011-09-05,1601.0,1630.0,1600.0,1608.0,523086210,323938,29,1606.0,1620.0
2011-09-06,1630.0,1672.0,1630.0,1631.0,962572066,576786,62,1608.0,1672.0
2011-09-07,1696.0,1696.0,1650.0,1646.0,884260070,527928,26,1631.0,1690.0
2011-09-10,1699.0,1699.0,1647.0,1651.0,387278909,230304,21,1646.0,1696.0
2011-09-11,1689.0,1710.0,1651.0,1666.0,826718459,487512,33,1651.0,1700.0
2011-09-12,1665.0,1700.0,1665.0,1669.0,307355638,181613,14,1666.0,1682.0
2011-09-13,1699.0,1699.0,1615.0,1670.0,472034714,282371,12,1669.0,1615.0
2011-09-14,1651.0,1698.0,1650.0,1669.0,107523464,64909,5,1670.0,1650.0
2011-09-17,1630.0,1632.0,1630.0,1664.0,339866000,208493,11,1669.0,1630.0
2011-09-18,1634.0,1650.0,1634.0,1663.0,100492000,61000,7,1664.0,1650.0
2011-09-19,1650.0,1709.0,1650.0,1700.0,3988423588,2346025,66,1663.0,1708.0
2011-09-20,1660.0,1709.0,1660.0,1700.0,414941988,244145,24,1700.0,1700.0
2011-09-21,1700.0,1700.0,1681.0,1700.0,208634758,122883,10,1700.0,1690.0
2011-09-25,1700.0,1700.0,1700.0,1700.0,15300000,9000,4,1700.0,1700.0
2011-09-26,1689.0,1690.0,1650.0,1699.0,56666900,34254,11,1700.0,1655.0
2011-09-27,1655.0,1690.0,1655.0,1698.0,67137716,40061,5,1699.0,1685.0
2011-09-28,1685.0,1686.0,1680.0,1696.0,340525600,202420,15,1698.0,1680.0
2011-10-01,1652.0,1653.0,1652.0,1696.0,9458119,5723,3,1696.0,1653.0
2011-10-02,1650.0,1658.0,1650.0,1688.0,450872470,272810,17,1696.0,1650.0
2011-10-03,1631.0,1670.0,1631.0,1685.0,212828800,129000,18,1688.0,1670.0
2011-10-04,1650.0,1655.0,1650.0,1684.0,71960500,43570,10,1685.0,1650.0
2011-10-05,1650.0,1697.0,1650.0,1684.0,23764400,14240,7,1684.0,1665.0
2011-10-08,1652.0,1652.0,1650.0,1680.0,330062803,200000,6,1684.0,1650.0
2011-10-09,1650.0,1650.0,1650.0,1668.0,963152850,583729,17,1680.0,1650.0
2011-10-10,1650.0,1685.0,1650.0,1668.0,19688000,11720,3,1668.0,1685.0
2011-10-11,1651.0,1651.0,1650.0,1667.0,118708600,71914,9,1668.0,1650.0
2011-10-12,1650.0,1650.0,1650.0,1667.0,2475000,1500,2,1667.0,1650.0
2011-10-15,1652.0,1675.0,1651.0,1667.0,1668050,1010,3,1667.0,1675.0
2011-10-16,1650.0,1651.0,1601.0,1659.0,462529030,284430,29,1667.0,1601.0
2011-10-18,1630.0,1638.0,1630.0,1658.0,81286300,49800,16,1659.0,1631.0
2011-10-19,1630.0,1631.0,1630.0,1656.0,172327960,105692,10,1658.0,1630.0
2011-10-22,1650.0,1722.0,1650.0,1688.0,1359133538,791663,86,1656.0,1683.0
2011-10-23,1651.0,1669.0,1651.0,1688.0,43325608,25993,12,1688.0,1668.0
2011-10-24,1650.0,1718.0,1630.0,1684.0,282717634,171200,23,1688.0,1655.0
2011-10-25,1720.0,1720.0,1652.0,1681.0,311806329,188143,17,1684.0,1653.0
2011-10-26,1656.0,1658.0,1656.0,1680.0,92918800,56050,6,1681.0,1658.0
2011-10-29,1650.0,1689.0,1650.0,1679.0,278174264,166576,23,1680.0,1660.0
2011-10-30,1652.0,1662.0,1652.0,1679.0,19854000,12000,4,1679.0,1662.0
2011-10-31,1650.0,1651.0,1650.0,1678.0,61053900,37000,5,1679.0,1650.0
2011-11-01,1650.0,1650.0,1650.0,1678.0,1650000,1000,1,1678.0,1650.0
2011-11-02,1661.0,1665.0,1660.0,1678.0,69884993,42093,13,1678.0,1665.0
2011-11-05,1651.0,1652.0,1612.0,1673.0,225713200,139100,10,1678.0,1652.0
2011-11-06,1650.0,1650.0,1607.0,1671.0,130373530,79790,14,1673.0,1608.0
2011-11-08,1630.0,1630.0,1605.0,1668.0,170377080,104596,11,1671.0,1606.0
2011-11-09,1620.0,1650.0,1620.0,1664.0,374205000,228000,10,1668.0,1650.0
2011-11-12,1630.0,1635.0,1630.0,1663.0,106679110,65300,6,1664.0,1635.0
2011-11-13,1630.0,1630.0,1630.0,1663.0,31247100,19170,4,1663.0,1630.0
2011-11-14,1633.0,1650.0,1633.0,1662.0,95654601,58008,5,1663.0,1650.0
2011-11-16,1630.0,1630.0,1630.0,1662.0,23537200,14440,2,1662.0,1630.0
2011-11-19,1630.0,1630.0,1630.0,1662.0,7807700,4790,5,1662.0,1630.0
2011-11-20,1630.0,1630.0,1630.0,1661.0,72535000,44500,6,1662.0,1630.0
2011-11-21,1630.0,1630.0,1630.0,1660.0,55338500,33950,8,1661.0,1630.0
2011-11-22,1630.0,1631.0,1597.0,1651.0,742834080,455716,26,1660.0,1630.0
2011-11-23,1630.0,1630.0,1630.0,1649.0,213696260,131102,10,1651.0,1630.0
2011-11-26,1640.0,1650.0,1640.0,1649.0,54275000,32900,7,1649.0,1650.0
2011-11-27,1650.0,1650.0,1630.0,1649.0,67366900,41262,12,1649.0,1630.0
2011-11-28,1630.0,1631.0,1630.0,1647.0,262161431,160831,17,1649.0,1630.0
2011-11-29,1630.0,1650.0,1630.0,1647.0,101276637,61448,13,1647.0,1650.0
2011-11-30,1630.0,1670.0,1630.0,1646.0,166784330,102011,7,1647.0,1670.0
2011-12-03,1630.0,1657.0,1630.0,1646.0,15032500,9100,3,1646.0,1657.0
2011-12-04,1670.0,1683.0,1656.0,1647.0,97918823,58248,9,1646.0,1683.0
2011-12-07,1699.0,1710.0,1699.0,1650.0,128852100,75693,12,1647.0,1700.0
2011-12-10,1676.0,1683.0,1676.0,1658.0,615416672,366072,32,1650.0,1681.0
2011-12-11,1660.0,1660.0,1660.0,1658.0,2475060,1491,2,1658.0,1660.0
2011-12-12,1659.0,1664.0,1601.0,1650.0,9923728275,6014305,67,1658.0,1664.0
2011-12-13,1670.0,1716.0,1670.0,1691.0,7041198850,4165105,58,1650.0,1716.0
2011-12-14,1685.0,1750.0,1685.0,1696.0,355274775,205342,23,1691.0,1750.0
2011-12-17,1721.0,1757.0,1720.0,1700.0,249040309,143703,17,1696.0,1720.0
2011-12-18,1711.0,1749.0,1710.0,1700.0,10560581,6169,5,1700.0,1749.0
2011-12-19,1759.0,1759.0,1718.0,1700.0,15855190,9205,2,1700.0,1718.0
2011-12-20,1720.0,1720.0,1705.0,1701.0,187889730,109506,12,1700.0,1705.0
2011-12-21,1672.0,1710.0,1672.0,1701.0,48547750,28750,7,1701.0,1675.0
2011-12-24,1675.0,1700.0,1670.0,1701.0,29715900,17740,6,1701.0,1671.0
2011-12-25,1672.0,1676.0,1670.0,1699.0,199369406,119204,14,1701.0,1670.0
2011-12-26,1742.0,1742.0,1670.0,1696.0,307625270,183832,24,1699.0,1670.0
2011-12-27,1672.0,1673.0,1670.0,1692.0,386080256,231125,18,1696.0,1670.0
2011-12-28,1700.0,1700.0,1670.0,1678.0,1634833130,978583,56,1692.0,1670.0
2011-12-31,1677.0,1710.0,1670.0,1670.0,16825362497,10072890,217,1678.0,1685.0
2012-01-01,1736.0,1736.0,1670.0,1671.0,412109699,245596,22,1670.0,1697.0
2012-01-02,1690.0,1690.0,1671.0,1671.0,434805520,259800,23,1671.0,1671.0
2012-01-03,1675.0,1710.0,1671.0,1672.0,16741449350,10015642,208,1671.0,1672.0
2012-01-04,1673.0,1724.0,1673.0,1676.0,249569381,145835,20,1672.0,1681.0
2012-01-07,1680.0,1743.0,1680.0,1743.0,3953952793,2269103,51,1676.0,1743.0
2012-01-09,1740.0,1793.0,1685.0,1754.0,1913889145,1088428,33,1743.0,1793.0
2012-01-10,1790.0,1824.0,1790.0,1766.0,486282574,266834,40,1754.0,1824.0
2012-01-11,1836.0,1836.0,1834.0,1768.0,64099248,34918,17,1766.0,1836.0
2012-01-15,1832.0,1832.0,1780.0,1815.0,2472225551,1358455,37,1768.0,1828.0
2012-01-16,1818.0,1877.0,1816.0,1817.0,287339150,156493,13,1815.0,1820.0
2012-01-17,1818.0,1832.0,1817.0,1818.0,329192808,180717,22,1817.0,1817.0
2012-01-18,1746.0,1877.0,1746.0,1819.0,1825529764,1003601,45,1818.0,1819.0
2012-01-21,1800.0,1862.0,1747.0,1819.0,25007660,13880,7,1819.0,1861.0
2012-01-23,1751.0,1751.0,1747.0,1817.0,69514770,39757,8,1819.0,1749.0
2012-01-25,1748.0,1755.0,1748.0,1816.0,28458530,16262,5,1817.0,1755.0
2012-01-28,1883.0,1883.0,1840.0,1846.0,1897236770,1020050,19,1816.0,1854.0
2012-01-29,1801.0,1840.0,1790.0,1842.0,213967450,118979,7,1846.0,1807.0
2012-01-30,1830.0,1841.0,1790.0,1830.0,758982200,421600,20,1842.0,1790.0
2012-01-31,1770.0,1876.0,1770.0,1823.0,369193060,207278,34,1830.0,1876.0
2012-02-01,1765.0,1765.0,1763.0,1821.0,88170000,50000,2,1823.0,1763.0
2012-02-04,1855.0,1870.0,1820.0,1821.0,2356565,1270,9,1821.0,1821.0
2012-02-05,1800.0,1821.0,1790.0,1821.0,16486086,9200,6,1821.0,1790.0
2012-02-06,1800.0,1800.0,1749.0,1810.0,495612323,280838,19,1821.0,1780.0
2012-02-07,1752.0,1757.0,1750.0,1808.0,91868870,52478,17,1810.0,1750.0
2012-02-08,1740.0,1740.0,1736.0,1780.0,1016364606,585437,24,1808.0,1740.0
2012-02-12,1800.0,1800.0,1737.0,1780.0,40062700,22440,8,1780.0,1790.0
2012-02-13,1790.0,1801.0,1709.0,1778.0,548279696,310119,41,1780.0,1770.0
2012-02-19,1500.0,1500.0,1500.0,1500.0,480360000,320240,22,1478.0,1500.0
2012-02-20,1495.0,1540.0,1495.0,1500.0,317985770,211980,15,1500.0,1500.0
2012-02-21,1500.0,1502.0,1500.0,1500.0,170110020,113400,7,1500.0,1500.0
2012-02-22,1500.0,1500.0,1441.0,1498.0,239645000,162000,8,1500.0,1469.0
2012-02-25,1499.0,1500.0,1439.0,1497.0,65029085,44319,13,1498.0,1440.0
2012-02-26,1438.0,1500.0,1438.0,1492.0,391580325,266252,16,1497.0,1500.0
2012-02-27,1440.0,1501.0,1433.0,1492.0,36258300,24345,9,1492.0,1500.0
2012-04-22,1493.0,1552.0,1493.0,1524.0,292295204,191802,31,1492.0,1552.0
2012-04-23,1584.0,1584.0,1584.0,1526.0,81750240,51610,13,1524.0,1584.0
2012-04-24,1587.0,1587.0,1587.0,1528.0,60851928,38344,5,1526.0,1587.0
2012-04-28,1589.0,1589.0,1589.0,1589.0,2397406928,1508752,34,1528.0,1589.0
2012-04-29,1652.0,1652.0,1625.0,1652.0,4129005668,2499459,139,1589.0,1652.0
2012-04-30,1699.0,1700.0,1586.0,1649.0,260045784,160198,30,1652.0,1629.0
2012-05-01,1600.0,1619.0,1584.0,1644.0,206343640,129835,33,1649.0,1619.0
2012-05-02,1590.0,1650.0,1579.0,1639.0,189001821,119510,19,1644.0,1650.0
2012-05-05,1601.0,1679.0,1601.0,1639.0,24370160,15060,7,1639.0,1606.0
2012-05-06,1580.0,1667.0,1575.0,1638.0,39338600,24846,7,1639.0,1632.0
2012-05-07,1617.0,1617.0,1573.0,1633.0,204662340,129700,17,1638.0,1600.0
2012-05-08,1632.0,1636.0,1571.0,1627.0,655355000,407000,25,1633.0,1571.0
2012-05-09,1630.0,1630.0,1565.0,1627.0,4711300,3010,2,1627.0,1565.0
2012-05-12,1565.0,1580.0,1562.0,1620.0,246072000,157500,20,1627.0,1562.0
2012-05-13,1560.0,1627.0,1558.0,1619.0,51222660,32520,8,1620.0,1600.0
2012-05-14,1619.0,1620.0,1560.0,1617.0,631920981,391747,20,1619.0,1619.0
2012-05-15,1555.0,1560.0,1555.0,1617.0,6927640,4444,2,1617.0,1560.0
2012-05-16,1555.0,1629.0,1555.0,1617.0,14752424,9243,6,1617.0,1620.0
2012-05-19,1556.0,1556.0,1556.0,1617.0,1994792,1282,2,1617.0,1556.0
2012-05-20,1561.0,1600.0,1560.0,1616.0,52287435,32945,6,1617.0,1600.0
2012-05-21,1610.0,1650.0,1571.0,1617.0,64841010,39500,7,1616.0,1650.0
2012-05-22,1555.0,1600.0,1554.0,1615.0,210774990,132635,14,1617.0,1600.0
2012-05-23,1566.0,1610.0,1566.0,1615.0,49113756,30823,6,1615.0,1610.0
2012-05-26,1628.0,1628.0,1628.0,1615.0,37769600,23200,2,1615.0,1628.0
2012-05-27,1600.0,1614.0,1558.0,1615.0,58930644,36868,13,1615.0,1560.0
2012-05-28,1600.0,1616.0,1600.0,1615.0,29691200,18537,3,1615.0,1616.0
2012-05-29,1581.0,1582.0,1581.0,1615.0,1589905,1005,2,1615.0,1582.0
2012-05-30,1629.0,1629.0,1561.0,1615.0,11332000,7000,3,1615.0,1561.0
2012-06-02,1551.0,1551.0,1551.0,1615.0,15128454,9754,5,1615.0,1551.0
2012-06-05,1574.0,1600.0,1551.0,1611.0,167900994,107828,26,1615.0,1600.0
2012-06-06,1562.0,1562.0,1547.0,1607.0,161565026,104304,23,1611.0,1547.0
2012-06-09,1543.0,1544.0,1543.0,1588.0,678935000,440000,34,1607.0,1543.0
2012-06-10,1525.0,1617.0,1525.0,1588.0,730434660,460005,29,1588.0,1617.0
2012-06-11,1525.0,1600.0,1525.0,1588.0,7010000,4400,2,1588.0,1600.0
2012-06-12,1600.0,1608.0,1528.0,1588.0,25932120,16500,5,1588.0,1528.0
2012-06-13,1526.0,1528.0,1525.0,1586.0,78833636,51640,7,1588.0,1525.0
2012-06-16,1526.0,1574.0,1525.0,1586.0,12813460,8338,3,1586.0,1574.0
2012-06-17,1523.0,1523.0,1523.0,1586.0,502590,330,2,1586.0,1523.0
2012-06-19,1523.0,1576.0,1523.0,1586.0,12393894,8000,6,1586.0,1576.0
2012-06-23,1523.0,1523.0,1523.0,1578.0,304600000,200000,7,1586.0,1523.0
2012-06-27,1515.0,1540.0,1515.0,1573.0,175801240,115936,12,1578.0,1540.0
2012-07-02,1511.0,1549.0,1511.0,1571.0,188460000,122000,4,1573.0,1549.0
2012-07-04,1538.0,1540.0,1537.0,1570.0,80764000,52500,5,1571.0,1540.0
2012-07-07,1550.0,1550.0,1508.0,1570.0,15095500,10010,2,1570.0,1508.0
2012-07-08,1509.0,1510.0,1509.0,1570.0,3413110,2261,2,1570.0,1510.0
2012-07-09,1508.0,1508.0,1508.0,1570.0,3770000,2500,2,1570.0,1508.0
2012-07-10,1508.0,1547.0,1508.0,1569.0,61473672,40584,6,1570.0,1547.0
2012-07-14,1510.0,1510.0,1507.0,1569.0,7977713,5288,4,1569.0,1507.0
2012-07-15,1507.0,1543.0,1507.0,1568.0,53171857,35035,8,1569.0,1543.0
2012-07-16,1548.0,1550.0,1548.0,1566.0,193727860,125120,5,1568.0,1550.0
2012-07-17,1504.0,1504.0,1504.0,1565.0,40797504,27126,4,1566.0,1504.0
2012-07-18,1503.0,1503.0,1503.0,1565.0,13527000,9000,1,1565.0,1503.0
2012-07-24,1503.0,1503.0,1503.0,1565.0,4917816,3272,1,1565.0,1503.0
2012-07-25,1544.0,1544.0,1544.0,1565.0,200720,130,1,1565.0,1544.0
2012-07-28,1534.0,1538.0,1534.0,1565.0,23160980,15090,5,1565.0,1535.0
2012-07-29,1520.0,1520.0,1520.0,1565.0,19760000,13000,1,1565.0,1520.0
2012-07-31,1503.0,1550.0,1503.0,1558.0,268563000,178300,10,1565.0,1503.0
2012-08-04,1496.0,1496.0,1496.0,1557.0,31969520,21370,2,1558.0,1496.0
2012-08-07,1495.0,1495.0,1495.0,1553.0,136583200,91360,6,1557.0,1495.0
2012-08-11,1491.0,1550.0,1491.0,1551.0,72785730,48330,10,1553.0,1550.0
2012-08-12,1549.0,1549.0,1549.0,1551.0,4647000,3000,1,1551.0,1549.0
2012-08-13,1489.0,1489.0,1489.0,1551.0,16379000,11000,2,1551.0,1489.0
2012-08-14,1513.0,1513.0,1510.0,1551.0,22670000,15000,3,1551.0,1510.0
2012-08-22,1489.0,1489.0,1489.0,1551.0,5967912,4008,3,1551.0,1489.0
2012-09-05,1489.0,1500.0,1489.0,1548.0,114999900,77100,28,1551.0,1489.0
2012-09-08,1548.0,1548.0,1548.0,1548.0,2976804,1923,1,1548.0,1548.0
2012-09-10,1487.0,1487.0,1487.0,1548.0,4758400,3200,1,1548.0,1487.0
2012-09-17,1487.0,1487.0,1487.0,1548.0,981420,660,1,1548.0,1487.0
2012-09-18,1487.0,1487.0,1487.0,1547.0,29740000,20000,5,1548.0,1487.0
2012-09-19,1486.0,1486.0,1486.0,1539.0,303910776,204516,3,1547.0,1486.0
2012-09-24,1478.0,1487.0,1478.0,1530.0,344181348,232834,25,1539.0,1487.0
2012-09-25,1485.0,1530.0,1485.0,1529.0,40201500,27000,7,1530.0,1530.0
2012-09-26,1480.0,1590.0,1480.0,1539.0,509461681,323439,36,1529.0,1590.0
2012-09-29,1592.0,1592.0,1509.0,1539.0,21260514,13696,10,1539.0,1533.0
2012-09-30,1575.0,1592.0,1510.0,1539.0,28289974,18368,11,1539.0,1580.0
2012-10-01,1580.0,1580.0,1560.0,1540.0,43386400,27490,9,1539.0,1560.0
2012-10-02,1500.0,1500.0,1479.0,1539.0,36785679,24801,5,1540.0,1479.0
2012-10-03,1478.0,1482.0,1478.0,1538.0,36761125,24852,12,1539.0,1478.0
2012-10-06,1477.0,1555.0,1477.0,1538.0,12683180,8390,6,1538.0,1490.0
2012-10-07,1477.0,1477.0,1477.0,1538.0,3024896,2048,3,1538.0,1477.0
2012-10-08,1500.0,1500.0,1477.0,1538.0,281781,188,3,1538.0,1477.0
2012-10-09,1477.0,1477.0,1477.0,1538.0,12554500,8500,3,1538.0,1477.0
2012-10-10,1477.0,1477.0,1477.0,1538.0,9600500,6500,1,1538.0,1477.0
2012-10-14,1477.0,1477.0,1477.0,1538.0,10339000,7000,2,1538.0,1477.0
2012-10-15,1477.0,1477.0,1477.0,1538.0,8667036,5868,3,1538.0,1477.0
2012-10-17,1477.0,1477.0,1477.0,1538.0,3101700,2100,3,1538.0,1477.0
2012-10-20,1477.0,1591.0,1477.0,1536.0,95641638,64515,16,1538.0,1510.0
2012-10-21,1491.0,1492.0,1491.0,1536.0,8946800,6000,4,1536.0,1492.0
2012-10-22,1490.0,1534.0,1475.0,1533.0,113648850,76486,11,1536.0,1475.0
2012-10-23,1472.0,1505.0,1472.0,1533.0,4063831,2729,3,1533.0,1499.0
2012-10-24,1472.0,1520.0,1472.0,1530.0,96260952,65391,18,1533.0,1520.0
2012-10-27,1476.0,1477.0,1469.0,1501.0,1043225717,710093,30,1530.0,1469.0
2012-10-28,1452.0,1486.0,1450.0,1501.0,45997059,31067,14,1501.0,1485.0
2012-10-29,1510.0,1520.0,1501.0,1501.0,66429720,43966,9,1501.0,1510.0
2012-10-30,1501.0,1528.0,1501.0,1502.0,112918255,74002,12,1501.0,1527.0
2012-10-31,1520.0,1529.0,1520.0,1503.0,61083260,40113,7,1502.0,1529.0
2012-11-04,1563.0,1563.0,1540.0,1504.0,65453386,42072,14,1503.0,1540.0
2012-11-05,1564.0,1564.0,1550.0,1508.0,171578214,110045,31,1504.0,1561.0
2012-11-06,1540.0,1568.0,1540.0,1509.0,27956920,18010,6,1508.0,1568.0
2012-11-07,1569.0,1569.0,1548.0,1512.0,160927998,103942,8,1509.0,1548.0
2012-11-10,1520.0,1530.0,1520.0,1512.0,6536500,4300,4,1512.0,1520.0
2012-11-11,1570.0,1570.0,1540.0,1512.0,11159400,7165,3,1512.0,1540.0
2012-11-12,1521.0,1559.0,1520.0,1513.0,214514000,141000,24,1512.0,1520.0
2012-11-13,1513.0,1520.0,1513.0,1513.0,17423000,11500,7,1513.0,1520.0
2012-11-14,1550.0,1550.0,1513.0,1513.0,27412840,18103,4,1513.0,1513.0
2012-11-17,1513.0,1513.0,1513.0,1513.0,42309532,27964,6,1513.0,1513.0
2012-11-18,1513.0,1513.0,1513.0,1513.0,70501261,46597,5,1513.0,1513.0
2012-11-19,1513.0,1513.0,1456.0,1513.0,4190800,2800,3,1513.0,1456.0
2012-11-20,1453.0,1453.0,1453.0,1513.0,1453000,1000,1,1513.0,1453.0
2012-11-26,1500.0,1500.0,1500.0,1513.0,1500000,1000,1,1513.0,1500.0
2012-11-28,1453.0,1453.0,1453.0,1513.0,1598300,1100,1,1513.0,1453.0
2012-12-01,1453.0,1453.0,1453.0,1513.0,11624000,8000,2,1513.0,1453.0
2012-12-02,1453.0,1453.0,1453.0,1513.0,2398903,1651,2,1513.0,1453.0
2012-12-04,1453.0,1453.0,1453.0,1513.0,2906000,2000,1,1513.0,1453.0
2012-12-05,1453.0,1453.0,1453.0,1513.0,4989602,3434,3,1513.0,1453.0
2012-12-11,1453.0,1453.0,1453.0,1513.0,58120,40,1,1513.0,1453.0
2012-12-12,1453.0,1453.0,1453.0,1513.0,14530,10,1,1513.0,1453.0
2012-12-15,1453.0,1453.0,1453.0,1513.0,5332510,3670,5,1513.0,1453.0
2012-12-18,1453.0,1453.0,1453.0,1512.0,29060000,20000,6,1513.0,1453.0
2012-12-19,1452.0,1453.0,1452.0,1510.0,70437363,48501,20,1512.0,1452.0
2012-12-22,1450.0,1500.0,1450.0,1509.0,37681850,25953,6,1510.0,1500.0
2012-12-23,1451.0,1457.0,1451.0,1508.0,20668718,14218,7,1509.0,1457.0
2012-12-24,1457.0,1457.0,1448.0,1507.0,32178462,22120,9,1508.0,1448.0
2012-12-25,1448.0,1538.0,1448.0,1507.0,27011230,18325,8,1507.0,1528.0
2012-12-26,1455.0,1538.0,1455.0,1507.0,20152240,13284,11,1507.0,1538.0
2012-12-29,1452.0,1452.0,1452.0,1507.0,7122060,4905,2,1507.0,1452.0
2012-12-30,1454.0,1454.0,1454.0,1506.0,37424506,25739,6,1507.0,1454.0
2013-01-01,1454.0,1454.0,1448.0,1505.0,36868294,25361,2,1506.0,1448.0
2013-01-02,1445.0,1445.0,1445.0,1503.0,57850575,40035,7,1505.0,1445.0
2013-01-06,1443.0,1443.0,1443.0,1502.0,25320321,17547,6,1503.0,1443.0
2013-01-08,1442.0,1442.0,1442.0,1502.0,8653442,6001,3,1502.0,1442.0
2013-01-09,1442.0,1442.0,1442.0,1501.0,21198842,14701,4,1502.0,1442.0
2013-01-15,1441.0,1441.0,1441.0,1501.0,4323,3,3,1501.0,1441.0
2013-01-23,1441.0,1441.0,1441.0,1501.0,4323,3,2,1501.0,1441.0
2013-02-03,1441.0,1441.0,1441.0,1501.0,30261,21,2,1501.0,1441.0
2013-02-06,1441.0,1441.0,1441.0,1501.0,2882000,2000,2,1501.0,1441.0
2013-02-09,1441.0,1441.0,1441.0,1501.0,1693175,1175,2,1501.0,1441.0
2013-02-12,1441.0,1441.0,1441.0,1501.0,324225,225,1,1501.0,1441.0
2013-02-17,1441.0,1441.0,1441.0,1501.0,25938,18,1,1501.0,1441.0
2013-03-02,1381.0,1381.0,1326.0,1326.0,38744168,29218,13,1501.0,1326.0
2013-03-04,1273.0,1326.0,1273.0,1324.0,93179358,72185,30,1326.0,1326.0
2013-03-05,1280.0,1280.0,1272.0,1323.0,44548200,34965,11,1324.0,1272.0
2013-03-06,1271.0,1271.0,1271.0,1322.0,23869380,18780,10,1323.0,1271.0
2013-03-09,1271.0,1271.0,1270.0,1322.0,9116651,7176,4,1322.0,1270.0
2013-03-10,1270.0,1270.0,1270.0,1322.0,10469880,8244,5,1322.0,1270.0
2013-03-11,1270.0,1270.0,1270.0,1322.0,1270,1,1,1322.0,1270.0
2013-03-13,1270.0,1270.0,1270.0,1321.0,18516600,14580,8,1322.0,1270.0
2013-03-18,1269.0,1269.0,1269.0,1321.0,979668,772,1,1321.0,1269.0
2013-03-25,1269.0,1310.0,1269.0,1320.0,42562462,33439,8,1321.0,1310.0
2013-03-26,1300.0,1372.0,1269.0,1320.0,43116499,32270,18,1320.0,1372.0
2013-03-27,1372.0,1372.0,1372.0,1322.0,82395460,60055,12,1320.0,1372.0
2013-03-30,1374.0,1374.0,1373.0,1323.0,25368658,18467,10,1322.0,1374.0
2013-03-31,1375.0,1375.0,1375.0,1329.0,250870125,182451,16,1323.0,1375.0
2013-04-03,1380.0,1382.0,1324.0,1333.0,147450182,106794,29,1329.0,1379.0
2013-04-06,1350.0,1386.0,1337.0,1339.0,275707430,200330,30,1333.0,1337.0
2013-04-07,1390.0,1390.0,1303.0,1339.0,14097000,10580,10,1339.0,1350.0
2013-04-08,1388.0,1389.0,1350.0,1339.0,25889188,18882,11,1339.0,1353.0
2013-04-09,1380.0,1392.0,1370.0,1343.0,186395981,134325,44,1339.0,1392.0
2013-04-17,1226.0,1275.0,1225.0,1268.0,11093423150,8747706,346,1093.0,1275.0
2013-04-20,1317.0,1318.0,1317.0,1318.0,2736439780,2076210,67,1268.0,1318.0
2013-04-21,1370.0,1370.0,1370.0,1370.0,6181029000,4511700,80,1318.0,1370.0
2013-04-22,1424.0,1424.0,1415.0,1424.0,9605667030,6746753,218,1370.0,1424.0
2013-04-23,1480.0,1480.0,1430.0,1476.0,16660015881,11288639,504,1424.0,1430.0
2013-04-24,1529.0,1535.0,1420.0,1510.0,16802744434,11129462,675,1476.0,1535.0
2013-04-27,1569.0,1569.0,1535.0,1560.0,4035293820,2586813,255,1510.0,1567.0
2013-04-28,1615.0,1615.0,1498.0,1538.0,6247301847,4062230,360,1560.0,1529.0
2013-04-29,1577.0,1581.0,1522.0,1551.0,4867916206,3138404,336,1538.0,1557.0
2013-04-30,1570.0,1588.0,1489.0,1521.0,2466659149,1621651,233,1551.0,1500.0
2013-05-01,1543.0,1579.0,1521.0,1538.0,1427595084,921574,180,1521.0,1530.0
2013-05-04,1570.0,1570.0,1500.0,1540.0,1140063751,739285,163,1538.0,1530.0
2013-05-05,1574.0,1574.0,1479.0,1524.0,1324312078,875591,196,1540.0,1505.0
2013-05-06,1535.0,1550.0,1503.0,1525.0,765105061,500666,105,1524.0,1525.0
2013-05-07,1555.0,1555.0,1500.0,1522.0,464163861,307310,135,1525.0,1519.0
2013-05-08,1522.0,1549.0,1500.0,1521.0,1405145592,924146,182,1522.0,1519.0
2013-05-11,1536.0,1569.0,1534.0,1537.0,1144525767,736591,181,1521.0,1550.0
2013-05-12,1569.0,1569.0,1530.0,1541.0,1010889138,653658,155,1537.0,1549.0
2013-05-13,1550.0,1550.0,1480.0,1540.0,525932573,342284,93,1541.0,1539.0
2013-05-14,1480.0,1480.0,1479.0,1538.0,63763195,43105,14,1540.0,1479.0
2013-05-15,1525.0,1540.0,1477.0,1537.0,470335674,306877,46,1538.0,1477.0
2013-05-18,1477.0,1477.0,1476.0,1534.0,110847700,75100,12,1537.0,1476.0
2013-05-19,1479.0,1479.0,1473.0,1526.0,294718289,200043,29,1534.0,1479.0
2013-05-20,1500.0,1587.0,1500.0,1551.0,1086916639,687411,40,1526.0,1563.0
2013-05-21,1530.0,1550.0,1501.0,1551.0,52812427,34359,26,1551.0,1550.0
2013-05-22,1520.0,1520.0,1505.0,1551.0,19742384,13048,7,1551.0,1518.0
2013-05-25,1489.0,1551.0,1489.0,1550.0,192375639,125383,24,1551.0,1525.0
2013-05-26,1587.0,1587.0,1499.0,1536.0,673483176,447871,80,1550.0,1499.0
2013-05-27,1500.0,1502.0,1483.0,1529.0,426103121,284158,38,1536.0,1500.0
2013-05-28,1519.0,1566.0,1493.0,1517.0,1916860180,1264987,128,1529.0,1530.0
2013-05-29,1577.0,1577.0,1577.0,1577.0,12598602536,7988968,221,1517.0,1577.0
2013-06-01,1640.0,1640.0,1514.0,1616.0,7757661230,4799173,323,1577.0,1600.0
2013-06-02,1600.0,1670.0,1600.0,1639.0,1725732788,1046818,172,1616.0,1652.0
2013-06-03,1699.0,1699.0,1574.0,1635.0,734894811,451763,96,1639.0,1600.0
2013-06-08,1620.0,1620.0,1570.0,1608.0,1314489049,828670,83,1635.0,1571.0
2013-06-09,1584.0,1584.0,1544.0,1605.0,126614798,81867,21,1608.0,1544.0
2013-06-10,1580.0,1620.0,1542.0,1597.0,1060756382,668448,95,1605.0,1590.0
2013-06-11,1571.0,1604.0,1553.0,1590.0,1127387218,712274,77,1597.0,1553.0
2013-06-12,1583.0,1587.0,1550.0,1585.0,520079981,331455,77,1590.0,1560.0
2013-06-15,1634.0,1648.0,1631.0,1646.0,8085506155,4911421,347,1585.0,1642.0
2013-06-16,1661.0,1699.0,1581.0,1635.0,1208732524,744616,95,1646.0,1634.0
2013-06-17,1634.0,1634.0,1570.0,1609.0,1063281591,674412,88,1635.0,1571.0
2013-06-18,1581.0,1635.0,1551.0,1604.0,547356903,345070,52,1609.0,1576.0
2013-06-19,1560.0,1585.0,1550.0,1588.0,861390076,552398,54,1604.0,1551.0
2013-06-22,1545.0,1590.0,1536.0,1578.0,793224110,509115,54,1588.0,1548.0
2013-06-23,1540.0,1579.0,1531.0,1568.0,947750030,610078,82,1578.0,1548.0
2013-06-25,1541.0,1608.0,1541.0,1569.0,466842609,296441,41,1568.0,1599.0
2013-06-26,1603.0,1631.0,1603.0,1631.0,41473737670,25428980,627,1569.0,1631.0
2013-06-29,1696.0,1696.0,1696.0,1696.0,53814972096,31730526,709,1631.0,1696.0
2013-06-30,1763.0,1763.0,1763.0,1763.0,61725107015,35011405,474,1696.0,1763.0
2013-07-01,1833.0,1833.0,1833.0,1833.0,82639714365,45084405,728,1763.0,1833.0
2013-07-02,1906.0,1906.0,1868.0,1905.0,156837750058,82318034,3139,1833.0,1906.0
2013-07-03,1929.0,1981.0,1870.0,1962.0,27634848517,14086885,775,1905.0,1981.0
2013-07-06,2040.0,2040.0,2040.0,2040.0,17546482680,8601217,285,1962.0,2040.0
2013-07-07,2121.0,2121.0,1959.0,2013.0,66886154224,33233236,1903,2040.0,1963.0
2013-07-08,1990.0,2000.0,1933.0,1945.0,40204254058,20670668,1265,2013.0,1950.0
2013-07-09,1950.0,1974.0,1868.0,1912.0,17344424783,9069585,949,1945.0,1872.0
2013-07-10,1900.0,1970.0,1838.0,1868.0,16693980727,8937945,809,1912.0,1841.0
2013-07-13,1860.0,1935.0,1815.0,1843.0,12347074561,6699950,927,1868.0,1849.0
2013-07-14,1850.0,1870.0,1812.0,1835.0,6558013644,3573141,665,1843.0,1821.0
2013-07-15,1885.0,1900.0,1835.0,1871.0,10837315843,5792774,665,1835.0,1871.0
2013-07-16,1898.0,1898.0,1802.0,1853.0,7945612872,4288596,625,1871.0,1869.0
2013-07-17,1880.0,1927.0,1850.0,1918.0,27725717659,14456440,683,1853.0,1927.0
2013-07-20,1990.0,1994.0,1927.0,1993.0,23855207535,11968942,746,1918.0,1994.0
2013-07-21,2000.0,2010.0,1914.0,1966.0,19414305062,9874721,1016,1993.0,1939.0
2013-07-22,1939.0,1950.0,1892.0,1919.0,12866634762,6705050,650,1966.0,1910.0
2013-07-23,1921.0,1970.0,1901.0,1939.0,8344081453,4302397,539,1919.0,1939.0
2013-07-24,1950.0,1950.0,1893.0,1916.0,13277198481,6930492,805,1939.0,1900.0
2013-07-27,1930.0,1945.0,1874.0,1897.0,5031179320,2652053,550,1916.0,1900.0
2013-07-28,1900.0,1930.0,1870.0,1910.0,4851828899,2539664,304,1897.0,1928.0
2013-07-29,1942.0,1986.0,1939.0,1979.0,14751699746,7455304,605,1910.0,1985.0
2013-07-31,2014.0,2058.0,1990.0,2050.0,23318670943,11375425,626,1979.0,2058.0
2013-08-03,2132.0,2132.0,2058.0,2130.0,66684677496,31310945,1190,2050.0,2132.0
2013-08-04,2150.0,2193.0,2103.0,2143.0,38023057866,17744337,1396,2130.0,2110.0
2013-08-05,2101.0,2170.0,2058.0,2082.0,20025867515,9617213,766,2143.0,2058.0
2013-08-06,2082.0,2134.0,2002.0,2081.0,9962980288,4786616,598,2082.0,2098.0
2013-08-07,2117.0,2160.0,2081.0,2128.0,19957863610,9379865,977,2081.0,2091.0
2013-08-11,2140.0,2159.0,2061.0,2085.0,9126462344,4377992,579,2128.0,2079.0
2013-08-12,2080.0,2082.0,2030.0,2049.0,12024891292,5869252,632,2085.0,2041.0
2013-08-13,2030.0,2089.0,2023.0,2052.0,11278520880,5497528,649,2049.0,2050.0
2013-08-14,2023.0,2060.0,2000.0,2030.0,12041429174,5932981,783,2052.0,2020.0
2013-08-17,2050.0,2089.0,2021.0,2043.0,10191690776,4987630,442,2030.0,2040.0
2013-08-18,2050.0,2050.0,1980.0,2000.0,16084516186,8040844,763,2043.0,2000.0
2013-08-19,2000.0,2043.0,1976.0,2014.0,4766652962,2366788,234,2000.0,2020.0
2013-08-20,2038.0,2038.0,1955.0,1988.0,3769945911,1896256,334,2014.0,1960.0
2013-08-21,1980.0,1980.0,1921.0,1946.0,6024849501,3095230,328,1988.0,1945.0
2013-08-24,1960.0,2023.0,1950.0,2015.0,7332372506,3638573,409,1946.0,2023.0
2013-08-25,2080.0,2080.0,2006.0,2047.0,3388089849,1654941,387,2015.0,2043.0
2013-08-26,2040.0,2040.0,1966.0,1977.0,7242239919,3663542,343,2047.0,1985.0
2013-08-27,1935.0,2030.0,1898.0,1950.0,6748726720,3460328,538,1977.0,1898.0
2013-08-28,1872.0,1872.0,1872.0,1872.0,3023455968,1615094,122,1950.0,1872.0
2013-08-31,1825.0,1923.0,1825.0,1863.0,3565361090,1913895,206,1872.0,1884.0
2013-09-01,1865.0,1937.0,1865.0,1932.0,5691520252,2946628,338,1863.0,1937.0
2013-09-03,1960.0,1960.0,1855.0,1877.0,2991385843,1593907,196,1932.0,1880.0
2013-09-04,1809.0,1852.0,1802.0,1803.0,4068860271,2256809,139,1877.0,1802.0
2013-09-07,1731.0,1780.0,1731.0,1732.0,4978644152,2873754,205,1803.0,1780.0
2013-09-08,1731.0,1801.0,1731.0,1790.0,2524484537,1407434,231,1732.0,1801.0
2013-09-09,1850.0,1859.0,1801.0,1818.0,1359476221,736177,126,1790.0,1840.0
2013-09-10,1884.0,1890.0,1883.0,1890.0,2834544470,1500106,78,1818.0,1890.0
2013-09-11,1965.0,1965.0,1932.0,1962.0,7507848843,3825930,221,1890.0,1963.0
2013-09-14,2000.0,2000.0,1903.0,1950.0,972372694,504719,108,1962.0,1919.0
2013-09-15,1940.0,1980.0,1910.0,1939.0,2982965192,1538112,263,1950.0,1941.0
2013-09-16,1905.0,1935.0,1882.0,1920.0,1869032218,978281,162,1939.0,1935.0
2013-09-17,1940.0,1990.0,1938.0,1940.0,1905321014,976899,191,1920.0,1950.0
2013-09-18,1978.0,2017.0,1945.0,2004.0,7310123715,3648574,321,1940.0,2017.0
2013-09-21,2071.0,2077.0,1999.0,2020.0,2080770834,1026317,193,2004.0,2003.0
2013-09-22,2001.0,2031.0,1944.0,1964.0,3845589553,1957605,539,2020.0,1960.0
2013-09-23,1960.0,1995.0,1945.0,1975.0,5010653259,2536571,310,1964.0,1980.0
2013-09-24,2000.0,2040.0,1992.0,2009.0,2923422321,1454242,297,1975.0,2028.0
2013-09-25,2023.0,2060.0,2000.0,2034.0,6658193570,3272847,286,2009.0,2040.0
2013-09-28,2115.0,2115.0,1987.0,2064.0,28700835393,13905706,868,2034.0,2071.0
2013-09-29,2072.0,2101.0,2061.0,2075.0,15076129642,7264733,637,2064.0,2079.0
2013-09-30,2070.0,2108.0,2070.0,2083.0,32032453369,15376928,892,2075.0,2100.0
2013-10-01,2101.0,2166.0,2101.0,2165.0,99551481279,45986169,1218,2083.0,2166.0
2013-10-02,2251.0,2251.0,2251.0,2251.0,32798344066,14570566,338,2165.0,2251.0
2013-10-05,2341.0,2341.0,2242.0,2316.0,103842553941,44844360,1920,2251.0,2282.0
2013-10-06,2278.0,2349.0,2245.0,2288.0,34822383268,15219862,1039,2316.0,2330.0
2013-10-07,2355.0,2379.0,2341.0,2378.0,62311011055,26208296,1017,2288.0,2379.0
2013-10-08,2400.0,2428.0,2290.0,2388.0,24590565099,10295905,706,2378.0,2420.0
2013-10-09,2390.0,2483.0,2390.0,2473.0,40048601193,16194863,900,2388.0,2452.0
2013-10-12,2500.0,2500.0,2392.0,2419.0,29872403209,12347849,907,2473.0,2400.0
2013-10-13,2439.0,2439.0,2323.0,2345.0,22400855025,9553751,813,2419.0,2324.0
2013-10-14,2270.0,2360.0,2270.0,2312.0,16472819789,7125636,573,2345.0,2300.0
2013-10-15,2379.0,2400.0,2350.0,2380.0,14991746165,6299486,663,2312.0,2380.0
2013-10-19,2475.0,2475.0,2475.0,2475.0,14762001375,5964445,261,2380.0,2475.0
2013-10-20,2574.0,2574.0,2410.0,2554.0,66941038546,26208846,2088,2475.0,2574.0
2013-10-21,2615.0,2656.0,2574.0,2650.0,34852514598,13150836,1161,2554.0,2650.0
2013-10-22,2720.0,2720.0,2544.0,2634.0,23618160973,8967937,884,2650.0,2648.0
2013-10-23,2650.0,2698.0,2580.0,2620.0,12720945313,4856051,926,2634.0,2590.0
2013-10-26,2600.0,2692.0,2540.0,2607.0,22151336351,8497992,1153,2620.0,2570.0
2013-10-27,2600.0,2600.0,2503.0,2553.0,17933177557,7024161,796,2607.0,2550.0
2013-10-28,2599.0,2655.0,2540.0,2631.0,20120677211,7648702,956,2553.0,2654.0
2013-10-29,2720.0,2720.0,2630.0,2674.0,10626487035,3974638,629,2631.0,2656.0
2013-10-30,2680.0,2734.0,2630.0,2681.0,14922789829,5565123,790,2674.0,2675.0
2013-11-02,2689.0,2690.0,2600.0,2634.0,8396589514,3187625,618,2681.0,2610.0
2013-11-03,2641.0,2641.0,2540.0,2564.0,9004537177,3512332,575,2634.0,2540.0
2013-11-04,2500.0,2600.0,2470.0,2541.0,5958493381,2345087,437,2564.0,2540.0
2013-11-05,2500.0,2642.0,2500.0,2629.0,8050643958,3061953,390,2541.0,2642.0
2013-11-06,2666.0,2734.0,2621.0,2721.0,15619611473,5741424,570,2629.0,2700.0
2013-11-09,2800.0,2800.0,2700.0,2740.0,9798057134,3576056,394,2721.0,2700.0
2013-11-10,2740.0,2801.0,2654.0,2688.0,11450549110,4260282,425,2740.0,2780.0
2013-11-11,2700.0,2779.0,2650.0,2719.0,7776534306,2860193,288,2688.0,2650.0
2013-11-12,2650.0,2740.0,2620.0,2678.0,10844524014,4048965,384,2719.0,2715.0
2013-11-16,2719.0,2719.0,2649.0,2690.0,5391219396,2004469,362,2678.0,2682.0
2013-11-17,2700.0,2700.0,2628.0,2665.0,4559964713,1711079,342,2690.0,2630.0
2013-11-18,2668.0,2668.0,2620.0,2648.0,6536119551,2468624,351,2665.0,2650.0
2013-11-19,2670.0,2699.0,2650.0,2676.0,7855512979,2935953,308,2648.0,2690.0
2013-11-20,2691.0,2783.0,2661.0,2725.0,17282944582,6342481,481,2676.0,2783.0
2013-11-23,2805.0,2834.0,2750.0,2831.0,13874934205,4900267,237,2725.0,2834.0
2013-11-24,2944.0,2944.0,2944.0,2944.0,16398857216,5570264,145,2831.0,2944.0
2013-11-25,3061.0,3061.0,2944.0,3060.0,65854352775,21523217,960,2944.0,2980.0
2013-11-26,3050.0,3050.0,2950.0,2984.0,10447785438,3500705,492,3060.0,2962.0
2013-11-27,2995.0,3001.0,2927.0,2956.0,17477633201,5913426,551,2984.0,3001.0
2013-11-30,2999.0,3046.0,2920.0,2997.0,11765424716,3926348,483,2956.0,3000.0
2013-12-01,3039.0,3050.0,2920.0,2939.0,15961884593,5430572,721,2997.0,2930.0
2013-12-02,2890.0,2920.0,2851.0,2871.0,10238813777,3566482,343,2939.0,2886.0
2013-12-03,2900.0,2985.0,2850.0,2966.0,21603410337,7284795,419,2871.0,2980.0
2013-12-04,3049.0,3049.0,2900.0,2951.0,7896399106,2675571,242,2966.0,2949.0
2013-12-07,2990.0,3000.0,2950.0,2967.0,6576730709,2216905,332,2951.0,3000.0
2013-12-08,2982.0,3085.0,2982.0,3073.0,16478826635,5362230,296,2967.0,3085.0
2013-12-09,3195.0,3195.0,3195.0,3195.0,8184177810,2561558,101,3073.0,3195.0
2013-12-10,3322.0,3322.0,3075.0,3312.0,49877180133,15061213,976,3195.0,3322.0
2013-12-11,3330.0,3444.0,3290.0,3404.0,13879322848,4077092,343,3312.0,3444.0
2013-12-14,3390.0,3534.0,3300.0,3479.0,15937498108,4580451,437,3404.0,3470.0
2013-12-15,3498.0,3618.0,3498.0,3607.0,18223664051,5052861,600,3479.0,3618.0
2013-12-16,3748.0,3751.0,3610.0,3728.0,21202375132,5687011,608,3607.0,3731.0
2013-12-17,3725.0,3725.0,3579.0,3604.0,13182230079,3657843,495,3728.0,3580.0
2013-12-18,3540.0,3748.0,3470.0,3735.0,29235532458,7827634,511,3604.0,3693.0
2013-12-21,3693.0,3749.0,3586.0,3594.0,13310314266,3703879,366,3735.0,3590.0
2013-12-22,3454.0,3730.0,3454.0,3553.0,6616226395,1862302,233,3594.0,3680.0
2013-12-24,3565.0,3695.0,3565.0,3678.0,5567960328,1513830,155,3553.0,3695.0
2013-12-25,3800.0,3800.0,3581.0,3696.0,7240962236,1959072,253,3678.0,3600.0
2013-12-28,3600.0,3738.0,3549.0,3587.0,4988687100,1393993,188,3696.0,3560.0
2013-12-29,3550.0,3690.0,3491.0,3570.0,7696913774,2155947,222,3587.0,3533.0
2013-12-30,3462.0,3600.0,3462.0,3522.0,9338060920,2651000,284,3570.0,3600.0
2014-01-01,3590.0,3630.0,3424.0,3540.0,7941126109,2243186,257,3522.0,3500.0
2014-01-04,3647.0,3648.0,3450.0,3533.0,11710078265,3314364,304,3540.0,3450.0
2014-01-05,3570.0,3600.0,3460.0,3549.0,6900628288,1944638,208,3533.0,3500.0
2014-01-06,3461.0,3580.0,3461.0,3527.0,8205597469,2326576,256,3549.0,3548.0
2014-01-07,3480.0,3655.0,3450.0,3554.0,10714567328,3015089,292,3527.0,3450.0
2014-01-08,3452.0,3696.0,3452.0,3627.0,10425118003,2874095,271,3554.0,3550.0
2014-01-11,3627.0,3627.0,3534.0,3551.0,4781386998,1349698,251,3627.0,3536.0
2014-01-12,3600.0,3600.0,3409.0,3468.0,3502464847,1021562,142,3551.0,3440.0
2014-01-13,3537.0,3605.0,3512.0,3528.0,4270233245,1205369,156,3468.0,3515.0
2014-01-14,3587.0,3593.0,3450.0,3503.0,4261794593,1218424,179,3528.0,3500.0
2014-01-15,3580.0,3580.0,3408.0,3468.0,4213398295,1217920,199,3503.0,3569.0
2014-01-18,3500.0,3520.0,3366.0,3456.0,1902414979,553885,131,3468.0,3420.0
2014-01-20,3358.0,3420.0,3318.0,3333.0,13846391612,4154566,261,3456.0,3340.0
2014-01-21,3360.0,3466.0,3200.0,3348.0,1477161054,436551,118,3333.0,3210.0
2014-01-22,3299.0,3299.0,3215.0,3216.0,6409571633,1993017,179,3348.0,3217.0
2014-01-25,3160.0,3344.0,3160.0,3272.0,2439501801,732615,149,3216.0,3304.0
2014-01-26,3384.0,3402.0,3150.0,3361.0,15994483518,4758275,384,3272.0,3270.0
2014-01-27,3231.0,3299.0,3227.0,3228.0,7589149637,2350748,221,3361.0,3230.0
2014-01-28,3286.0,3357.0,3254.0,3300.0,3502293108,1051339,152,3228.0,3340.0
2014-01-29,3428.0,3432.0,3419.0,3432.0,19232081036,5604217,314,3300.0,3432.0
2014-02-01,3530.0,3540.0,3501.0,3518.0,8377924793,2381286,255,3432.0,3540.0
2014-02-02,3540.0,3540.0,3389.0,3501.0,1384406621,400760,90,3518.0,3393.0
2014-02-03,3363.0,3493.0,3361.0,3454.0,1895040210,561387,110,3501.0,3399.0
2014-02-04,3330.0,3449.0,3330.0,3437.0,1101453216,326134,87,3454.0,3400.0
2014-02-05,3300.0,3330.0,3300.0,3300.0,8154669650,2471049,132,3437.0,3300.0
2014-02-08,3168.0,3200.0,3168.0,3255.0,1679192414,529186,55,3300.0,3168.0
2014-02-09,3125.0,3255.0,3125.0,3167.0,4663374276,1473241,210,3255.0,3125.0
2014-02-10,3214.0,3271.0,3041.0,3103.0,2740176658,895307,131,3167.0,3041.0
2014-02-12,2979.0,2979.0,2979.0,3096.0,266531130,89470,13,3103.0,2979.0
2014-02-15,2973.0,3219.0,2973.0,3081.0,2333159117,760733,75,3096.0,3081.0
2014-02-16,2999.0,3204.0,2999.0,3101.0,1475847405,469449,93,3081.0,3121.0
2014-02-17,3209.0,3225.0,3102.0,3182.0,3926854470,1227207,185,3101.0,3180.0
2014-02-18,3197.0,3197.0,3055.0,3162.0,949452261,307950,101,3182.0,3137.0
2014-02-19,3100.0,3199.0,3100.0,3161.0,930782855,294716,90,3162.0,3161.0
2014-02-22,3287.0,3287.0,3192.0,3260.0,23387014934,7174546,253,3161.0,3192.0
2014-02-23,3345.0,3350.0,3215.0,3299.0,4679509871,1417309,238,3260.0,3298.0
2014-02-24,3306.0,3340.0,3261.0,3313.0,5290125845,1596799,219,3299.0,3311.0
2014-02-25,3320.0,3320.0,3200.0,3262.0,5405120537,1657002,289,3313.0,3269.0
2014-03-04,2604.0,2700.0,2604.0,2639.0,4996896476,1893722,161,2712.0,2639.0
2014-03-05,2651.0,2738.0,2600.0,2670.0,4259245205,1595002,202,2639.0,2600.0
2014-03-08,2593.0,2698.0,2565.0,2648.0,1305721012,501577,91,2670.0,2625.0
2014-03-09,2654.0,2654.0,2543.0,2607.0,1482129580,582680,102,2648.0,2543.0
2014-03-10,2503.0,2600.0,2503.0,2591.0,615903878,245596,72,2607.0,2529.0
2014-03-11,2500.0,2500.0,2488.0,2562.0,1050785212,422149,50,2591.0,2488.0
2014-03-12,2460.0,2640.0,2460.0,2566.0,1501049360,583745,192,2562.0,2566.0
2014-03-15,2580.0,2650.0,2559.0,2611.0,6801302702,2605316,159,2566.0,2559.0
2014-03-16,2640.0,2705.0,2580.0,2636.0,2737511075,1034372,139,2611.0,2670.0
2014-03-17,2735.0,2741.0,2661.0,2741.0,9331519669,3404848,161,2636.0,2741.0
2014-03-18,2750.0,2850.0,2750.0,2844.0,9455911606,3324683,274,2741.0,2833.0
2014-03-19,2895.0,2957.0,2880.0,2921.0,11415321391,3908366,419,2844.0,2880.0
2014-03-25,2951.0,3000.0,2820.0,2936.0,1882268975,636719,82,2921.0,2825.0
2014-03-26,2935.0,2935.0,2819.0,2917.0,1993402820,688457,78,2936.0,2819.0
2014-03-29,2918.0,2950.0,2801.0,2888.0,2869280555,998795,94,2917.0,2897.0
2014-03-30,2781.0,2929.0,2780.0,2891.0,1109444673,382849,115,2888.0,2899.0
2014-03-31,2950.0,2989.0,2840.0,2905.0,1707747893,583462,85,2891.0,2890.0
2014-04-05,2803.0,2900.0,2789.0,2867.0,1403876971,502689,73,2905.0,2789.0
2014-04-06,2884.0,2884.0,2753.0,2861.0,200734044,72898,15,2867.0,2753.0
2014-04-07,2747.0,2747.0,2747.0,2860.0,40347936,14688,8,2861.0,2747.0
2014-04-08,2746.0,2860.0,2746.0,2782.0,8608304664,3094526,224,2860.0,2770.0
2014-04-09,2766.0,2766.0,2671.0,2745.0,1756115967,651417,92,2782.0,2746.0
2014-04-12,2798.0,2800.0,2636.0,2678.0,2469437813,936368,112,2745.0,2657.0
2014-04-13,2572.0,2783.0,2571.0,2577.0,10113282319,3923941,191,2678.0,2571.0
2014-04-14,2580.0,2580.0,2474.0,2527.0,1825431032,737566,71,2577.0,2500.0
2014-04-15,2534.0,2534.0,2426.0,2437.0,3944260476,1618322,153,2527.0,2427.0
2014-04-16,2534.0,2534.0,2435.0,2450.0,1381011813,558861,112,2437.0,2452.0
2014-04-19,2500.0,2546.0,2440.0,2477.0,1964238550,785214,104,2450.0,2450.0
2014-04-20,2548.0,2576.0,2469.0,2503.0,1552790711,610945,101,2477.0,2550.0
2014-04-21,2575.0,2603.0,2500.0,2513.0,752399057,294686,72,2503.0,2590.0
2014-04-22,2600.0,2610.0,2506.0,2538.0,1470796831,570421,92,2513.0,2599.0
2014-04-23,2610.0,2639.0,2561.0,2629.0,9720322080,3696723,140,2538.0,2639.0
2014-04-26,2733.0,2734.0,2733.0,2734.0,6322892336,2312749,127,2629.0,2734.0
2014-04-27,2842.0,2842.0,2680.0,2771.0,4171082758,1505482,123,2734.0,2755.0
2014-04-28,2714.0,2748.0,2695.0,2758.0,1082757418,397514,58,2771.0,2737.0
2014-04-29,2666.0,2750.0,2648.0,2730.0,1373776708,513219,130,2758.0,2648.0
2014-04-30,2640.0,2760.0,2640.0,2729.0,66488279,24730,11,2730.0,2700.0
2014-05-03,2631.0,2728.0,2620.0,2715.0,586994941,222851,63,2729.0,2728.0
2014-05-04,2650.0,2738.0,2607.0,2687.0,1628005649,615323,93,2715.0,2608.0
2014-05-05,2700.0,2700.0,2602.0,2682.0,2395915876,894376,99,2687.0,2700.0
2014-05-06,2744.0,2744.0,2611.0,2679.0,313417086,118659,42,2682.0,2650.0
2014-05-07,2680.0,2680.0,2616.0,2664.0,1527314634,578236,153,2679.0,2670.0
2014-05-10,2680.0,2700.0,2610.0,2661.0,589185954,222874,60,2664.0,2636.0
2014-05-11,2630.0,2690.0,2603.0,2654.0,1296057652,490798,121,2661.0,2617.0
2014-05-12,2566.0,2649.0,2566.0,2644.0,1164762021,444498,113,2654.0,2630.0
2014-05-14,2650.0,2700.0,2557.0,2659.0,4055047920,1525086,160,2644.0,2668.0
2014-05-17,2699.0,2700.0,2612.0,2655.0,827055729,313050,71,2659.0,2657.0
2014-05-18,2600.0,2700.0,2572.0,2674.0,2957777326,1103221,109,2655.0,2622.0
2014-05-19,2680.0,2680.0,2568.0,2662.0,532053078,205640,75,2674.0,2620.0
2014-05-20,2661.0,2661.0,2585.0,2653.0,860227966,328301,195,2662.0,2644.0
2014-05-21,2650.0,2750.0,2547.0,2699.0,5955464473,2206463,214,2653.0,2680.0
2014-05-24,2699.0,2700.0,2655.0,2688.0,2713284783,1011504,164,2699.0,2699.0
2014-05-25,2635.0,2678.0,2608.0,2684.0,425924250,160510,67,2688.0,2629.0
2014-05-26,2690.0,2700.0,2621.0,2681.0,1100269258,411459,97,2684.0,2670.0
2014-05-28,2650.0,2700.0,2593.0,2663.0,4064375374,1526492,148,2681.0,2687.0
2014-05-31,2680.0,2680.0,2602.0,2658.0,815476788,309246,62,2663.0,2602.0
2014-06-01,2600.0,2647.0,2552.0,2582.0,2830283008,1107853,158,2658.0,2570.0
2014-06-02,2485.0,2597.0,2480.0,2572.0,1390159460,544372,84,2582.0,2560.0
2014-06-03,2650.0,2660.0,2542.0,2574.0,275117755,105931,31,2572.0,2629.0
2014-06-07,2503.0,2640.0,2503.0,2574.0,67011820,26190,12,2574.0,2600.0
2014-06-08,2502.0,2593.0,2502.0,2573.0,149829530,58791,20,2574.0,2585.0
2014-06-09,2590.0,2590.0,2471.0,2565.0,1296706622,508771,82,2573.0,2560.0
2014-06-10,2500.0,2598.0,2500.0,2562.0,276418095,109772,41,2565.0,2572.0
2014-06-11,2463.0,2587.0,2463.0,2557.0,564188132,222972,36,2562.0,2558.0
2014-06-14,2461.0,2580.0,2455.0,2540.0,790387309,319178,79,2557.0,2549.0
2014-06-15,2590.0,2590.0,2439.0,2527.0,487285673,199753,51,2540.0,2485.0
2014-06-16,2550.0,2570.0,2451.0,2525.0,340910787,136057,23,2527.0,2500.0
2014-06-17,2550.0,2550.0,2424.0,2518.0,426666462,173161,34,2525.0,2537.0
2014-06-18,2550.0,2579.0,2451.0,2520.0,389741832,153700,54,2518.0,2579.0
2014-06-21,2588.0,2588.0,2461.0,2522.0,693174002,273987,26,2520.0,2539.0
2014-06-22,2550.0,2617.0,2500.0,2556.0,2651952564,1031457,155,2522.0,2616.0
2014-06-23,2616.0,2658.0,2530.0,2634.0,6851268118,2601249,286,2556.0,2658.0
2014-06-24,2605.0,2739.0,2605.0,2726.0,4839734004,1775220,199,2634.0,2739.0
2014-06-25,2760.0,2819.0,2706.0,2774.0,4597650217,1657415,229,2726.0,2798.0
2014-06-28,2795.0,2850.0,2683.0,2773.0,6418779457,2314798,269,2774.0,2850.0
2014-06-29,2702.0,2844.0,2701.0,2768.0,599218769,218575,76,2773.0,2715.0
2014-06-30,2713.0,2780.0,2664.0,2752.0,2093579677,764881,79,2768.0,2665.0
2014-07-01,2663.0,2860.0,2663.0,2833.0,5350918680,1888803,196,2752.0,2860.0
2014-07-02,2872.0,2945.0,2872.0,2906.0,3176758769,1082858,160,2833.0,2929.0
2014-07-05,2921.0,3000.0,2900.0,2972.0,8230860536,2769061,269,2906.0,2929.0
2014-07-06,2920.0,2920.0,2854.0,2936.0,1742047142,604164,131,2972.0,2854.0
2014-07-07,2819.0,2919.0,2819.0,2886.0,2582073964,904936,125,2936.0,2821.0
2014-07-08,2929.0,2998.0,2840.0,2959.0,15072292837,5093290,427,2886.0,2980.0
2014-07-09,2958.0,3077.0,2958.0,3055.0,35639234167,11664095,818,2959.0,3050.0
2014-07-12,3030.0,3150.0,3030.0,3088.0,3208432569,1033998,125,3055.0,3130.0
2014-07-23,3211.0,3211.0,3211.0,3211.0,19126042143,5956413,139,3088.0,3211.0
2014-07-26,3339.0,3339.0,3234.0,3331.0,101279162567,30409034,1621,3211.0,3290.0
2014-07-27,3297.0,3327.0,3220.0,3257.0,18087767884,5553415,431,3331.0,3241.0
2014-07-28,3260.0,3266.0,3210.0,3238.0,4839170553,1494543,214,3257.0,3210.0
2014-08-02,3161.0,3199.0,3130.0,3166.0,7430813733,2347141,223,3238.0,3141.0
2014-08-03,3170.0,3194.0,3100.0,3165.0,5742056565,1814190,165,3166.0,3188.0
2014-08-04,3250.0,3250.0,3150.0,3204.0,5507335065,1718746,170,3165.0,3171.0
2014-08-05,3199.0,3199.0,3144.0,3186.0,1748698580,554290,125,3204.0,3161.0
2014-08-06,3140.0,3180.0,3140.0,3172.0,1800488094,571893,84,3186.0,3159.0
2014-08-09,3219.0,3219.0,3070.0,3102.0,9088218928,2929876,212,3172.0,3073.0
2014-08-10,3073.0,3119.0,3073.0,3099.0,11956887870,3857828,363,3102.0,3114.0
2014-08-11,3101.0,3170.0,3101.0,3144.0,5629889158,1790729,219,3099.0,3170.0
2014-08-12,3180.0,3180.0,3136.0,3151.0,3064194173,971074,221,3144.0,3150.0
2014-08-13,3110.0,3155.0,3090.0,3141.0,2528816050,807155,161,3151.0,3152.0
2014-08-16,3150.0,3155.0,3100.0,3133.0,1767720049,566502,238,3141.0,3110.0
2014-08-17,3140.0,3140.0,3080.0,3117.0,2598822670,837203,269,3133.0,3127.0
2014-08-18,3150.0,3150.0,3080.0,3117.0,1984259068,636569,237,3117.0,3090.0
2014-08-19,3146.0,3155.0,3081.0,3112.0,2478657956,797507,235,3117.0,3090.0
2014-08-20,3081.0,3118.0,3076.0,3107.0,2687058268,865884,241,3112.0,3080.0
2014-08-23,3149.0,3149.0,3051.0,3112.0,2145132447,688236,235,3107.0,3090.0
2014-08-24,3120.0,3120.0,3083.0,3103.0,2535566278,818992,290,3112.0,3089.0
2014-08-25,3139.0,3139.0,3083.0,3101.0,1640621384,529724,162,3103.0,3120.0
2014-08-26,3128.0,3140.0,3070.0,3103.0,3699757539,1192004,230,3101.0,3090.0
2014-08-27,3138.0,3138.0,3083.0,3105.0,1885762334,606901,196,3103.0,3110.0
2014-08-30,3129.0,3129.0,3052.0,3102.0,2338012449,754654,309,3105.0,3097.0
2014-08-31,3100.0,3125.0,3000.0,3101.0,2150083431,693429,247,3102.0,3100.0
2014-09-01,3109.0,3110.0,3006.0,3091.0,2497187149,810235,260,3101.0,3080.0
2014-09-02,3121.0,3121.0,3051.0,3091.0,1064870508,344335,157,3091.0,3051.0
2014-09-03,3119.0,3119.0,3040.0,3091.0,1152794297,372966,177,3091.0,3096.0
2014-09-06,3109.0,3109.0,3000.0,3081.0,2659003207,864968,371,3091.0,3078.0
2014-09-07,3118.0,3118.0,2980.0,3076.0,1389673997,453298,259,3081.0,3065.0
2014-09-08,3100.0,3100.0,2986.0,3068.0,2612454571,853095,392,3076.0,3077.0
2014-09-09,3097.0,3099.0,3010.0,3056.0,2827808980,927741,246,3068.0,3059.0
2014-09-10,3090.0,3090.0,3002.0,3054.0,1811499730,593894,276,3056.0,3010.0
2014-09-13,3075.0,3075.0,3003.0,3040.0,1735649096,574987,200,3054.0,3019.0
2014-09-14,3068.0,3079.0,3004.0,3046.0,1818614216,595320,175,3040.0,3050.0
2014-09-15,3080.0,3155.0,3052.0,3090.0,2491091918,796058,285,3046.0,3127.0
2014-09-16,3150.0,3150.0,3090.0,3106.0,4472054648,1439496,225,3090.0,3109.0
2014-09-17,3177.0,3200.0,3120.0,3126.0,1583495390,499984,201,3106.0,3149.0
2014-09-20,3200.0,3200.0,3100.0,3136.0,1459181114,461883,160,3126.0,3150.0
2014-09-21,3198.0,3198.0,3110.0,3145.0,1271876392,401326,137,3136.0,3157.0
2014-09-22,3196.0,3196.0,3150.0,3153.0,1328069366,418669,140,3145.0,3180.0
2014-09-23,3195.0,3195.0,3150.0,3159.0,1712371874,540027,122,3153.0,3157.0
2014-09-24,3200.0,3200.0,3179.0,3166.0,1028927034,322538,143,3159.0,3179.0
2014-09-27,3116.0,3116.0,3056.0,3154.0,636303312,206743,47,3166.0,3063.0
2014-09-28,3104.0,3131.0,3065.0,3144.0,941355109,303293,82,3154.0,3100.0
2014-09-29,3105.0,3106.0,3100.0,3137.0,751307670,242240,58,3144.0,3105.0
2014-09-30,3111.0,3130.0,3104.0,3134.0,1704583070,545022,42,3137.0,3120.0
2014-10-01,3110.0,3255.0,3104.0,3187.0,5963608025,1871225,102,3134.0,3120.0
2014-10-04,3130.0,3200.0,3110.0,3185.0,192237595,61441,26,3187.0,3193.0
2014-10-06,3190.0,3190.0,3100.0,3175.0,662934484,213003,55,3185.0,3169.0
2014-10-07,3169.0,3179.0,3116.0,3171.0,462499249,147708,17,3175.0,3123.0
2014-10-08,3112.0,3167.0,3109.0,3161.0,968071128,309820,79,3171.0,3160.0
2014-10-11,3164.0,3164.0,3110.0,3160.0,13377657855,4233134,504,3161.0,3159.0
2014-10-12,3183.0,3184.0,3150.0,3161.0,537492310,169402,83,3160.0,3180.0
2014-10-14,3185.0,3200.0,3170.0,3169.0,1361155366,426666,95,3161.0,3190.0
2014-10-15,3248.0,3285.0,3232.0,3255.0,5819775622,1788176,293,3169.0,3232.0
2014-10-18,3278.0,3278.0,3160.0,3236.0,1816000151,566439,181,3255.0,3178.0
2014-10-19,3270.0,3280.0,3169.0,3245.0,29318310157,9035540,267,3236.0,3280.0
2014-10-20,3290.0,3374.0,3270.0,3334.0,15850925168,4753878,468,3245.0,3299.0
2014-10-21,3335.0,3380.0,3270.0,3323.0,3227549367,973091,159,3334.0,3313.0
2014-10-22,3338.0,3338.0,3284.0,3308.0,3575363866,1082672,173,3323.0,3300.0
2014-10-25,3345.0,3440.0,3260.0,3424.0,55140080775,16105158,1060,3308.0,3405.0
2014-10-26,3449.0,3490.0,3360.0,3407.0,9460670653,2776714,491,3424.0,3400.0
2014-10-27,3400.0,3439.0,3360.0,3402.0,8955852257,2632485,549,3407.0,3374.0
2014-10-28,3421.0,3433.0,3300.0,3360.0,4685518019,1396018,374,3402.0,3350.0
2014-10-29,3400.0,3400.0,3330.0,3360.0,5708383799,1698903,324,3360.0,3349.0
2014-11-01,3385.0,3494.0,3360.0,3482.0,73985586793,21245964,2730,3360.0,3494.0
2014-11-02,3481.0,3560.0,3402.0,3481.0,5146292769,1478312,994,3482.0,3419.0
2014-11-05,3487.0,3559.0,3450.0,3532.0,7702193085,2180650,584,3481.0,3539.0
2014-11-08,3547.0,3547.0,3470.0,3506.0,8796748478,2509336,379,3532.0,3500.0
2014-11-09,3431.0,3600.0,3431.0,3522.0,11331500556,3217224,316,3506.0,3509.0
2014-11-10,3550.0,3560.0,3507.0,3522.0,3313055245,940729,118,3522.0,3520.0
2014-11-11,3590.0,3590.0,3440.0,3504.0,3442268154,985056,135,3522.0,3480.0
2014-11-12,3520.0,3520.0,3465.0,3491.0,7177316906,2055764,218,3504.0,3510.0
2014-11-15,3518.0,3518.0,3363.0,3444.0,5270667681,1530345,224,3491.0,3403.0
2014-11-16,3470.0,3500.0,3358.0,3450.0,2267028807,655744,276,3444.0,3370.0
2014-11-17,3500.0,3500.0,3383.0,3440.0,1222594124,358935,179,3450.0,3418.0
2014-11-18,3479.0,3479.0,3340.0,3416.0,2041555844,604011,140,3440.0,3400.0
2014-11-19,3345.0,3400.0,3345.0,3409.0,1010074017,298557,68,3416.0,3381.0
2014-11-22,3439.0,3439.0,3370.0,3401.0,1535589182,453909,106,3409.0,3371.0
2014-11-23,3405.0,3524.0,3361.0,3441.0,5623334684,1634383,239,3401.0,3429.0
2014-11-24,3500.0,3500.0,3400.0,3440.0,4072074857,1183781,242,3441.0,3449.0
2014-11-25,3419.0,3419.0,3304.0,3372.0,2771008216,835020,188,3440.0,3330.0
2014-11-26,3447.0,3447.0,3300.0,3368.0,4482472792,1331209,165,3372.0,3379.0
2014-11-29,3494.0,3494.0,3234.0,3304.0,5628703678,1703469,262,3368.0,3269.0
2014-11-30,3350.0,3350.0,3172.0,3211.0,4415008376,1378533,187,3304.0,3173.0
2014-12-01,3171.0,3220.0,3083.0,3145.0,4305180865,1371562,170,3211.0,3180.0
2014-12-02,3200.0,3269.0,3150.0,3163.0,1725171020,539854,95,3145.0,3191.0
2014-12-03,3239.0,3239.0,3123.0,3161.0,985567216,312376,84,3163.0,3164.0
2014-12-06,3225.0,3225.0,3050.0,3139.0,1817346873,585238,169,3161.0,3068.0
2014-12-07,3100.0,3110.0,3061.0,3123.0,1360889041,441242,74,3139.0,3110.0
2014-12-08,3170.0,3239.0,3140.0,3153.0,33039577096,10478456,89,3123.0,3237.0
2014-12-09,3220.0,3247.0,3154.0,3155.0,442977715,139382,59,3153.0,3198.0
2014-12-10,3200.0,3237.0,3150.0,3155.0,129546474,40887,29,3155.0,3180.0
2014-12-14,3237.0,3237.0,3029.0,3054.0,6614351968,2165853,147,3155.0,3029.0
2014-12-15,3050.0,3070.0,2932.0,3000.0,3475428739,1164566,200,3054.0,3000.0
2014-12-16,2902.0,3100.0,2902.0,3021.0,1317660376,428816,60,3000.0,3059.0
2014-12-17,2957.0,3080.0,2957.0,3050.0,30487182823,9995772,1041,3021.0,3060.0
2014-12-20,3050.0,3140.0,3020.0,3068.0,2809734910,912308,155,3050.0,3080.0
2014-12-22,3140.0,3158.0,3140.0,3079.0,623582489,197989,67,3068.0,3157.0
2014-12-24,3190.0,3190.0,3086.0,3081.0,445063240,143572,46,3079.0,3100.0
2014-12-27,3125.0,3125.0,3081.0,3082.0,378150940,122104,67,3081.0,3100.0
2014-12-28,3184.0,3184.0,3145.0,3090.0,438355615,138372,59,3082.0,3179.0
2014-12-29,3180.0,3180.0,3150.0,3095.0,327874366,103851,27,3090.0,3150.0
2014-12-30,3184.0,3185.0,3024.0,3097.0,427437240,136967,66,3095.0,3160.0
2014-12-31,3159.0,3159.0,3097.0,3098.0,338852665,109108,60,3097.0,3139.0
2015-01-03,3159.0,3188.0,3095.0,3101.0,508353736,162479,71,3098.0,3120.0
2015-01-04,3121.0,3140.0,3081.0,3101.0,172693975,55636,54,3101.0,3090.0
2015-01-05,3140.0,3140.0,3090.0,3102.0,243782218,78338,53,3101.0,3106.0
2015-01-06,3138.0,3161.0,2978.0,3060.0,2755435909,908645,88,3102.0,3106.0
2015-01-07,3118.0,3130.0,3020.0,3061.0,891236481,290735,44,3060.0,3055.0
2015-01-10,3095.0,3100.0,2950.0,3050.0,901422543,299948,156,3061.0,2950.0
2015-01-11,3078.0,3089.0,3000.0,3044.0,1359221227,448765,212,3050.0,3079.0
2015-01-12,3130.0,3130.0,3070.0,3048.0,332282454,107390,54,3044.0,3070.0
2015-01-13,3129.0,3129.0,3053.0,3049.0,205015519,66674,56,3048.0,3077.0
2015-01-14,3120.0,3120.0,3092.0,3057.0,641356360,206293,89,3049.0,3113.0
2015-01-17,3106.0,3130.0,3106.0,3063.0,471952740,151226,58,3057.0,3115.0
2015-01-18,3120.0,3130.0,3060.0,3065.0,415826741,134828,33,3063.0,3100.0
2015-01-19,3127.0,3127.0,2951.0,3062.0,327248205,108140,24,3065.0,3060.0
2015-01-20,3127.0,3127.0,2987.0,3062.0,67854550,22000,12,3062.0,3097.0
2015-01-21,3117.0,3117.0,2987.0,3060.0,215783538,71598,56,3062.0,3050.0
2015-01-24,3090.0,3098.0,2990.0,3058.0,227446320,75104,62,3060.0,3058.0
2015-01-25,3076.0,3077.0,3031.0,3058.0,220176417,72159,40,3058.0,3031.0
2015-01-26,3057.0,3074.0,2991.0,3054.0,916998237,301763,72,3058.0,3073.0
2015-01-27,3109.0,3115.0,3001.0,3054.0,511403735,167221,34,3054.0,3050.0
2015-01-28,3092.0,3120.0,3060.0,3062.0,837128979,270048,79,3054.0,3100.0
2015-01-31,3129.0,3130.0,3090.0,3070.0,746480349,239977,52,3062.0,3100.0
2015-02-01,3127.0,3128.0,3033.0,3065.0,1126639639,369594,44,3070.0,3033.0
2015-02-02,3111.0,3120.0,3050.0,3065.0,146807005,47739,25,3065.0,3090.0
2015-02-03,3110.0,3110.0,3060.0,3066.0,223114740,72327,32,3065.0,3090.0
2015-02-04,3117.0,3119.0,3070.0,3069.0,695265327,225126,58,3066.0,3100.0
2015-02-07,3110.0,3110.0,3083.0,3074.0,1015539533,328305,79,3069.0,3108.0
2015-02-08,3118.0,3118.0,3076.0,3076.0,542310960,175384,63,3074.0,3095.0
2015-02-09,3100.0,3100.0,3001.0,3073.0,476909837,156385,50,3076.0,3070.0
2015-02-10,3100.0,3100.0,2951.0,2972.0,4364715468,1469401,198,3073.0,3040.0
2015-02-14,3084.0,3084.0,3010.0,2974.0,125736009,41122,19,2972.0,3048.0
2015-02-15,3067.0,3067.0,3001.0,2977.0,166260694,54463,34,2974.0,3045.0
2015-02-16,3048.0,3048.0,3000.0,2984.0,553507390,182573,38,2977.0,3043.0
2015-02-17,3047.0,3103.0,3047.0,3052.0,2917603793,943814,176,2984.0,3103.0
2015-02-18,3174.0,3174.0,3131.0,3168.0,5621828074,1774459,201,3052.0,3173.0
2015-02-21,3173.0,3290.0,3130.0,3193.0,2273460573,708313,160,3168.0,3238.0
2015-02-22,3294.0,3294.0,3111.0,3190.0,1586381185,498136,131,3193.0,3175.0
2015-02-23,3198.0,3198.0,3136.0,3178.0,1366574766,432963,108,3190.0,3141.0
2015-02-24,3259.0,3259.0,3151.0,3183.0,1943746553,609582,169,3178.0,3151.0
2015-02-25,3229.0,3275.0,3192.0,3217.0,3330031924,1033188,255,3183.0,3275.0
2015-02-28,3250.0,3305.0,3215.0,3261.0,4192346006,1285539,276,3217.0,3249.0
2015-03-01,3248.0,3379.0,3232.0,3338.0,149476658551,44785484,2440,3261.0,3379.0
2015-03-11,1830.0,1890.0,1771.0,1817.0,340864669,187582,56,1792.0,1815.0
2015-03-14,1865.0,1865.0,1752.0,1816.0,385802253,213207,74,1817.0,1770.0
2015-03-15,1849.0,1849.0,1760.0,1814.0,470914884,261043,85,1816.0,1798.0
2015-03-16,1828.0,1828.0,1742.0,1809.0,335876662,190307,81,1814.0,1779.0
2015-03-17,1810.0,1810.0,1737.0,1797.0,547566097,314149,46,1809.0,1760.0
2015-03-18,1768.0,1868.0,1748.0,1857.0,6739459420,3629230,189,1797.0,1860.0
2015-03-25,1931.0,1931.0,1868.0,1858.0,45501980,23630,14,1857.0,1912.0
2015-03-28,1929.0,1929.0,1800.0,1856.0,513757004,278071,78,1858.0,1851.0
2015-03-29,1890.0,1918.0,1852.0,1867.0,839087916,441216,110,1856.0,1903.0
2015-03-30,1920.0,1920.0,1810.0,1866.0,206113301,111207,48,1867.0,1850.0
2015-03-31,1885.0,1888.0,1792.0,1857.0,613498110,337340,69,1866.0,1849.0
2015-04-04,1931.0,1931.0,1931.0,1931.0,3543010386,1834806,66,1857.0,1931.0
2015-04-05,2008.0,2008.0,2008.0,1987.0,2639315200,1314400,36,1931.0,2008.0
2015-04-06,2010.0,2010.0,1908.0,1982.0,856793115,436146,96,1987.0,1908.0
2015-04-07,1903.0,1903.0,1903.0,1972.0,429809677,225859,22,1982.0,1903.0
2015-04-08,1894.0,1971.0,1894.0,1909.0,8580567953,4494709,365,1972.0,1930.0
2015-04-11,1964.0,1964.0,1880.0,1907.0,676601719,356062,68,1909.0,1900.0
2015-04-12,1945.0,1945.0,1831.0,1898.0,508202191,275183,45,1907.0,1880.0
2015-04-13,1898.0,1898.0,1823.0,1886.0,618984727,337698,58,1898.0,1881.0
2015-04-14,1884.0,1884.0,1822.0,1884.0,163244428,88684,42,1886.0,1839.0
2015-04-15,1850.0,1850.0,1809.0,1875.0,401659602,221633,56,1884.0,1810.0
2015-04-18,1850.0,1887.0,1830.0,1873.0,753128061,404050,147,1875.0,1874.0
2015-04-19,1888.0,1888.0,1860.0,1874.0,410978933,218940,135,1873.0,1875.0
2015-04-20,1899.0,1899.0,1850.0,1873.0,267354068,143427,87,1874.0,1850.0
2015-04-21,1890.0,1890.0,1835.0,1873.0,371100404,197933,78,1873.0,1835.0
2015-04-22,1872.0,1872.0,1799.0,1868.0,272806831,150106,56,1873.0,1819.0
2015-04-25,1880.0,1880.0,1794.0,1849.0,911816661,506799,114,1868.0,1800.0
2015-04-26,1858.0,1858.0,1781.0,1847.0,111707100,62072,24,1849.0,1789.0
2015-04-27,1782.0,1800.0,1774.0,1837.0,448090248,252424,43,1847.0,1789.0
2015-04-28,1820.0,1820.0,1764.0,1824.0,585356648,331022,88,1837.0,1764.0
2015-04-29,1839.0,1839.0,1752.0,1822.0,134001850,75145,39,1824.0,1786.0
2015-05-03,1799.0,1822.0,1750.0,1817.0,367504931,207001,62,1822.0,1780.0
2015-05-04,1823.0,1823.0,1745.0,1816.0,113400560,63460,58,1817.0,1771.0
2015-05-05,1809.0,1809.0,1744.0,1776.0,1810191412,1036783,80,1816.0,1765.0
2015-05-06,1761.0,1762.0,1711.0,1775.0,88222870,50255,14,1776.0,1757.0
2015-05-09,1765.0,1765.0,1704.0,1733.0,1935524329,1133533,174,1775.0,1704.0
2015-05-10,1765.0,1765.0,1664.0,1729.0,352844045,208070,102,1733.0,1700.0
2015-05-11,1727.0,1785.0,1727.0,1735.0,927183156,529594,116,1729.0,1743.0
2015-05-12,1783.0,1789.0,1730.0,1739.0,516535518,293198,63,1735.0,1749.0
2015-05-13,1775.0,1792.0,1720.0,1749.0,815410267,458885,57,1739.0,1740.0
2015-05-17,1754.0,1784.0,1700.0,1750.0,697527093,397887,34,1749.0,1702.0
2015-05-18,1775.0,1777.0,1711.0,1750.0,103983345,59195,10,1750.0,1756.0
2015-05-19,1773.0,1773.0,1690.0,1744.0,769747205,446204,43,1750.0,1696.0
2015-05-20,1764.0,1764.0,1675.0,1741.0,184826020,109256,22,1744.0,1727.0
2015-05-23,1759.0,1759.0,1657.0,1730.0,647226059,382991,66,1741.0,1697.0
2015-05-24,1700.0,1735.0,1664.0,1725.0,345651477,205022,34,1730.0,1697.0
2015-05-25,1731.0,1759.0,1650.0,1717.0,1771840371,1035852,131,1725.0,1748.0
2015-05-26,1747.0,1747.0,1664.0,1718.0,131146976,75259,11,1717.0,1700.0
2015-05-27,1800.0,1800.0,1696.0,1724.0,349336196,197246,36,1718.0,1719.0
2015-05-30,1760.0,1769.0,1691.0,1725.0,206165802,118927,28,1724.0,1691.0
2015-05-31,1769.0,1769.0,1700.0,1722.0,1181908545,688245,30,1725.0,1729.0
2015-06-01,1740.0,1740.0,1681.0,1719.0,392949962,231218,46,1722.0,1700.0
2015-06-02,1714.0,1714.0,1685.0,1718.0,213599265,125266,29,1719.0,1690.0
2015-06-06,1699.0,1699.0,1652.0,1715.0,213523546,127025,31,1718.0,1664.0
2015-06-07,1695.0,1720.0,1658.0,1714.0,318754979,187120,20,1715.0,1697.0
2015-06-08,1720.0,1720.0,1664.0,1714.0,157095694,91620,15,1714.0,1676.0
2015-06-09,1713.0,1713.0,1630.0,1703.0,506950702,307696,88,1714.0,1650.0
2015-06-10,1635.0,1700.0,1618.0,1695.0,775823386,464520,108,1703.0,1681.0
2015-06-13,1700.0,1700.0,1646.0,1692.0,291246725,174931,42,1695.0,1646.0
2015-06-14,1685.0,1685.0,1640.0,1689.0,211205315,128190,16,1692.0,1640.0
2015-06-15,1680.0,1689.0,1605.0,1671.0,828235708,509246,67,1689.0,1627.0
2015-06-16,1687.0,1687.0,1620.0,1667.0,793431183,478812,87,1671.0,1659.0
2015-06-17,1678.0,1719.0,1667.0,1671.0,462958375,273563,66,1667.0,1719.0
2015-06-20,1720.0,1720.0,1680.0,1673.0,150448787,87793,25,1671.0,1700.0
2015-06-21,1720.0,1720.0,1663.0,1674.0,135888506,79667,24,1673.0,1663.0
2015-06-22,1719.0,1719.0,1655.0,1676.0,136802838,79836,31,1674.0,1718.0
2015-06-23,1719.0,1719.0,1690.0,1679.0,298470426,175207,32,1676.0,1713.0
2015-06-24,1719.0,1719.0,1657.0,1678.0,418641938,250052,36,1679.0,1688.0
2015-06-27,1699.0,1699.0,1595.0,1607.0,3471755815,2160568,95,1678.0,1660.0
2015-06-28,1679.0,1679.0,1540.0,1609.0,142505850,86089,51,1607.0,1649.0
2015-06-29,1684.0,1684.0,1650.0,1611.0,66394030,39498,16,1609.0,1650.0
2015-06-30,1676.0,1676.0,1662.0,1618.0,351476785,210525,39,1611.0,1668.0
2015-07-01,1685.0,1685.0,1652.0,1621.0,153367953,91536,31,1618.0,1675.0
2015-07-04,1695.0,1700.0,1680.0,1630.0,377396174,222815,64,1621.0,1689.0
2015-07-05,1710.0,1710.0,1670.0,1640.0,476424790,281424,63,1630.0,1690.0
2015-07-06,1722.0,1722.0,1690.0,1661.0,931683682,544517,44,1640.0,1715.0
2015-07-07,1720.0,1744.0,1720.0,1687.0,984083628,564450,79,1661.0,1744.0
2015-07-11,1757.0,1771.0,1720.0,1712.0,1034156372,585851,79,1687.0,1771.0
2015-07-12,1783.0,1797.0,1771.0,1761.0,1878923276,1045714,70,1712.0,1797.0
2015-07-13,1849.0,1849.0,1826.0,1770.0,352617914,191426,50,1761.0,1840.0
2015-07-14,1857.0,1857.0,1821.0,1785.0,712252465,386660,61,1770.0,1856.0
2015-07-15,1860.0,1860.0,1820.0,1795.0,602516477,327640,61,1785.0,1855.0
2015-07-20,1870.0,1884.0,1820.0,1797.0,163442564,88820,23,1795.0,1830.0
2015-07-21,1870.0,1882.0,1780.0,1798.0,121726456,67203,32,1797.0,1792.0
2015-07-22,1874.0,1874.0,1835.0,1799.0,51927650,28150,8,1798.0,1835.0
2015-07-25,1835.0,1835.0,1757.0,1799.0,90153470,50546,25,1799.0,1780.0
2015-07-26,1803.0,1803.0,1710.0,1789.0,418947408,242480,79,1799.0,1740.0
2015-07-27,1778.0,1778.0,1702.0,1786.0,126549599,73846,29,1789.0,1702.0
2015-07-28,1774.0,1790.0,1715.0,1784.0,176836976,100972,32,1786.0,1742.0
2015-07-29,1778.0,1778.0,1730.0,1781.0,186593247,107500,29,1784.0,1745.0
2015-08-01,1779.0,1779.0,1716.0,1779.0,118596610,68800,30,1781.0,1718.0
2015-08-02,1752.0,1752.0,1700.0,1771.0,313360301,184035,56,1779.0,1704.0
2015-08-03,1760.0,1760.0,1691.0,1768.0,165890711,96721,32,1771.0,1719.0
2015-08-04,1745.0,1745.0,1700.0,1767.0,39503450,22855,15,1768.0,1737.0
2015-08-05,1725.0,1744.0,1701.0,1766.0,95705181,55522,13,1767.0,1725.0
2015-08-08,1739.0,1739.0,1700.0,1765.0,32579835,19015,16,1766.0,1700.0
2015-08-09,1730.0,1734.0,1688.0,1764.0,73220200,42936,23,1765.0,1700.0
2015-08-10,1730.0,1781.0,1687.0,1763.0,117121285,67042,23,1764.0,1722.0
2015-08-12,1739.0,1745.0,1682.0,1757.0,274273588,161568,15,1763.0,1727.0
2015-08-15,1740.0,1745.0,1681.0,1756.0,77704315,44935,10,1757.0,1715.0
2015-08-16,1719.0,1719.0,1705.0,1754.0,165988350,96810,10,1756.0,1705.0
2015-08-17,1699.0,1699.0,1667.0,1747.0,272038772,162172,26,1754.0,1667.0
2015-08-18,1719.0,1719.0,1660.0,1743.0,162405499,96593,17,1747.0,1689.0
2015-08-19,1688.0,1688.0,1658.0,1739.0,176928637,105160,16,1743.0,1660.0
2015-08-22,1713.0,1713.0,1653.0,1734.0,204364230,122563,41,1739.0,1660.0
2015-08-23,1698.0,1698.0,1648.0,1712.0,772200671,467736,41,1734.0,1648.0
2015-08-24,1679.0,1679.0,1627.0,1707.0,195724941,119273,35,1712.0,1650.0
2015-08-25,1669.0,1673.0,1622.0,1704.0,158107011,96291,34,1707.0,1622.0
2015-08-26,1659.0,1659.0,1619.0,1660.0,1544257671,952499,92,1704.0,1619.0
2015-08-29,1667.0,1667.0,1632.0,1660.0,102079550,61650,20,1660.0,1645.0
2015-08-30,1657.0,1695.0,1635.0,1660.0,1793440596,1080663,22,1660.0,1650.0
2015-08-31,1692.0,1692.0,1597.0,1658.0,259984539,159271,45,1660.0,1601.0
2015-09-01,1658.0,1658.0,1600.0,1656.0,173519820,107036,30,1658.0,1635.0
2015-09-02,1631.0,1631.0,1631.0,1656.0,27694380,16980,3,1656.0,1631.0
2015-09-05,1630.0,1658.0,1630.0,1655.0,136715394,83501,30,1656.0,1649.0
2015-09-06,1659.0,1660.0,1616.0,1655.0,64842309,39218,16,1655.0,1640.0
2015-09-07,1658.0,1660.0,1626.0,1655.0,68929972,41650,10,1655.0,1650.0
2015-09-08,1679.0,1679.0,1625.0,1656.0,86792850,51850,16,1655.0,1660.0
2015-09-09,1690.0,1690.0,1600.0,1653.0,471265471,287601,60,1656.0,1635.0
2015-09-12,1644.0,1645.0,1571.0,1639.0,682629405,427906,94,1653.0,1599.0
2015-09-13,1614.0,1614.0,1558.0,1634.0,246468935,155590,50,1639.0,1580.0
2015-09-14,1597.0,1604.0,1559.0,1633.0,79371005,49800,7,1634.0,1598.0
2015-09-15,1604.0,1606.0,1555.0,1630.0,190041125,120000,34,1633.0,1590.0
2015-09-16,1552.0,1583.0,1551.0,1629.0,26319772,16755,13,1630.0,1580.0
2015-09-19,1553.0,1590.0,1552.0,1629.0,10160050,6450,5,1629.0,1590.0
2015-09-20,1579.0,1646.0,1549.0,1622.0,321245378,204390,84,1629.0,1577.0
2015-09-21,1570.0,1643.0,1550.0,1622.0,126033200,78111,33,1622.0,1569.0
2015-09-22,1600.0,1620.0,1552.0,1621.0,109917720,68840,19,1622.0,1611.0
2015-09-23,1647.0,1647.0,1590.0,1622.0,149324990,91513,20,1621.0,1623.0
2015-09-26,1630.0,1689.0,1600.0,1623.0,174368516,106039,28,1622.0,1621.0
2015-09-27,1684.0,1688.0,1619.0,1625.0,128626720,76880,15,1623.0,1650.0
2015-09-28,1675.0,1685.0,1635.0,1627.0,158026409,95096,17,1625.0,1640.0
2015-09-29,1680.0,1680.0,1633.0,1629.0,137439834,82278,9,1627.0,1650.0
2015-09-30,1630.0,1670.0,1622.0,1630.0,245207854,149447,22,1629.0,1625.0
2015-10-03,1675.0,1678.0,1632.0,1632.0,110890930,66220,12,1630.0,1660.0
2015-10-04,1660.0,1660.0,1616.0,1633.0,133785000,81000,8,1632.0,1625.0
2015-10-05,1660.0,1660.0,1628.0,1634.0,158240000,96000,8,1633.0,1630.0
2015-10-06,1650.0,1714.0,1605.0,1637.0,28775137820,17573291,128,1634.0,1714.0
2015-10-07,1718.0,1718.0,1700.0,1642.0,221751769,129604,36,1637.0,1711.0
2015-10-10,1723.0,1724.0,1700.0,1646.0,153305144,89022,21,1642.0,1718.0
2015-10-11,1728.0,1728.0,1661.0,1652.0,254049947,147519,29,1646.0,1661.0
2015-10-12,1734.0,1734.0,1650.0,1656.0,376844150,223350,25,1652.0,1650.0
2015-10-13,1725.0,1725.0,1660.0,1660.0,195240819,113601,19,1656.0,1710.0
2015-10-14,1700.0,1743.0,1580.0,1663.0,983515320,589590,146,1660.0,1670.0
2015-10-17,1719.0,1719.0,1663.0,1667.0,828182736,493286,62,1663.0,1670.0
2015-10-18,1710.0,1716.0,1650.0,1669.0,160002291,94263,33,1667.0,1650.0
2015-10-19,1689.0,1689.0,1671.0,1669.0,21079000,12500,5,1669.0,1678.0
2015-10-20,1665.0,1694.0,1623.0,1669.0,797277858,477227,93,1669.0,1670.0
2015-10-21,1696.0,1696.0,1660.0,1669.0,386770981,231553,45,1669.0,1660.0
2015-10-25,1700.0,1703.0,1650.0,1669.0,227994088,137049,28,1669.0,1669.0
2015-10-26,1675.0,1675.0,1650.0,1669.0,52320500,31550,8,1669.0,1670.0
2015-10-27,1670.0,1670.0,1633.0,1668.0,107434129,65157,20,1669.0,1645.0
2015-10-28,1679.0,1679.0,1637.0,1668.0,74891226,45381,19,1668.0,1639.0
2015-10-31,1670.0,1670.0,1620.0,1668.0,58195360,35150,18,1668.0,1645.0
2015-11-01,1664.0,1670.0,1641.0,1668.0,145817347,87848,29,1668.0,1670.0
2015-11-02,1669.0,1669.0,1665.0,1668.0,17940415,10751,2,1668.0,1665.0
2015-11-03,1679.0,1699.0,1637.0,1667.0,93325208,56584,17,1668.0,1660.0
2015-11-04,1669.0,1669.0,1633.0,1667.0,57280661,34753,8,1667.0,1645.0
2015-11-07,1665.0,1667.0,1637.0,1666.0,71976600,43770,18,1667.0,1637.0
2015-11-08,1624.0,1639.0,1624.0,1665.0,94407843,57991,11,1666.0,1637.0
2015-11-09,1622.0,1669.0,1622.0,1665.0,38265739,23276,15,1665.0,1669.0
2015-11-10,1628.0,1659.0,1601.0,1663.0,148939014,92000,26,1665.0,1659.0
2015-11-11,1657.0,1658.0,1608.0,1662.0,133418958,81844,25,1663.0,1620.0
2015-11-14,1654.0,1670.0,1582.0,1651.0,547366985,341066,63,1662.0,1600.0
2015-11-15,1610.0,1640.0,1580.0,1644.0,323893840,203414,34,1651.0,1581.0
2015-11-16,1580.0,1614.0,1572.0,1633.0,475273833,300800,36,1644.0,1576.0
2015-11-17,1576.0,1589.0,1552.0,1620.0,479319712,307982,59,1633.0,1552.0
2015-11-18,1542.0,1588.0,1542.0,1608.0,734501750,466705,44,1620.0,1580.0
2015-11-21,1558.0,1651.0,1558.0,1613.0,707618695,434012,74,1608.0,1651.0
2015-11-22,1657.0,1657.0,1620.0,1615.0,193381033,117717,17,1613.0,1654.0
2015-11-23,1649.0,1652.0,1625.0,1618.0,314189156,191298,27,1615.0,1652.0
2015-11-24,1648.0,1649.0,1612.0,1618.0,83525800,51205,11,1618.0,1612.0
2015-11-25,1648.0,1648.0,1617.0,1618.0,87938480,53887,15,1618.0,1628.0
2015-11-28,1646.0,1647.0,1609.0,1618.0,241113477,149234,27,1618.0,1610.0
2015-11-29,1607.0,1610.0,1585.0,1618.0,29068474,18115,9,1618.0,1585.0
2015-11-30,1635.0,1639.0,1611.0,1618.0,40527664,24947,17,1618.0,1611.0
2015-12-01,1631.0,1631.0,1600.0,1618.0,72679270,44890,15,1618.0,1617.0
2015-12-05,1624.0,1625.0,1616.0,1618.0,73518460,45360,23,1618.0,1617.0
2015-12-06,1639.0,1639.0,1588.0,1618.0,116669220,72200,22,1618.0,1588.0
2015-12-07,1623.0,1623.0,1599.0,1618.0,264184850,163550,14,1618.0,1600.0
2015-12-08,1594.0,1638.0,1594.0,1617.0,178319000,111000,14,1618.0,1609.0
2015-12-09,1636.0,1672.0,1615.0,1644.0,2509213949,1521287,75,1617.0,1672.0
2015-12-13,1660.0,1668.0,1630.0,1644.0,53690490,32803,9,1644.0,1630.0
2015-12-14,1668.0,1668.0,1623.0,1643.0,115011251,70559,22,1644.0,1641.0
2015-12-15,1620.0,1630.0,1606.0,1641.0,189426682,117051,26,1643.0,1606.0
2015-12-16,1650.0,1650.0,1615.0,1640.0,263959977,162122,42,1641.0,1618.0
2015-12-19,1646.0,1646.0,1600.0,1637.0,269114949,167651,29,1640.0,1600.0
2015-12-20,1603.0,1603.0,1580.0,1633.0,276887200,173614,32,1637.0,1580.0
2015-12-21,1620.0,1620.0,1590.0,1633.0,14708000,9193,7,1633.0,1599.0
2015-12-22,1590.0,1617.0,1585.0,1632.0,73869048,46296,25,1633.0,1617.0
2015-12-23,1598.0,1630.0,1598.0,1632.0,39766260,24670,9,1632.0,1610.0
2015-12-26,1640.0,1640.0,1575.0,1625.0,414304804,261310,44,1632.0,1575.0
2015-12-27,1647.0,1648.0,1600.0,1625.0,89660355,55138,14,1625.0,1635.0
2015-12-28,1636.0,1637.0,1601.0,1625.0,103318635,64050,19,1625.0,1625.0
2015-12-30,1657.0,1657.0,1605.0,1625.0,92261150,56265,25,1625.0,1630.0
2016-01-02,1656.0,1656.0,1589.0,1623.0,276339450,172000,39,1625.0,1589.0
2016-01-03,1636.0,1636.0,1588.0,1622.0,152216500,95130,15,1623.0,1600.0
2016-01-04,1601.0,1622.0,1599.0,1622.0,78272562,48690,16,1622.0,1600.0
2016-01-05,1622.0,1622.0,1580.0,1603.0,1795970092,1127815,127,1622.0,1580.0
2016-01-06,1603.0,1610.0,1576.0,1592.0,1877852422,1183763,111,1603.0,1580.0
2016-01-09,1575.0,1606.0,1513.0,1548.0,2710261532,1751788,179,1592.0,1530.0
2016-01-10,1589.0,1589.0,1546.0,1548.0,59645530,38080,15,1548.0,1555.0
2016-01-11,1590.0,1590.0,1526.0,1548.0,766508138,494717,63,1548.0,1551.0
2016-01-12,1580.0,1580.0,1510.0,1545.0,472217703,308892,64,1548.0,1520.0
2016-01-13,1503.0,1566.0,1503.0,1544.0,157331062,102595,42,1545.0,1536.0
2016-01-16,1562.0,1587.0,1550.0,1553.0,1020691701,650386,101,1544.0,1577.0
2016-01-17,1615.0,1630.0,1575.0,1629.0,6081216475,3732799,159,1553.0,1620.0
2016-01-18,1630.0,1671.0,1629.0,1651.0,2792192362,1689520,148,1629.0,1669.0
2016-01-19,1668.0,1673.0,1646.0,1669.0,5073790826,3039916,229,1651.0,1670.0
2016-01-20,1669.0,1671.0,1636.0,1667.0,1602611839,962526,138,1669.0,1671.0
2016-01-23,1667.0,1671.0,1650.0,1667.0,3114716751,1868154,199,1667.0,1669.0
2016-01-24,1667.0,1673.0,1660.0,1670.0,3731949934,2234787,202,1667.0,1673.0
2016-01-25,1683.0,1694.0,1668.0,1676.0,16083772676,9597949,546,1670.0,1694.0
2016-01-26,1715.0,1750.0,1672.0,1718.0,8386378495,4880977,405,1676.0,1745.0
2016-01-27,1751.0,1768.0,1675.0,1708.0,5476030548,3206812,257,1718.0,1700.0
2016-01-30,1712.0,1730.0,1670.0,1701.0,2159273725,1271749,151,1708.0,1670.0
2016-01-31,1701.0,1701.0,1640.0,1687.0,1277203559,765768,101,1701.0,1688.0
2016-02-01,1750.0,1771.0,1700.0,1750.0,23793425637,13595556,562,1687.0,1771.0
2016-02-02,1834.0,1837.0,1820.0,1836.0,7130231535,3883352,337,1750.0,1837.0
2016-02-03,1836.0,1927.0,1806.0,1914.0,9525067300,4975411,381,1836.0,1927.0
2016-02-06,1950.0,2009.0,1900.0,1973.0,8431106195,4273197,396,1914.0,1925.0
2016-02-07,1908.0,1940.0,1875.0,1905.0,14847409272,7793981,867,1973.0,1924.0
2016-02-08,1904.0,1980.0,1904.0,1944.0,7107883177,3657184,444,1905.0,1970.0
2016-02-09,1978.0,2016.0,1921.0,1980.0,16925588936,8550419,853,1944.0,1980.0
2016-02-15,1590.0,1649.0,1565.0,1605.0,2654475393,1654144,123,1550.0,1649.0
2016-02-16,1672.0,1674.0,1550.0,1611.0,3975524153,2468051,267,1605.0,1594.0
2016-02-17,1555.0,1598.0,1532.0,1564.0,2224395803,1433012,162,1611.0,1560.0
2016-02-20,1599.0,1599.0,1486.0,1513.0,3315093844,2191049,303,1564.0,1489.0
2016-02-21,1500.0,1500.0,1438.0,1447.0,3793556655,2622563,368,1513.0,1480.0
2016-02-22,1470.0,1470.0,1415.0,1446.0,1028007584,712086,157,1447.0,1442.0
2016-02-23,1440.0,1440.0,1400.0,1434.0,1169366498,823863,146,1446.0,1424.0
2016-02-24,1448.0,1448.0,1370.0,1416.0,1519105820,1081586,197,1434.0,1440.0
2016-02-27,1448.0,1486.0,1445.0,1473.0,2231049486,1503631,157,1416.0,1486.0
2016-02-28,1499.0,1499.0,1420.0,1450.0,1796271256,1247270,136,1473.0,1450.0
2016-02-29,1430.0,1448.0,1425.0,1448.0,320806782,223327,50,1450.0,1430.0
2016-03-01,1440.0,1442.0,1390.0,1420.0,1713304898,1218136,115,1448.0,1393.0
2016-03-02,1430.0,1430.0,1388.0,1404.0,1655168386,1185299,135,1420.0,1401.0
2016-03-05,1410.0,1452.0,1410.0,1414.0,838981336,584514,85,1404.0,1440.0
2016-03-06,1401.0,1429.0,1380.0,1404.0,1259383156,903730,139,1414.0,1390.0
2016-03-07,1390.0,1430.0,1388.0,1408.0,2714435548,1927786,134,1404.0,1420.0
2016-03-08,1410.0,1439.0,1400.0,1413.0,1521029194,1073691,96,1408.0,1409.0
2016-03-09,1454.0,1457.0,1440.0,1450.0,2969555838,2047866,178,1413.0,1453.0
2016-03-12,1453.0,1453.0,1410.0,1437.0,1783999113,1247030,146,1450.0,1420.0
2016-03-14,1420.0,1450.0,1420.0,1431.0,23057771083,16117777,124,1437.0,1447.0
2016-03-15,1450.0,1470.0,1427.0,1432.0,51033844990,35646456,128,1431.0,1453.0
2016-03-16,1470.0,1470.0,1450.0,1448.0,1787562302,1227627,131,1432.0,1464.0
2016-03-26,1498.0,1499.0,1476.0,1458.0,602043561,403965,51,1448.0,1490.0
2016-03-27,1489.0,1510.0,1462.0,1465.0,847195946,572863,82,1458.0,1510.0
2016-03-28,1513.0,1513.0,1466.0,1468.0,339825102,228271,35,1465.0,1504.0
2016-03-29,1469.0,1510.0,1460.0,1469.0,996994384,678313,66,1468.0,1463.0
2016-03-30,1475.0,1500.0,1458.0,1469.0,1050812567,715261,81,1469.0,1470.0
2016-04-02,1450.0,1497.0,1411.0,1466.0,452530699,311373,66,1469.0,1454.0
2016-04-03,1450.0,1458.0,1450.0,1460.0,1031511542,711145,72,1466.0,1450.0
2016-04-04,1450.0,1465.0,1450.0,1458.0,713689916,491700,67,1460.0,1460.0
2016-04-05,1490.0,1490.0,1449.0,1457.0,996407986,685115,66,1458.0,1457.0
2016-04-06,1451.0,1465.0,1449.0,1453.0,1994243430,1374009,116,1457.0,1450.0
2016-04-09,1454.0,1465.0,1420.0,1451.0,1121754242,774738,76,1453.0,1450.0
2016-04-10,1451.0,1489.0,1451.0,1451.0,453380944,312035,63,1451.0,1458.0
2016-04-11,1451.0,1455.0,1450.0,1451.0,684633729,472015,50,1451.0,1450.0
2016-04-12,1452.0,1465.0,1450.0,1451.0,595874031,410696,52,1451.0,1450.0
2016-04-13,1451.0,1460.0,1449.0,1451.0,1445266691,996491,103,1451.0,1450.0
2016-04-16,1450.0,1451.0,1400.0,1429.0,1953421473,1372938,124,1451.0,1400.0
2016-04-17,1432.0,1435.0,1399.0,1418.0,1351945017,960189,86,1429.0,1400.0
2016-04-18,1445.0,1450.0,1421.0,1429.0,1048104653,725697,66,1418.0,1440.0
2016-04-19,1489.0,1500.0,1450.0,1493.0,2770466758,1855646,149,1429.0,1500.0
2016-04-20,1546.0,1567.0,1480.0,1527.0,5671175876,3713968,277,1493.0,1499.0
2016-04-23,1527.0,1527.0,1472.0,1520.0,568676569,380663,44,1527.0,1490.0
2016-04-24,1476.0,1529.0,1475.0,1512.0,1420026582,943527,96,1520.0,1529.0
2016-04-25,1485.0,1567.0,1457.0,1531.0,1942205750,1261748,112,1512.0,1535.0
2016-04-26,1516.0,1568.0,1516.0,1541.0,1830456608,1183412,122,1531.0,1543.0
2016-04-27,1543.0,1550.0,1527.0,1539.0,944848177,615618,78,1541.0,1531.0
2016-04-30,1543.0,1557.0,1541.0,1541.0,863171393,558946,54,1539.0,1542.0
2016-05-01,1550.0,1550.0,1501.0,1539.0,212368918,140695,23,1541.0,1501.0
2016-05-02,1549.0,1549.0,1505.0,1526.0,1218408413,806749,69,1539.0,1520.0
2016-05-03,1545.0,1545.0,1510.0,1523.0,933888200,615014,62,1526.0,1525.0
2016-05-04,1539.0,1543.0,1500.0,1521.0,304605324,202249,27,1523.0,1520.0
2016-05-07,1501.0,1501.0,1490.0,1515.0,576138029,385442,42,1521.0,1493.0
2016-05-08,1473.0,1500.0,1470.0,1513.0,111709500,75911,25,1515.0,1472.0
2016-05-09,1500.0,1500.0,1470.0,1508.0,472121705,318007,30,1513.0,1480.0
2016-05-10,1470.0,1488.0,1469.0,1496.0,842252972,573106,38,1508.0,1469.0
2016-05-11,1470.0,1470.0,1455.0,1491.0,420996116,286950,30,1496.0,1455.0
2016-05-14,1459.0,1520.0,1457.0,1496.0,2387888959,1595951,101,1491.0,1518.0
2016-05-15,1540.0,1549.0,1471.0,1499.0,252314421,165331,47,1496.0,1508.0
2016-05-16,1527.0,1530.0,1480.0,1501.0,566028072,375401,66,1499.0,1518.0
2016-05-17,1522.0,1526.0,1480.0,1500.0,306293018,204739,58,1501.0,1491.0
2016-05-18,1528.0,1528.0,1482.0,1499.0,331584610,221851,80,1500.0,1518.0
2016-05-21,1510.0,1510.0,1480.0,1499.0,253796625,169620,43,1499.0,1490.0
2016-05-23,1482.0,1499.0,1462.0,1496.0,341253292,231273,61,1499.0,1488.0
2016-05-24,1499.0,1499.0,1460.0,1492.0,488671424,331889,63,1496.0,1461.0
2016-05-25,1460.0,1515.0,1451.0,1493.0,3488843180,2337321,117,1492.0,1499.0
2016-05-28,1500.0,1500.0,1467.0,1489.0,680875373,460585,39,1493.0,1467.0
2016-05-29,1500.0,1520.0,1485.0,1491.0,273596780,181035,34,1489.0,1485.0
2016-05-30,1500.0,1500.0,1485.0,1491.0,252540297,169575,27,1491.0,1485.0
2016-05-31,1495.0,1495.0,1467.0,1490.0,189596908,128729,16,1491.0,1485.0
2016-06-01,1494.0,1500.0,1475.0,1490.0,129953416,87228,21,1490.0,1477.0
2016-06-05,1499.0,1514.0,1477.0,1491.0,142820798,95082,17,1490.0,1490.0
2016-06-06,1510.0,1510.0,1485.0,1492.0,567582100,379621,73,1491.0,1485.0
2016-06-07,1514.0,1520.0,1493.0,1495.0,366962683,242417,83,1492.0,1519.0
2016-06-08,1510.0,1510.0,1480.0,1494.0,497232434,333714,34,1495.0,1480.0
2016-06-11,1500.0,1509.0,1475.0,1494.0,335252215,224070,57,1494.0,1500.0
2016-06-12,1500.0,1500.0,1470.0,1493.0,438999876,295403,55,1494.0,1500.0
2016-06-13,1504.0,1507.0,1472.0,1493.0,396519437,265400,67,1493.0,1499.0
2016-06-14,1500.0,1501.0,1471.0,1491.0,491587544,331578,63,1493.0,1487.0
2016-06-15,1485.0,1490.0,1474.0,1491.0,335404280,225452,23,1491.0,1490.0
2016-06-18,1484.0,1500.0,1450.0,1485.0,910985273,618310,92,1491.0,1489.0
2016-06-19,1490.0,1490.0,1445.0,1482.0,497948134,338804,75,1485.0,1485.0
2016-06-20,1488.0,1488.0,1430.0,1477.0,485243349,333757,46,1482.0,1450.0
2016-06-21,1488.0,1488.0,1440.0,1471.0,734233528,504843,67,1477.0,1479.0
2016-06-22,1486.0,1486.0,1455.0,1472.0,356032908,241172,38,1471.0,1479.0
2016-06-25,1490.0,1500.0,1461.0,1474.0,347152448,233187,43,1472.0,1494.0
2016-06-26,1490.0,1490.0,1460.0,1474.0,479351465,325145,80,1474.0,1480.0
2016-06-28,1490.0,1499.0,1480.0,1477.0,441445983,295549,44,1474.0,1499.0
2016-06-29,1500.0,1500.0,1471.0,1480.0,581336667,390502,43,1477.0,1498.0
2016-07-02,1499.0,1500.0,1480.0,1483.0,448874434,299975,55,1480.0,1500.0
2016-07-03,1510.0,1510.0,1480.0,1485.0,490797141,328827,50,1483.0,1500.0
2016-07-04,1482.0,1542.0,1482.0,1499.0,1009400616,662644,73,1485.0,1534.0
2016-07-05,1532.0,1563.0,1507.0,1519.0,1078205743,695079,92,1499.0,1560.0
2016-07-09,1566.0,1567.0,1550.0,1521.0,99665137,63671,17,1519.0,1565.0
2016-07-10,1570.0,1597.0,1526.0,1533.0,607517012,385121,63,1521.0,1530.0
2016-07-11,1575.0,1577.0,1531.0,1533.0,76827978,49877,12,1533.0,1531.0
2016-07-12,1550.0,1575.0,1520.0,1533.0,444196632,290078,57,1533.0,1539.0
2016-07-13,1525.0,1549.0,1510.0,1532.0,163682845,107808,25,1533.0,1549.0
2016-07-16,1547.0,1576.0,1545.0,1534.0,257761741,165680,36,1532.0,1550.0
2016-07-17,1569.0,1569.0,1510.0,1532.0,186603453,123490,13,1534.0,1533.0
2016-07-18,1530.0,1570.0,1511.0,1534.0,392795083,253499,35,1532.0,1511.0
2016-07-19,1530.0,1575.0,1530.0,1537.0,341226230,219378,24,1534.0,1565.0
2016-07-20,1577.0,1613.0,1577.0,1561.0,1163476764,728663,86,1537.0,1600.0
2016-07-23,1614.0,1624.0,1590.0,1574.0,727318303,450651,57,1561.0,1613.0
2016-07-24,1616.0,1639.0,1613.0,1577.0,160976776,99388,23,1574.0,1620.0
2016-07-25,1646.0,1646.0,1605.0,1581.0,278830293,171689,44,1577.0,1620.0
2016-07-26,1640.0,1660.0,1570.0,1615.0,2801972578,1733023,168,1581.0,1580.0
2016-07-27,1659.0,1660.0,1581.0,1615.0,221099531,136351,35,1615.0,1627.0
2016-07-31,1650.0,1650.0,1617.0,1616.0,143693395,87852,21,1615.0,1621.0
2016-08-01,1620.0,1620.0,1585.0,1613.0,423676699,264980,34,1616.0,1586.0
2016-08-02,1600.0,1615.0,1588.0,1612.0,189088765,117830,22,1613.0,1615.0
2016-08-03,1630.0,1630.0,1595.0,1611.0,186757875,116639,22,1612.0,1601.0
2016-08-06,1601.0,1691.0,1601.0,1631.0,1009431596,604732,66,1611.0,1687.0
2016-08-07,1680.0,1684.0,1651.0,1634.0,244280932,146050,29,1631.0,1679.0
2016-08-08,1636.0,1637.0,1621.0,1633.0,371062928,228130,30,1634.0,1621.0
2016-08-09,1668.0,1669.0,1630.0,1633.0,551844190,337643,27,1633.0,1650.0
2016-08-10,1632.0,1633.0,1630.0,1633.0,25710750,15750,6,1633.0,1633.0
2016-08-13,1638.0,1649.0,1634.0,1633.0,168590739,102781,18,1633.0,1649.0
2016-08-14,1670.0,1680.0,1650.0,1637.0,427704157,257093,35,1633.0,1650.0
2016-08-15,1679.0,1680.0,1632.0,1638.0,226315679,137606,26,1637.0,1635.0
2016-08-16,1631.0,1662.0,1630.0,1638.0,165770820,101610,20,1638.0,1632.0
2016-08-17,1670.0,1670.0,1640.0,1638.0,16336288,9912,6,1638.0,1649.0
2016-08-20,1641.0,1669.0,1632.0,1638.0,138844885,84701,15,1638.0,1637.0
2016-08-21,1644.0,1655.0,1643.0,1639.0,246980170,149596,25,1638.0,1655.0
2016-08-22,1654.0,1669.0,1652.0,1640.0,188114821,113554,25,1639.0,1667.0
2016-08-23,1670.0,1670.0,1655.0,1641.0,186769887,112278,25,1640.0,1664.0
2016-08-24,1668.0,1680.0,1660.0,1647.0,672799121,402875,52,1641.0,1664.0
2016-08-27,1663.0,1664.0,1657.0,1649.0,379010089,228313,40,1647.0,1657.0
2016-08-28,1651.0,1660.0,1625.0,1648.0,91262500,56060,22,1649.0,1640.0
2016-08-29,1628.0,1630.0,1612.0,1644.0,379519365,234254,34,1648.0,1612.0
2016-08-30,1615.0,1648.0,1615.0,1642.0,237021940,146301,18,1644.0,1619.0
2016-08-31,1619.0,1637.0,1587.0,1635.0,556540856,346733,49,1642.0,1600.0
2016-09-03,1591.0,1600.0,1590.0,1628.0,462159947,290297,26,1635.0,1592.0
2016-09-04,1592.0,1630.0,1592.0,1627.0,84714156,52823,15,1628.0,1594.0
2016-09-05,1633.0,1633.0,1627.0,1627.0,18758000,11500,5,1627.0,1627.0
2016-09-06,1595.0,1708.0,1595.0,1661.0,1744467717,1034200,68,1627.0,1639.0
2016-09-07,1698.0,1699.0,1641.0,1661.0,91978650,55200,6,1661.0,1641.0
2016-09-10,1641.0,1740.0,1635.0,1672.0,874451584,514779,57,1661.0,1733.0
2016-09-11,1661.0,1666.0,1653.0,1672.0,5841733,3523,4,1672.0,1656.0
2016-09-13,1660.0,1660.0,1652.0,1671.0,128804614,77786,17,1672.0,1652.0
2016-09-14,1672.0,1674.0,1640.0,1670.0,152634299,92799,11,1671.0,1640.0
2016-09-17,1636.0,1650.0,1636.0,1667.0,315689259,192414,19,1670.0,1641.0
2016-09-18,1640.0,1650.0,1635.0,1663.0,445748460,271989,27,1667.0,1635.0
2016-09-19,1648.0,1650.0,1640.0,1661.0,348927475,212400,40,1663.0,1640.0
2016-09-21,1657.0,1700.0,1635.0,1664.0,551661792,328850,54,1661.0,1636.0
2016-09-24,1642.0,1670.0,1638.0,1664.0,100150221,60611,25,1664.0,1638.0
2016-09-25,1639.0,1670.0,1639.0,1661.0,493113614,299829,46,1664.0,1646.0
2016-09-26,1680.0,1680.0,1642.0,1660.0,194177020,117779,61,1661.0,1642.0
2016-09-27,1680.0,1680.0,1625.0,1658.0,170788778,104550,50,1660.0,1625.0
2016-09-28,1668.0,1668.0,1624.0,1656.0,265150786,162615,48,1658.0,1650.0
2016-10-01,1624.0,1656.0,1623.0,1653.0,253892920,156077,52,1656.0,1640.0
2016-10-02,1679.0,1679.0,1620.0,1651.0,243586269,149852,63,1653.0,1620.0
2016-10-03,1670.0,1670.0,1618.0,1650.0,79663405,49000,17,1651.0,1622.0
2016-10-04,1620.0,1620.0,1611.0,1647.0,252162276,156109,39,1650.0,1611.0
2016-10-05,1670.0,1670.0,1598.0,1639.0,540391988,336553,53,1647.0,1619.0
2016-10-08,1658.0,1658.0,1600.0,1638.0,83139172,51563,23,1639.0,1654.0
2016-10-09,1649.0,1649.0,1600.0,1634.0,373692850,232501,60,1638.0,1635.0
2016-10-10,1650.0,1650.0,1600.0,1629.0,525451012,326990,54,1634.0,1623.0
2016-10-15,1625.0,1625.0,1599.0,1627.0,263474880,164426,44,1629.0,1623.0
2016-10-16,1637.0,1639.0,1598.0,1623.0,462010541,288528,80,1627.0,1598.0
2016-10-17,1646.0,1646.0,1598.0,1622.0,114749326,71487,22,1623.0,1614.0
2016-10-18,1600.0,1629.0,1600.0,1623.0,17591006369,10839809,140,1622.0,1624.0
2016-10-19,1624.0,1624.0,1570.0,1602.0,1495521889,945041,70,1623.0,1619.0
2016-10-22,1635.0,1635.0,1570.0,1591.0,5127684450,3223590,234,1602.0,1594.0
2016-10-23,1628.0,1628.0,1570.0,1589.0,442310657,280623,38,1591.0,1575.0
2016-10-24,1600.0,1600.0,1561.0,1584.0,1200102726,761177,80,1589.0,1561.0
2016-10-25,1620.0,1620.0,1553.0,1574.0,1111838125,713204,59,1584.0,1554.0
2016-10-26,1585.0,1585.0,1567.0,1574.0,1944624870,1235553,71,1574.0,1574.0
2016-10-29,1594.0,1614.0,1590.0,1579.0,421053131,262139,33,1574.0,1590.0
2016-10-30,1610.0,1610.0,1580.0,1582.0,1185359343,747493,59,1579.0,1580.0
2016-10-31,1615.0,1615.0,1540.0,1580.0,656376575,416745,51,1582.0,1589.0
2016-11-01,1593.0,1594.0,1540.0,1582.0,1453338439,917451,87,1580.0,1579.0
2016-11-02,1588.0,1588.0,1546.0,1582.0,429985294,272160,29,1582.0,1582.0
2016-11-05,1590.0,1590.0,1527.0,1564.0,1049065158,683145,58,1582.0,1527.0
2016-11-06,1555.0,1560.0,1520.0,1557.0,544722140,356821,39,1564.0,1550.0
2016-11-07,1565.0,1576.0,1545.0,1558.0,362698644,231363,24,1557.0,1571.0
2016-11-08,1574.0,1574.0,1530.0,1558.0,1253257885,804760,44,1558.0,1566.0
2016-11-09,1570.0,1600.0,1525.0,1593.0,4335452618,2722046,99,1558.0,1549.0
2016-11-12,1533.0,1565.0,1514.0,1516.0,4415042904,2912111,261,1593.0,1514.0
2016-11-13,1545.0,1545.0,1501.0,1517.0,287580526,188971,39,1516.0,1501.0
2016-11-14,1528.0,1528.0,1470.0,1509.0,822818623,552483,83,1517.0,1510.0
2016-11-15,1473.0,1520.0,1473.0,1509.0,64904539,43456,21,1509.0,1509.0
2016-11-16,1525.0,1525.0,1474.0,1508.0,327625336,217841,27,1509.0,1519.0
2016-11-19,1530.0,1530.0,1500.0,1508.0,209943785,139432,43,1508.0,1505.0
2016-11-21,1538.0,1538.0,1510.0,1513.0,1314416218,865343,50,1508.0,1515.0
2016-11-22,1514.0,1538.0,1508.0,1511.0,4006478095,2651622,81,1513.0,1514.0
2016-11-23,1542.0,1542.0,1510.0,1512.0,333718930,219650,34,1511.0,1510.0
2016-11-26,1512.0,1538.0,1510.0,1512.0,344152570,227220,25,1512.0,1518.0
2016-11-27,1538.0,1538.0,1511.0,1512.0,16756287626,11083240,256,1512.0,1530.0
2016-11-29,1548.0,1548.0,1530.0,1514.0,181437324,118189,28,1512.0,1540.0
2016-12-03,1548.0,1548.0,1522.0,1516.0,378914438,248310,40,1514.0,1535.0
2016-12-04,1547.0,1547.0,1524.0,1519.0,410117087,267261,42,1516.0,1540.0
2016-12-05,1547.0,1547.0,1526.0,1524.0,850397472,554065,65,1519.0,1530.0
2016-12-06,1550.0,1550.0,1526.0,1530.0,1342876494,873568,75,1524.0,1526.0
2016-12-07,1546.0,1547.0,1520.0,1530.0,830676260,543117,63,1530.0,1530.0
2016-12-10,1548.0,1548.0,1522.0,1530.0,66517378,43404,19,1530.0,1522.0
2016-12-11,1529.0,1529.0,1507.0,1521.0,1384878259,916175,127,1530.0,1510.0
2016-12-12,1528.0,1530.0,1514.0,1521.0,6027787896,3963795,106,1521.0,1530.0
2016-12-13,1529.0,1535.0,1517.0,1521.0,132668489,87083,21,1521.0,1517.0
2016-12-14,1520.0,1538.0,1496.0,1520.0,584410535,384870,35,1521.0,1523.0
2016-12-18,1545.0,1545.0,1521.0,1526.0,1004127625,652946,45,1520.0,1540.0
2016-12-19,1543.0,1550.0,1528.0,1539.0,2161258571,1401002,80,1526.0,1550.0
2016-12-20,1550.0,1592.0,1540.0,1554.0,1764568800,1128508,107,1539.0,1586.0
2016-12-21,1599.0,1599.0,1558.0,1556.0,695188744,444804,67,1554.0,1563.0
2016-12-24,1607.0,1620.0,1558.0,1565.0,936226538,590877,128,1556.0,1565.0
2016-12-25,1560.0,1580.0,1560.0,1565.0,877484133,560909,146,1565.0,1580.0
2016-12-26,1566.0,1605.0,1566.0,1567.0,1037417338,660068,102,1565.0,1577.0
2016-12-27,1575.0,1630.0,1575.0,1582.0,899184227,556756,141,1567.0,1614.0
2016-12-28,1638.0,1638.0,1590.0,1585.0,251208182,155914,55,1582.0,1609.0
2016-12-31,1600.0,1629.0,1600.0,1598.0,1176302554,727057,98,1585.0,1612.0
2017-01-01,1606.0,1620.0,1606.0,1612.0,3338286415,2070564,150,1598.0,1608.0
2017-01-02,1607.0,1615.0,1600.0,1610.0,562504843,350721,47,1612.0,1600.0
2017-01-03,1611.0,1622.0,1590.0,1607.0,583259232,365280,43,1610.0,1595.0
2017-01-04,1609.0,1615.0,1600.0,1605.0,828076342,517190,32,1607.0,1600.0
2017-01-07,1614.0,1615.0,1585.0,1594.0,3760912717,2359747,159,1605.0,1588.0
2017-01-08,1567.0,1608.0,1567.0,1591.0,877726661,553941,53,1594.0,1580.0
2017-01-09,1553.0,1600.0,1560.0,1591.0,224429540,141108,20,1591.0,1600.0
2017-01-11,1590.0,1604.0,1590.0,1592.0,371059970,232508,50,1591.0,1590.0
2017-01-14,1581.0,1610.0,1575.0,1576.0,17123292096,10864834,277,1592.0,1580.0
2017-01-15,1573.0,1615.0,1588.0,1578.0,235321918,147390,21,1576.0,1590.0
2017-01-16,1619.0,1619.0,1599.0,1580.0,261643620,163253,31,1578.0,1605.0
2017-01-17,1600.0,1634.0,1600.0,1587.0,698608435,434371,50,1580.0,1600.0
2017-01-18,1605.0,1633.0,1600.0,1594.0,629776908,389377,57,1587.0,1600.0
2017-01-21,1610.0,1627.0,1609.0,1596.0,235322042,145893,18,1594.0,1620.0
2017-01-22,1633.0,1636.0,1591.0,1602.0,1273264684,790642,66,1596.0,1620.0
2017-01-23,1620.0,1628.0,1611.0,1604.0,317402900,195645,15,1602.0,1619.0
2017-01-24,1630.0,1630.0,1617.0,1606.0,385449565,237774,59,1604.0,1620.0
2017-01-25,1612.0,1634.0,1606.0,1607.0,464011989,287574,33,1606.0,1611.0
2017-01-28,1620.0,1644.0,1600.0,1612.0,1972071726,1221964,62,1607.0,1625.0
2017-01-29,1622.0,1643.0,1622.0,1614.0,311710550,190611,32,1612.0,1629.0
2017-01-30,1611.0,1658.0,1611.0,1623.0,1285710221,786741,61,1614.0,1658.0
2017-01-31,1635.0,1642.0,1629.0,1625.0,463524777,283374,37,1623.0,1642.0
2017-02-01,1630.0,1658.0,1621.0,1630.0,1183038040,722865,46,1625.0,1630.0
2017-02-04,1621.0,1651.0,1621.0,1630.0,224305742,137506,19,1630.0,1631.0
2017-02-05,1620.0,1640.0,1612.0,1628.0,509330315,314737,34,1630.0,1634.0
2017-02-06,1611.0,1650.0,1621.0,1632.0,1632623502,997865,55,1628.0,1631.0
2017-02-07,1625.0,1647.0,1625.0,1632.0,47323000,29000,4,1632.0,1647.0
2017-02-08,1628.0,1634.0,1625.0,1631.0,1892916329,1160817,105,1632.0,1630.0
2017-02-11,1634.0,1650.0,1625.0,1630.0,1251035320,767991,70,1631.0,1629.0
2017-02-12,1610.0,1627.0,1610.0,1629.0,324707428,200069,38,1630.0,1620.0
2017-02-13,1611.0,1631.0,1610.0,1629.0,142215513,87557,16,1629.0,1631.0
2017-02-14,1621.0,1628.0,1620.0,1627.0,1111195501,684587,62,1629.0,1620.0
2017-02-15,1620.0,1623.0,1606.0,1623.0,798164180,495076,79,1627.0,1606.0
2017-02-18,1614.0,1614.0,1600.0,1618.0,646374753,403336,64,1623.0,1600.0
2017-02-19,1602.0,1620.0,1596.0,1614.0,768011183,479058,98,1618.0,1615.0
2017-02-20,1620.0,1620.0,1600.0,1610.0,846476859,528540,82,1614.0,1600.0
2017-02-21,1610.0,1619.0,1600.0,1604.0,1966427301,1227745,92,1610.0,1605.0
2017-02-22,1619.0,1621.0,1590.0,1605.0,1173330915,730136,79,1604.0,1600.0
2017-02-25,1603.0,1620.0,1598.0,1606.0,424491141,263650,37,1605.0,1598.0
2017-02-26,1610.0,1620.0,1599.0,1606.0,549457470,342041,41,1606.0,1599.0
2017-02-27,1598.0,1620.0,1595.0,1608.0,884498376,548770,81,1606.0,1610.0
2017-02-28,1610.0,1610.0,1596.0,1605.0,1095883774,684715,67,1608.0,1597.0
2017-03-01,1602.0,1615.0,1590.0,1599.0,1385167911,869759,109,1605.0,1590.0
2017-03-04,1618.0,1625.0,1609.0,1617.0,5358780113,3314034,331,1599.0,1613.0
2017-03-05,1612.0,1646.0,1612.0,1642.0,10015120970,6099402,330,1617.0,1616.0
2017-03-06,1638.0,1638.0,1596.0,1617.0,1945878587,1212820,119,1642.0,1600.0
2017-03-07,1600.0,1616.0,1589.0,1607.0,2199038848,1371444,138,1617.0,1600.0
2017-03-15,1228.0,1249.0,1208.0,1229.0,2424938542,1973846,202,1157.0,1247.0
2017-03-18,1218.0,1290.0,1218.0,1277.0,3135996082,2455418,124,1229.0,1260.0
2017-03-25,1289.0,1289.0,1256.0,1277.0,162701573,127392,36,1277.0,1261.0
2017-03-26,1258.0,1288.0,1250.0,1266.0,1393584590,1106387,117,1277.0,1252.0
2017-03-27,1270.0,1270.0,1245.0,1261.0,711058490,568370,72,1266.0,1245.0
2017-03-28,1246.0,1260.0,1241.0,1258.0,454794903,364651,58,1261.0,1246.0
2017-03-29,1246.0,1246.0,1220.0,1253.0,549858609,444891,53,1258.0,1240.0
2017-04-03,1228.0,1259.0,1228.0,1252.0,249921273,201158,51,1253.0,1245.0
2017-04-04,1253.0,1255.0,1241.0,1252.0,173230350,138900,29,1252.0,1250.0
2017-04-05,1242.0,1252.0,1242.0,1251.0,329034525,264452,45,1252.0,1243.0
2017-04-08,1250.0,1250.0,1241.0,1250.0,578510930,464438,63,1251.0,1249.0
2017-04-09,1250.0,1270.0,1244.0,1252.0,523337464,416162,48,1250.0,1270.0
2017-04-10,1265.0,1290.0,1265.0,1258.0,506100954,395629,60,1252.0,1270.0
2017-04-12,1270.0,1272.0,1250.0,1258.0,472483298,375887,66,1258.0,1250.0
2017-04-15,1241.0,1261.0,1241.0,1257.0,400507880,319452,26,1258.0,1258.0
2017-04-16,1251.0,1277.0,1251.0,1258.0,326555682,258891,49,1257.0,1255.0
2017-04-17,1251.0,1260.0,1239.0,1256.0,1236738629,985611,69,1258.0,1239.0
2017-04-18,1252.0,1260.0,1242.0,1256.0,199922065,159839,19,1256.0,1255.0
2017-04-19,1237.0,1258.0,1237.0,1255.0,238157107,190686,52,1256.0,1258.0
2017-04-22,1260.0,1285.0,1260.0,1269.0,1345633661,1051972,123,1255.0,1280.0
2017-04-23,1280.0,1287.0,1271.0,1271.0,381407768,297976,40,1269.0,1276.0
2017-04-24,1270.0,1285.0,1258.0,1269.0,1069003192,844078,88,1271.0,1258.0
2017-04-26,1272.0,1332.0,1272.0,1309.0,2008868536,1526015,144,1269.0,1332.0
2017-04-29,1322.0,1374.0,1321.0,1343.0,1389005776,1014565,94,1309.0,1345.0
2017-04-30,1400.0,1410.0,1380.0,1380.0,1680994595,1201848,107,1343.0,1380.0
2017-05-01,1370.0,1390.0,1350.0,1379.0,835715009,607032,38,1380.0,1390.0
2017-05-02,1391.0,1409.0,1370.0,1388.0,1332160375,954772,74,1379.0,1390.0
2017-05-03,1380.0,1407.0,1380.0,1389.0,327104770,234124,28,1388.0,1407.0
2017-05-06,1390.0,1390.0,1322.0,1372.0,739250694,553842,43,1389.0,1326.0
2017-05-07,1321.0,1373.0,1321.0,1364.0,635392485,473018,41,1372.0,1373.0
2017-05-08,1329.0,1350.0,1302.0,1354.0,552576738,417877,94,1364.0,1342.0
2017-05-09,1310.0,1350.0,1309.0,1353.0,90591546,68408,19,1354.0,1316.0
2017-05-10,1318.0,1370.0,1317.0,1351.0,565149848,420077,41,1353.0,1323.0
2017-05-13,1398.0,1398.0,1324.0,1350.0,98054527,73341,20,1351.0,1335.0
2017-05-14,1353.0,1353.0,1326.0,1346.0,517120949,388165,32,1350.0,1331.0
2017-05-15,1349.0,1372.0,1349.0,1347.0,210872370,154730,15,1346.0,1369.0
2017-05-16,1337.0,1376.0,1331.0,1346.0,531888959,395952,46,1347.0,1343.0
2017-05-17,1346.0,1375.0,1346.0,1347.0,99889578,73055,16,1346.0,1370.0
2017-05-20,1400.0,1400.0,1361.0,1365.0,905216404,648062,83,1347.0,1400.0
2017-05-21,1400.0,1400.0,1371.0,1366.0,75190906,53884,24,1365.0,1395.0
2017-05-22,1408.0,1408.0,1370.0,1367.0,162670034,118321,20,1366.0,1370.0
2017-05-23,1397.0,1397.0,1362.0,1368.0,538320812,391937,48,1367.0,1369.0
2017-05-24,1375.0,1375.0,1340.0,1364.0,462319086,343235,37,1368.0,1342.0
2017-05-27,1343.0,1360.0,1340.0,1363.0,86372710,64126,12,1364.0,1350.0
2017-05-28,1379.0,1380.0,1340.0,1363.0,182844828,134592,21,1363.0,1355.0
2017-05-29,1376.0,1376.0,1345.0,1363.0,388238294,285333,30,1363.0,1369.0
2017-05-30,1350.0,1351.0,1345.0,1363.0,50463366,37455,7,1363.0,1350.0
2017-05-31,1388.0,1388.0,1351.0,1363.0,105660591,77922,15,1363.0,1361.0
2017-06-03,1353.0,1365.0,1345.0,1362.0,274841684,203557,47,1363.0,1345.0
2017-06-06,1379.0,1397.0,1371.0,1370.0,740600066,533379,48,1362.0,1389.0
2017-06-07,1390.0,1390.0,1345.0,1367.0,570278749,420480,51,1370.0,1346.0
2017-06-10,1398.0,1398.0,1344.0,1362.0,738296740,546890,63,1367.0,1350.0
2017-06-11,1353.0,1354.0,1350.0,1360.0,535085967,396050,33,1362.0,1350.0
2017-06-12,1350.0,1366.0,1350.0,1360.0,87398000,64600,11,1360.0,1360.0
2017-06-13,1351.0,1355.0,1346.0,1359.0,346379564,256565,78,1360.0,1348.0
2017-06-14,1347.0,1387.0,1346.0,1368.0,12937195557,9459239,248,1359.0,1367.0
2017-06-17,1395.0,1395.0,1360.0,1367.0,274008512,201454,13,1368.0,1360.0
2017-06-18,1350.0,1352.0,1347.0,1364.0,414054889,306724,37,1367.0,1347.0
2017-06-19,1340.0,1351.0,1339.0,1361.0,332220210,246990,36,1364.0,1339.0
2017-06-20,1350.0,1367.0,1340.0,1360.0,201598536,149000,19,1361.0,1340.0
2017-06-21,1341.0,1351.0,1341.0,1359.0,136926120,101419,19,1360.0,1350.0
2017-06-24,1345.0,1370.0,1343.0,1357.0,412966260,307020,21,1359.0,1370.0
2017-06-25,1346.0,1370.0,1342.0,1355.0,381289707,283205,22,1357.0,1370.0
2017-06-28,1370.0,1382.0,1353.0,1362.0,857959064,624023,45,1355.0,1353.0
2017-07-01,1383.0,1388.0,1358.0,1362.0,730731526,536285,33,1362.0,1360.0
2017-07-02,1360.0,1366.0,1358.0,1362.0,197077737,144650,28,1362.0,1366.0
2017-07-03,1370.0,1374.0,1357.0,1362.0,184788594,135577,21,1362.0,1357.0
2017-07-04,1362.0,1362.0,1347.0,1361.0,277192530,204676,28,1362.0,1360.0
2017-07-05,1361.0,1361.0,1353.0,1360.0,662013950,487836,25,1361.0,1358.0
2017-07-08,1350.0,1367.0,1344.0,1350.0,9704535020,7187685,366,1360.0,1367.0
2017-07-09,1369.0,1380.0,1352.0,1356.0,573715105,417509,52,1350.0,1352.0
2017-07-10,1379.0,1379.0,1355.0,1358.0,188412121,136723,27,1356.0,1377.0
2017-07-11,1379.0,1379.0,1362.0,1362.0,695310618,507360,42,1358.0,1375.0
2017-07-12,1379.0,1380.0,1367.0,1365.0,600488619,436502,58,1362.0,1367.0
2017-07-15,1379.0,1397.0,1379.0,1380.0,22495260774,16306554,832,1365.0,1380.0
2017-07-16,1381.0,1381.0,1370.0,1379.0,318323389,231979,29,1380.0,1374.0
2017-07-17,1370.0,1376.0,1354.0,1377.0,511100940,373365,32,1379.0,1374.0
2017-07-18,1362.0,1371.0,1362.0,1375.0,479852654,350829,40,1377.0,1370.0
2017-07-19,1370.0,1392.0,1368.0,1380.0,1252107036,903957,58,1375.0,1382.0
2017-07-22,1400.0,1432.0,1400.0,1420.0,3059647849,2155216,138,1380.0,1428.0
2017-07-23,1434.0,1462.0,1419.0,1433.0,1806497156,1255951,108,1420.0,1453.0
2017-07-24,1485.0,1485.0,1440.0,1443.0,1247596173,858326,66,1433.0,1455.0
2017-07-25,1465.0,1465.0,1435.0,1442.0,960953713,667334,46,1443.0,1440.0
2017-07-26,1440.0,1463.0,1425.0,1441.0,561124180,390300,48,1442.0,1425.0
2017-07-29,1422.0,1422.0,1409.0,1437.0,402680489,284762,33,1441.0,1409.0
2017-07-30,1425.0,1425.0,1394.0,1430.0,583706830,414976,52,1437.0,1394.0
2017-07-31,1378.0,1460.0,1370.0,1420.0,3455767029,2434119,160,1430.0,1432.0
2017-08-01,1430.0,1469.0,1417.0,1441.0,4493425718,3119340,147,1420.0,1440.0
2017-08-02,1441.0,1448.0,1429.0,1437.0,2649473350,1843496,130,1441.0,1440.0
2017-08-06,1455.0,1460.0,1421.0,1436.0,952519808,664575,67,1437.0,1428.0
2017-08-07,1437.0,1437.0,1420.0,1431.0,2012894972,1408609,108,1436.0,1434.0
2017-08-08,1421.0,1431.0,1405.0,1425.0,960636372,678752,53,1431.0,1429.0
2017-08-09,1444.0,1450.0,1403.0,1424.0,557740824,392987,36,1425.0,1430.0
2017-08-12,1420.0,1457.0,1420.0,1430.0,919611410,638788,44,1424.0,1428.0
2017-08-13,1456.0,1474.0,1435.0,1443.0,1571229785,1082476,69,1430.0,1462.0
2017-08-14,1477.0,1507.0,1454.0,1484.0,17211813509,11595716,229,1443.0,1479.0
2017-08-15,1499.0,1500.0,1481.0,1488.0,1035190276,692891,58,1484.0,1500.0
2017-08-16,1500.0,1520.0,1500.0,1490.0,295976170,196192,58,1488.0,1506.0
2017-08-19,1520.0,1520.0,1495.0,1496.0,1063115785,706513,65,1490.0,1496.0
2017-08-20,1513.0,1513.0,1490.0,1496.0,856428783,572071,61,1496.0,1500.0
2017-08-21,1500.0,1509.0,1482.0,1496.0,276161581,184545,37,1496.0,1490.0
2017-08-22,1480.0,1498.0,1480.0,1495.0,776006896,520117,46,1496.0,1497.0
2017-08-23,1498.0,1500.0,1481.0,1497.0,1576215699,1052302,72,1495.0,1489.0
2017-08-26,1497.0,1497.0,1475.0,1494.0,907295834,609912,43,1497.0,1490.0
2017-08-27,1495.0,1495.0,1476.0,1492.0,981021157,659611,61,1494.0,1476.0
2017-08-28,1492.0,1492.0,1470.0,1490.0,307502598,208000,26,1492.0,1487.0
2017-08-29,1490.0,1508.0,1464.0,1493.0,1731871065,1158174,86,1490.0,1489.0
2017-08-30,1470.0,1489.0,1467.0,1491.0,315827506,213988,38,1493.0,1488.0
2017-09-02,1490.0,1500.0,1490.0,1491.0,2000858040,1342099,90,1491.0,1490.0
2017-09-03,1499.0,1499.0,1486.0,1491.0,545582320,365975,37,1491.0,1490.0
2017-09-04,1500.0,1535.0,1494.0,1494.0,904515308,602856,45,1491.0,1494.0
2017-09-05,1518.0,1518.0,1488.0,1498.0,1504892080,1002698,59,1494.0,1499.0
2017-09-06,1520.0,1520.0,1480.0,1493.0,1678718881,1126962,88,1498.0,1488.0
2017-09-10,1500.0,1500.0,1480.0,1493.0,183629714,123578,17,1493.0,1480.0
2017-09-11,1480.0,1503.0,1480.0,1498.0,2438398025,1627488,69,1493.0,1503.0
2017-09-12,1480.0,1499.0,1475.0,1497.0,1122790130,751251,59,1498.0,1485.0
2017-09-13,1485.0,1495.0,1474.0,1495.0,399784245,268863,45,1497.0,1491.0
2017-09-16,1487.0,1495.0,1464.0,1494.0,160945449,109096,24,1495.0,1464.0
2017-09-17,1466.0,1488.0,1465.0,1490.0,455535165,309445,30,1494.0,1488.0
2017-09-18,1496.0,1496.0,1461.0,1488.0,264798093,179733,27,1490.0,1461.0
2017-09-19,1462.0,1480.0,1459.0,1483.0,769457499,523689,61,1488.0,1459.0
2017-09-20,1475.0,1476.0,1457.0,1478.0,646590818,441690,62,1483.0,1476.0
2017-09-23,1484.0,1484.0,1443.0,1471.0,831508242,570540,57,1478.0,1444.0
2017-09-24,1444.0,1520.0,1420.0,1453.0,1537915726,1067553,113,1471.0,1432.0
2017-09-25,1476.0,1476.0,1430.0,1449.0,467154942,326229,45,1453.0,1449.0
2017-09-26,1460.0,1460.0,1420.0,1434.0,1412097485,992930,95,1449.0,1420.0
2017-09-27,1472.0,1505.0,1430.0,1476.0,7524642745,5098678,176,1434.0,1505.0
2017-10-02,1491.0,1500.0,1480.0,1480.0,714768201,479592,36,1476.0,1500.0
2017-10-03,1500.0,1516.0,1473.0,1482.0,348784333,232845,22,1480.0,1502.0
2017-10-04,1509.0,1509.0,1476.0,1481.0,1262971411,853529,42,1482.0,1479.0
2017-10-07,1461.0,1463.0,1460.0,1479.0,241981280,165648,22,1481.0,1460.0
2017-10-08,1463.0,1480.0,1454.0,1477.0,288181978,197773,24,1479.0,1480.0
2017-10-09,1455.0,1457.0,1444.0,1464.0,1109060255,767046,88,1477.0,1445.0
2017-10-10,1475.0,1475.0,1475.0,1464.0,5693500,3860,3,1464.0,1475.0
2017-10-11,1460.0,1464.0,1436.0,1460.0,624475368,431845,44,1464.0,1440.0
2017-10-14,1460.0,1479.0,1460.0,1461.0,754190944,515855,35,1460.0,1460.0
2017-10-15,1470.0,1504.0,1470.0,1466.0,503256010,338183,42,1461.0,1490.0
2017-10-16,1470.0,1475.0,1466.0,1467.0,435624218,296300,30,1466.0,1475.0
2017-10-17,1467.0,1495.0,1460.0,1468.0,995777799,676957,50,1467.0,1460.0
2017-10-18,1474.0,1490.0,1460.0,1470.0,785731327,533368,44,1468.0,1470.0
2017-10-21,1500.0,1500.0,1473.0,1490.0,4674198045,3137084,58,1470.0,1480.0
2017-10-22,1500.0,1500.0,1485.0,1490.0,407094549,273078,29,1490.0,1491.0
2017-10-23,1500.0,1514.0,1487.0,1494.0,2175759200,1455388,110,1490.0,1487.0
2017-10-24,1499.0,1500.0,1480.0,1493.0,1199193134,804250,61,1494.0,1500.0
2017-10-25,1500.0,1500.0,1485.0,1493.0,404295660,270512,45,1493.0,1493.0
2017-10-28,1500.0,1500.0,1483.0,1492.0,992999283,665875,61,1493.0,1498.0
2017-10-29,1500.0,1513.0,1493.0,1493.0,614873786,411014,55,1492.0,1499.0
2017-10-30,1510.0,1530.0,1496.0,1504.0,1821204145,1206995,46,1493.0,1500.0
2017-10-31,1495.0,1499.0,1489.0,1501.0,765691016,512193,41,1504.0,1490.0
2017-11-01,1519.0,1520.0,1480.0,1496.0,939522010,631559,92,1501.0,1480.0
2017-11-04,1480.0,1520.0,1476.0,1493.0,644503925,434296,48,1496.0,1481.0
2017-11-05,1480.0,1509.0,1478.0,1490.0,586370760,396055,44,1493.0,1478.0
2017-11-06,1490.0,1490.0,1466.0,1488.0,448218904,303729,48,1490.0,1466.0
2017-11-07,1500.0,1500.0,1469.0,1487.0,304049168,205896,31,1488.0,1476.0
2017-11-08,1476.0,1480.0,1461.0,1483.0,654058029,444711,41,1487.0,1480.0
2017-11-11,1491.0,1491.0,1470.0,1483.0,243504140,164198,22,1483.0,1470.0
2017-11-12,1499.0,1519.0,1471.0,1495.0,4987805962,3335761,212,1483.0,1475.0
2017-11-13,1512.0,1514.0,1480.0,1494.0,761868254,510504,66,1495.0,1500.0
2017-11-14,1510.0,1510.0,1484.0,1494.0,56524332,37951,15,1494.0,1494.0
2017-11-15,1509.0,1530.0,1495.0,1520.0,3747060108,2464672,137,1494.0,1519.0
2017-11-18,1510.0,1534.0,1510.0,1520.0,803221080,528850,55,1520.0,1524.0
2017-11-20,1515.0,1515.0,1501.0,1519.0,351713410,233124,27,1520.0,1510.0
2017-11-21,1515.0,1519.0,1505.0,1518.0,373959714,247960,26,1519.0,1505.0
2017-11-22,1521.0,1522.0,1510.0,1517.0,1260200064,831151,57,1518.0,1510.0
2017-11-25,1529.0,1524.0,1510.0,1516.0,1924760881,1269388,151,1517.0,1520.0
2017-11-26,1519.0,1534.0,1519.0,1519.0,636259501,416059,33,1516.0,1525.0
2017-11-28,1520.0,1594.0,1520.0,1584.0,8556564393,5401219,280,1519.0,1594.0
2017-11-29,1593.0,1628.0,1590.0,1594.0,1196457462,743675,60,1584.0,1590.0
2017-12-02,1562.0,1619.0,1562.0,1591.0,698985094,441623,78,1594.0,1595.0
2017-12-03,1616.0,1619.0,1592.0,1593.0,553721087,346099,46,1591.0,1595.0
2017-12-04,1615.0,1616.0,1593.0,1595.0,861649224,538961,32,1593.0,1593.0
2017-12-05,1595.0,1595.0,1564.0,1588.0,1137221940,720939,66,1595.0,1565.0
2017-12-09,1569.0,1570.0,1560.0,1587.0,131648000,84000,8,1588.0,1570.0
2017-12-10,1585.0,1590.0,1560.0,1585.0,399391165,254206,35,1587.0,1570.0
2017-12-11,1571.0,1579.0,1553.0,1581.0,471775623,302068,41,1585.0,1565.0
2017-12-12,1565.0,1581.0,1551.0,1570.0,1320378846,847408,103,1581.0,1581.0
2017-12-13,1596.0,1639.0,1570.0,1604.0,4968549985,3097282,151,1570.0,1602.0
2017-12-16,1610.0,1664.0,1606.0,1625.0,2459555405,1509546,65,1604.0,1630.0
2017-12-17,1623.0,1635.0,1601.0,1610.0,3988384420,2478019,98,1625.0,1605.0
2017-12-18,1602.0,1627.0,1591.0,1608.0,531360544,331865,24,1610.0,1600.0
2017-12-19,1600.0,1615.0,1590.0,1606.0,694478330,434529,30,1608.0,1615.0
2017-12-20,1605.0,1630.0,1590.0,1616.0,6527937207,4038720,139,1606.0,1619.0
2017-12-23,1630.0,1640.0,1620.0,1635.0,12028619192,7358062,329,1616.0,1620.0
2017-12-24,1649.0,1649.0,1600.0,1629.0,1016293107,628700,56,1635.0,1605.0
2017-12-25,1600.0,1630.0,1600.0,1602.0,7518245235,4693443,194,1629.0,1630.0
2017-12-26,1610.0,1628.0,1610.0,1608.0,1197431076,740326,38,1602.0,1616.0
2017-12-27,1630.0,1645.0,1615.0,1614.0,1346790852,831202,57,1608.0,1620.0
2017-12-30,1630.0,1630.0,1582.0,1609.0,1155135352,721406,69,1614.0,1622.0
2017-12-31,1580.0,1582.0,1540.0,1545.0,6533224151,4228723,191,1609.0,1548.0
2018-01-01,1546.0,1584.0,1546.0,1570.0,28682148009,18273116,235,1545.0,1579.0
2018-01-02,1613.0,1645.0,1600.0,1629.0,5951000862,3654111,223,1570.0,1610.0
2018-01-03,1633.0,1649.0,1629.0,1639.0,3288349265,2006095,95,1629.0,1640.0
2018-01-06,1640.0,1666.0,1625.0,1640.0,28679345032,17491318,869,1639.0,1640.0
2018-01-07,1656.0,1665.0,1641.0,1644.0,929850780,562626,61,1640.0,1653.0
2018-01-08,1665.0,1666.0,1649.0,1648.0,1220757583,737641,58,1644.0,1650.0
2018-01-09,1666.0,1680.0,1654.0,1657.0,1251070002,749296,86,1648.0,1670.0
2018-01-10,1678.0,1682.0,1663.0,1668.0,1821169711,1086683,90,1657.0,1680.0
2018-01-13,1682.0,1720.0,1682.0,1697.0,2336875602,1369174,91,1668.0,1702.0
2018-01-14,1673.0,1730.0,1673.0,1714.0,2298858163,1336563,72,1697.0,1728.0
2018-01-15,1728.0,1730.0,1705.0,1714.0,2086131569,1217298,74,1714.0,1705.0
2018-01-16,1701.0,1728.0,1687.0,1708.0,2481589393,1454196,98,1714.0,1700.0
2018-01-17,1729.0,1729.0,1710.0,1714.0,1594129231,927058,56,1708.0,1711.0
2018-01-20,1730.0,1730.0,1696.0,1712.0,557262734,326914,35,1714.0,1705.0
2018-01-21,1691.0,1740.0,1690.0,1713.0,847069090,493337,52,1712.0,1738.0
2018-01-22,1697.0,1746.0,1696.0,1714.0,26699386089,15580735,532,1713.0,1720.0
2018-01-23,1766.0,1770.0,1740.0,1743.0,2209479016,1258963,91,1714.0,1770.0
2018-01-24,1779.0,1830.0,1755.0,1808.0,22031864220,12185876,372,1743.0,1829.0
2018-01-27,1850.0,1898.0,1830.0,1822.0,1274938051,691468,74,1808.0,1849.0
2018-01-28,1810.0,1860.0,1800.0,1852.0,3515870599,1897947,95,1822.0,1859.0
2018-01-29,1841.0,1898.0,1840.0,1863.0,4406390206,2364804,148,1852.0,1860.0
2018-01-30,1860.0,1870.0,1840.0,1854.0,1711616030,927328,69,1863.0,1840.0
2018-01-31,1849.0,1866.0,1829.0,1853.0,1921000837,1036727,63,1854.0,1860.0
2018-02-03,1834.0,1869.0,1790.0,1848.0,3810294930,2061934,121,1853.0,1851.0
2018-02-04,1878.0,1894.0,1843.0,1854.0,1599746983,860253,95,1848.0,1870.0
2018-02-05,1854.0,1900.0,1854.0,1880.0,4840679599,2574599,148,1854.0,1894.0
2018-02-06,1894.0,1894.0,1856.0,1876.0,2752585372,1467540,92,1880.0,1860.0
2018-02-07,1886.0,1886.0,1852.0,1870.0,16557582716,8855871,323,1876.0,1870.0
2018-02-10,1850.0,1899.0,1821.0,1873.0,16615739605,8869097,561,1870.0,1897.0
2018-02-19,1199.0,1199.0,1154.0,1173.0,14996229564,12781121,796,1093.0,1176.0
2018-02-21,1188.0,1231.0,1182.0,1225.0,8410293086,6865822,576,1173.0,1229.0
2018-02-24,1241.0,1276.0,1230.0,1251.0,5297928240,4233742,319,1225.0,1240.0
2018-02-25,1250.0,1268.0,1234.0,1248.0,1390657766,1116633,132,1251.0,1234.0
2018-02-26,1250.0,1250.0,1220.0,1238.0,1475411476,1197011,126,1248.0,1220.0
2018-02-27,1240.0,1240.0,1200.0,1220.0,1740414673,1432058,136,1238.0,1210.0
2018-02-28,1203.0,1220.0,1196.0,1209.0,2219148823,1834938,128,1220.0,1220.0
2018-03-03,1222.0,1228.0,1205.0,1211.0,1080493423,890287,66,1209.0,1206.0
2018-03-04,1218.0,1219.0,1198.0,1206.0,1185441590,986101,83,1211.0,1199.0
2018-03-05,1225.0,1230.0,1200.0,1211.0,1237190500,1018109,68,1206.0,1200.0
2018-03-06,1215.0,1220.0,1201.0,1213.0,709117713,583122,61,1211.0,1206.0
2018-03-07,1220.0,1222.0,1210.0,1215.0,630338390,517032,70,1213.0,1222.0
2018-03-10,1222.0,1224.0,1208.0,1216.0,1250444231,1027211,97,1215.0,1208.0
2018-03-11,1205.0,1217.0,1200.0,1210.0,1057082001,878002,86,1216.0,1213.0
2018-03-12,1210.0,1219.0,1198.0,1206.0,2301074034,1907985,157,1210.0,1198.0
2018-03-13,1205.0,1219.0,1200.0,1204.0,931534901,774917,70,1206.0,1200.0
2018-03-14,1201.0,1240.0,1201.0,1214.0,912992730,743409,110,1204.0,1233.0
2018-03-17,1231.0,1232.0,1218.0,1215.0,231788456,189289,49,1214.0,1218.0
2018-03-18,1216.0,1227.0,1197.0,1207.0,3211181470,2661159,166,1215.0,1197.0
2018-03-19,1230.0,1230.0,1194.0,1203.0,1282824835,1068468,102,1207.0,1204.0
2018-03-25,1210.0,1242.0,1207.0,1207.0,336845160,273757,41,1203.0,1223.0
2018-03-26,1230.0,1230.0,1218.0,1212.0,655369381,535084,50,1207.0,1221.0
2018-03-27,1237.0,1237.0,1220.0,1217.0,797278665,649791,50,1212.0,1235.0
2018-03-28,1230.0,1271.0,1230.0,1229.0,683621221,544285,95,1217.0,1265.0
2018-04-03,1269.0,1290.0,1269.0,1288.0,2715403166,2108035,171,1229.0,1290.0
2018-04-04,1349.0,1349.0,1310.0,1335.0,2270079071,1697092,196,1288.0,1340.0
2018-04-07,1342.0,1342.0,1295.0,1324.0,888318833,680549,90,1335.0,1300.0
2018-04-08,1295.0,1312.0,1280.0,1316.0,685702619,529128,57,1324.0,1280.0
2018-04-09,1281.0,1297.0,1251.0,1284.0,1317935122,1044591,185,1316.0,1260.0
2018-04-10,1271.0,1289.0,1269.0,1283.0,684392773,534488,43,1284.0,1270.0
2018-04-11,1279.0,1280.0,1250.0,1279.0,351003159,278697,28,1283.0,1254.0
2018-04-15,1269.0,1269.0,1240.0,1276.0,199818178,160473,28,1279.0,1243.0
2018-04-16,1242.0,1275.0,1242.0,1275.0,329167656,259417,36,1276.0,1271.0
2018-04-17,1289.0,1297.0,1260.0,1278.0,491649335,381729,53,1275.0,1289.0
2018-04-18,1290.0,1290.0,1266.0,1277.0,424424779,333084,45,1278.0,1271.0
2018-04-21,1271.0,1271.0,1214.0,1224.0,2072464175,1697667,193,1277.0,1214.0
2018-04-22,1215.0,1215.0,1163.0,1204.0,1022356413,864361,130,1224.0,1189.0
2018-04-23,1210.0,1210.0,1150.0,1182.0,1450123737,1237500,98,1204.0,1165.0
2018-04-24,1162.0,1190.0,1162.0,1179.0,488919014,417528,52,1182.0,1169.0
2018-04-25,1199.0,1199.0,1167.0,1177.0,558731105,476653,62,1179.0,1167.0
2018-04-28,1171.0,1175.0,1142.0,1158.0,1543564283,1340792,106,1177.0,1142.0
2018-04-29,1146.0,1146.0,1101.0,1105.0,3385326245,3062522,257,1158.0,1101.0
2018-04-30,1100.0,1100.0,1060.0,1100.0,567834467,522618,85,1105.0,1097.0
2018-05-01,1110.0,1110.0,1056.0,1071.0,1725955569,1617019,170,1100.0,1056.0
2018-05-05,1065.0,1080.0,1030.0,1061.0,1254987829,1188686,111,1071.0,1033.0
2018-05-06,1036.0,1060.0,1028.0,1058.0,361603780,346562,53,1061.0,1045.0
2018-05-07,1040.0,1070.0,1025.0,1055.0,925602714,879488,92,1058.0,1068.0
2018-05-08,1070.0,1092.0,1055.0,1066.0,731024993,674711,108,1055.0,1092.0
2018-05-09,1080.0,1085.0,1043.0,1068.0,1023456326,956454,98,1066.0,1085.0
2018-05-12,1089.0,1104.0,1084.0,1074.0,572180544,525400,60,1068.0,1104.0
2018-05-13,1100.0,1127.0,1100.0,1085.0,431086600,383220,50,1074.0,1127.0
2018-05-14,1139.0,1139.0,1139.0,1099.0,527641750,463250,20,1085.0,1139.0
2018-05-15,1153.0,1153.0,1113.0,1149.0,2882992725,2508323,154,1099.0,1147.0
2018-05-16,1150.0,1150.0,1122.0,1147.0,468222945,410832,78,1149.0,1122.0
2018-05-19,1138.0,1139.0,1121.0,1137.0,1255645599,1110968,93,1147.0,1130.0
2018-05-20,1130.0,1130.0,1100.0,1124.0,1164088470,1044094,132,1137.0,1112.0
2018-05-21,1100.0,1126.0,1100.0,1122.0,601969893,539267,61,1124.0,1120.0
2018-05-22,1127.0,1130.0,1120.0,1124.0,1139503944,1012245,112,1122.0,1120.0
2018-05-23,1126.0,1140.0,1100.0,1122.0,955488321,853774,103,1124.0,1127.0
2018-05-26,1108.0,1130.0,1100.0,1120.0,960143677,858306,72,1122.0,1122.0
2018-05-27,1128.0,1170.0,1115.0,1128.0,1621489800,1434865,129,1120.0,1170.0
2018-05-28,1130.0,1165.0,1130.0,1136.0,705296419,611957,79,1128.0,1158.0
2018-05-29,1163.0,1163.0,1136.0,1141.0,614586970,533459,62,1136.0,1151.0
2018-05-30,1150.0,1150.0,1130.0,1140.0,457380351,402367,55,1141.0,1140.0
2018-06-02,1154.0,1154.0,1100.0,1131.0,795036883,711627,85,1140.0,1119.0
2018-06-03,1147.0,1147.0,1107.0,1128.0,672384843,599359,79,1131.0,1129.0
2018-06-09,1137.0,1138.0,1103.0,1128.0,882747621,782810,70,1128.0,1129.0
2018-06-10,1131.0,1131.0,1120.0,1125.0,1021090950,909664,77,1128.0,1128.0
2018-06-11,1128.0,1130.0,1110.0,1123.0,1104576677,984472,92,1125.0,1110.0
2018-06-12,1110.0,1132.0,1110.0,1125.0,1088036813,965326,67,1123.0,1132.0
2018-06-13,1133.0,1181.0,1133.0,1161.0,1899486803,1630490,160,1125.0,1162.0
2018-06-17,1190.0,1219.0,1190.0,1219.0,6079919719,4989501,161,1161.0,1219.0
2018-06-18,1279.0,1279.0,1226.0,1256.0,2163813914,1720988,138,1219.0,1251.0
2018-06-19,1257.0,1318.0,1257.0,1306.0,4649805096,3561361,241,1256.0,1318.0
2018-06-20,1320.0,1371.0,1319.0,1370.0,2556158833,1865704,120,1306.0,1371.0
2018-06-23,1318.0,1399.0,1314.0,1367.0,609852244,449466,102,1370.0,1340.0
2018-06-24,1435.0,1435.0,1370.0,1419.0,5575043162,3929039,270,1367.0,1432.0
2018-06-25,1435.0,1489.0,1435.0,1488.0,10322055615,6939050,367,1419.0,1489.0
2018-06-26,1490.0,1490.0,1414.0,1440.0,4968311889,3450678,219,1488.0,1425.0
2018-06-27,1468.0,1468.0,1368.0,1371.0,2754905259,2009777,128,1440.0,1368.0
2018-06-30,1351.0,1351.0,1320.0,1355.0,1465103461,1089525,113,1371.0,1327.0
2018-07-01,1372.0,1380.0,1288.0,1341.0,973883356,737456,81,1355.0,1292.0
2018-07-02,1361.0,1361.0,1274.0,1318.0,1322689193,1017172,72,1341.0,1317.0
2018-07-03,1301.0,1339.0,1276.0,1315.0,566342335,433380,81,1318.0,1339.0
2018-07-04,1300.0,1305.0,1279.0,1308.0,634398825,492464,85,1315.0,1300.0
2018-07-07,1300.0,1328.0,1257.0,1302.0,576384169,448823,61,1308.0,1261.0
2018-07-08,1280.0,1300.0,1277.0,1298.0,820262864,635253,53,1302.0,1277.0
2018-07-10,1252.0,1267.0,1240.0,1264.0,1496165624,1199568,76,1298.0,1240.0
2018-07-11,1236.0,1299.0,1213.0,1253.0,1790886783,1431802,128,1264.0,1299.0
2018-07-14,1274.0,1274.0,1260.0,1254.0,175513068,138814,31,1253.0,1260.0
2018-07-15,1282.0,1283.0,1252.0,1256.0,180751249,141538,25,1254.0,1279.0
2018-07-16,1260.0,1270.0,1225.0,1255.0,212727223,170783,44,1256.0,1237.0
2018-07-17,1240.0,1266.0,1235.0,1254.0,174631381,139979,17,1255.0,1242.0
2018-07-18,1230.0,1274.0,1226.0,1252.0,487330396,391512,38,1254.0,1243.0
2018-07-21,1242.0,1256.0,1207.0,1244.0,804546262,653784,60,1252.0,1256.0
2018-07-22,1214.0,1242.0,1212.0,1237.0,840583233,686358,44,1244.0,1230.0
2018-07-23,1220.0,1251.0,1216.0,1236.0,524567371,425563,42,1237.0,1250.0
2018-07-24,1240.0,1253.0,1226.0,1236.0,365821361,296568,41,1236.0,1226.0
2018-07-25,1221.0,1258.0,1219.0,1235.0,302471529,246471,18,1236.0,1256.0
2018-07-28,1250.0,1296.0,1250.0,1293.0,3014468153,2330891,183,1235.0,1296.0
2018-07-29,1298.0,1299.0,1251.0,1283.0,927702894,731064,74,1293.0,1260.0
2018-07-30,1292.0,1347.0,1292.0,1343.0,7284459412,5422556,304,1283.0,1347.0
2018-07-31,1410.0,1410.0,1380.0,1410.0,12489785546,8859781,332,1343.0,1410.0
2018-08-01,1462.0,1480.0,1381.0,1435.0,8616544893,6002825,427,1410.0,1400.0
2018-08-04,1400.0,1425.0,1364.0,1379.0,3187023777,2311488,181,1435.0,1364.0
2018-08-05,1380.0,1447.0,1365.0,1416.0,4436568128,3133523,231,1379.0,1395.0
2018-08-06,1486.0,1486.0,1438.0,1482.0,7665465973,5173751,230,1416.0,1438.0
2018-08-07,1450.0,1450.0,1408.0,1417.0,2347616737,1662949,154,1482.0,1408.0
2018-08-08,1380.0,1398.0,1347.0,1403.0,624506487,458942,70,1417.0,1372.0
2018-08-11,1368.0,1391.0,1351.0,1380.0,1326898280,975492,63,1403.0,1361.0
2018-08-12,1382.0,1395.0,1363.0,1380.0,448923057,325700,61,1380.0,1367.0
2018-08-13,1356.0,1375.0,1340.0,1372.0,753034491,556583,56,1380.0,1357.0
2018-08-14,1389.0,1400.0,1362.0,1380.0,1205228027,867868,71,1372.0,1372.0
2018-08-15,1394.0,1394.0,1361.0,1379.0,581395961,423240,42,1380.0,1370.0
2018-08-18,1395.0,1395.0,1346.0,1372.0,737354428,543205,65,1379.0,1385.0
2018-08-19,1393.0,1400.0,1361.0,1383.0,1399521310,1005953,72,1372.0,1385.0
2018-08-20,1385.0,1415.0,1350.0,1401.0,3842997032,2743623,153,1383.0,1400.0
2018-08-21,1371.0,1402.0,1371.0,1399.0,1438142178,1028988,86,1401.0,1400.0
2018-08-25,1408.0,1468.0,1407.0,1465.0,13764731951,9394924,329,1399.0,1468.0
2018-08-26,1487.0,1538.0,1487.0,1536.0,4479720844,2916608,222,1465.0,1530.0
2018-08-27,1530.0,1539.0,1460.0,1466.0,6866422661,4682576,373,1536.0,1461.0
2018-08-28,1490.0,1490.0,1410.0,1446.0,2729253694,1886889,145,1466.0,1460.0
2018-08-29,1460.0,1498.0,1455.0,1454.0,1267158845,865761,87,1446.0,1460.0
2018-09-01,1457.0,1497.0,1457.0,1457.0,635313617,432801,66,1454.0,1470.0
2018-09-02,1461.0,1461.0,1400.0,1445.0,920944746,647426,82,1457.0,1432.0
2018-09-03,1427.0,1468.0,1420.0,1445.0,698094029,483614,43,1445.0,1463.0
2018-09-04,1422.0,1490.0,1422.0,1453.0,798491449,542481,65,1445.0,1449.0
2018-09-05,1434.0,1478.0,1434.0,1453.0,412930670,284609,33,1453.0,1460.0
2018-09-08,1469.0,1505.0,1441.0,1480.0,4811570965,3250463,195,1453.0,1490.0
2018-09-09,1490.0,1541.0,1453.0,1507.0,3404407178,2259607,196,1480.0,1526.0
2018-09-10,1468.0,1582.0,1468.0,1575.0,14060507200,8925773,364,1507.0,1570.0
2018-09-11,1560.0,1640.0,1520.0,1597.0,8645561171,5413974,282,1575.0,1601.0
2018-09-12,1649.0,1676.0,1605.0,1663.0,7949332633,4779341,356,1597.0,1644.0
2018-09-15,1737.0,1746.0,1649.0,1695.0,3579188576,2111647,231,1663.0,1650.0
2018-09-16,1695.0,1702.0,1611.0,1632.0,5022024667,3077934,195,1695.0,1644.0
2018-09-17,1631.0,1713.0,1630.0,1682.0,6094056861,3623766,243,1632.0,1671.0
2018-09-18,1764.0,1764.0,1642.0,1683.0,1084219563,643102,72,1682.0,1700.0
2018-09-22,1760.0,1764.0,1710.0,1725.0,2144088784,1228749,156,1683.0,1755.0
2018-09-23,1762.0,1811.0,1713.0,1770.0,2004597903,1114981,156,1725.0,1791.0
2018-09-24,1858.0,1858.0,1760.0,1845.0,3541880174,1919621,227,1770.0,1850.0
2018-09-25,1928.0,1937.0,1900.0,1935.0,9340187943,4827686,278,1845.0,1937.0
2018-09-26,2031.0,2031.0,2020.0,2031.0,3723524243,1833429,97,1935.0,2031.0
2018-09-29,2132.0,2238.0,2132.0,2190.0,3676617228,1669129,116,2031.0,2238.0
2018-09-30,2299.0,2413.0,2299.0,2326.0,9426426129,4053328,200,2190.0,2321.0
2018-10-01,2399.0,2399.0,2210.0,2214.0,18821445337,8502631,456,2326.0,2210.0
2018-10-02,2112.0,2119.0,2104.0,2105.0,14770362055,7017879,284,2214.0,2104.0
2018-10-03,2000.0,2098.0,2000.0,2042.0,5896131971,2886873,223,2105.0,2090.0
2018-10-06,2126.0,2126.0,1940.0,1984.0,5392029086,2717633,200,2042.0,1940.0
2018-10-07,1890.0,1909.0,1885.0,1905.0,2803808950,1485019,139,1984.0,1885.0
2018-10-08,1810.0,1860.0,1810.0,1815.0,4626181196,2548786,194,1905.0,1849.0
2018-10-09,1890.0,1905.0,1850.0,1887.0,3250800677,1719566,170,1815.0,1879.0
2018-10-10,1964.0,1964.0,1875.0,1890.0,2325832369,1230013,119,1887.0,1889.0
2018-10-13,1962.0,1962.0,1796.0,1840.0,1953172668,1081346,111,1890.0,1796.0
2018-10-14,1800.0,1800.0,1751.0,1839.0,29201000,16250,9,1840.0,1800.0
2018-10-15,1781.0,1930.0,1781.0,1888.0,2048019949,1065958,160,1839.0,1930.0
2018-10-16,1943.0,1962.0,1794.0,1891.0,2482653675,1311815,170,1888.0,1870.0
2018-10-17,1801.0,1965.0,1797.0,1877.0,1988415328,1064694,171,1891.0,1965.0
2018-10-20,1955.0,1970.0,1881.0,1943.0,2633376646,1339272,128,1877.0,1970.0
2018-10-21,1980.0,2000.0,1850.0,1926.0,1612956407,846135,105,1943.0,1939.0
2018-10-22,1891.0,1916.0,1850.0,1918.0,795961281,420955,50,1926.0,1900.0
2018-10-23,1925.0,1925.0,1833.0,1888.0,1835239564,984925,113,1918.0,1833.0
2018-10-24,1870.0,1870.0,1794.0,1809.0,4057978660,2242846,177,1888.0,1794.0
2018-10-27,1722.0,1810.0,1721.0,1800.0,1535675183,857704,72,1809.0,1797.0
2018-10-28,1752.0,1823.0,1752.0,1802.0,3278179608,1819687,179,1800.0,1790.0
2018-10-31,1897.0,1948.0,1888.0,1905.0,2856632240,1499836,162,1802.0,1900.0
2018-11-03,1860.0,1900.0,1860.0,1891.0,1898798461,1010408,244,1905.0,1887.0
2018-11-04,1899.0,1979.0,1858.0,1903.0,1509169113,786416,89,1891.0,1935.0
2018-11-05,1900.0,1933.0,1892.0,1906.0,1208519540,632678,78,1903.0,1920.0
2018-11-06,1900.0,1930.0,1899.0,1909.0,1805034900,944004,110,1906.0,1930.0
2018-11-10,1940.0,1988.0,1930.0,1943.0,2704203530,1384575,120,1909.0,1959.0
2018-11-11,1980.0,1980.0,1931.0,1944.0,1059879150,544916,68,1943.0,1939.0
2018-11-12,1964.0,1979.0,1950.0,1953.0,1468547722,746835,81,1944.0,1958.0
2018-11-13,1985.0,1985.0,1946.0,1953.0,771402206,394981,50,1953.0,1960.0
2018-11-14,1930.0,1959.0,1900.0,1952.0,711954223,365668,50,1953.0,1955.0
2018-11-17,1915.0,1949.0,1905.0,1940.0,1299362728,676698,95,1952.0,1916.0
2018-11-18,1949.0,1949.0,1885.0,1917.0,1861585692,980537,95,1940.0,1896.0
2018-11-19,1920.0,1940.0,1884.0,1907.0,1449243268,765152,88,1917.0,1889.0
2018-11-20,1882.0,1900.0,1882.0,1905.0,453924570,240289,38,1907.0,1888.0
2018-11-21,1871.0,1890.0,1851.0,1897.0,716071698,383279,72,1905.0,1880.0
2018-11-24,1909.0,1909.0,1820.0,1883.0,1150923283,620360,95,1897.0,1820.0
2018-11-26,1830.0,1830.0,1789.0,1849.0,1395751788,774198,99,1883.0,1792.0
2018-11-27,1830.0,1885.0,1800.0,1838.0,1607813283,879982,110,1849.0,1802.0
2018-11-28,1772.0,1883.0,1772.0,1827.0,841660433,468903,71,1838.0,1790.0
2018-12-01,1776.0,1788.0,1737.0,1775.0,2278311534,1297864,126,1827.0,1738.0
2018-12-02,1750.0,1827.0,1750.0,1779.0,556130260,309449,42,1775.0,1797.0
2018-12-03,1778.0,1829.0,1778.0,1793.0,2229727638,1239284,92,1779.0,1800.0
2018-12-04,1801.0,1810.0,1771.0,1789.0,1231943773,690722,64,1793.0,1780.0
2018-12-05,1781.0,1820.0,1781.0,1791.0,2399212501,1338600,77,1789.0,1788.0
2018-12-08,1800.0,1810.0,1788.0,1791.0,1724156516,962402,71,1791.0,1791.0
2018-12-09,1791.0,1824.0,1782.0,1796.0,1772362496,984977,75,1791.0,1799.0
2018-12-10,1780.0,1837.0,1780.0,1797.0,231187831,128050,42,1796.0,1809.0
2018-12-11,1797.0,1814.0,1797.0,1798.0,194044121,107468,36,1797.0,1799.0
2018-12-12,1815.0,1818.0,1798.0,1800.0,821672027,454663,76,1798.0,1800.0
2018-12-15,1800.0,1815.0,1790.0,1799.0,539208264,300300,31,1800.0,1796.0
2018-12-16,1805.0,1805.0,1772.0,1798.0,375940990,209550,42,1799.0,1780.0
2018-12-17,1771.0,1790.0,1750.0,1792.0,647196790,366088,55,1798.0,1780.0
2018-12-18,1780.0,1798.0,1769.0,1792.0,40756627,22926,18,1792.0,1769.0
2018-12-19,1799.0,1799.0,1721.0,1780.0,908195460,518598,76,1792.0,1765.0
2018-12-22,1764.0,1790.0,1761.0,1779.0,275438330,156172,14,1780.0,1790.0
2018-12-23,1790.0,1805.0,1785.0,1784.0,827817705,460263,46,1779.0,1805.0
2018-12-24,1816.0,1817.0,1796.0,1787.0,418481442,231353,49,1784.0,1811.0
2018-12-25,1818.0,1818.0,1770.0,1788.0,214699615,119404,38,1787.0,1798.0
2018-12-26,1817.0,1819.0,1800.0,1794.0,800022589,440910,55,1788.0,1819.0
2018-12-29,1819.0,1819.0,1810.0,1798.0,623214223,342933,62,1794.0,1819.0
2018-12-30,1830.0,1830.0,1800.0,1801.0,836947866,462368,50,1798.0,1808.0
2018-12-31,1800.0,1844.0,1800.0,1806.0,749970856,411101,44,1801.0,1819.0
2019-01-01,1819.0,1849.0,1819.0,1811.0,456607581,247905,40,1806.0,1840.0
2019-01-02,1848.0,1848.0,1822.0,1817.0,827252135,451175,72,1811.0,1831.0
2019-01-05,1863.0,1863.0,1830.0,1820.0,323020940,174944,41,1817.0,1846.0
2019-01-06,1863.0,1877.0,1840.0,1824.0,265247693,142033,44,1820.0,1863.0
2019-01-07,1877.0,1878.0,1852.0,1834.0,674333076,359569,60,1824.0,1875.0
2019-01-08,1870.0,1915.0,1870.0,1865.0,2110279915,1120367,104,1834.0,1915.0
2019-01-09,1924.0,1924.0,1880.0,1891.0,1626245257,847348,97,1865.0,1924.0
2019-01-12,1922.0,1985.0,1922.0,1972.0,5940522469,3012290,207,1891.0,1985.0
2019-01-13,2068.0,2070.0,2015.0,2066.0,4968782383,2404638,309,1972.0,2070.0
2019-01-14,2160.0,2160.0,1968.0,2043.0,2683250185,1318841,195,2066.0,2036.0
2019-01-15,2060.0,2060.0,2001.0,2036.0,1645979399,811954,86,2043.0,2021.0
2019-01-16,2057.0,2077.0,2016.0,2039.0,1735596146,850203,84,2036.0,2040.0
2019-01-19,2033.0,2037.0,1985.0,2005.0,4617153212,2303153,123,2039.0,2000.0
2019-01-20,2010.0,2042.0,1982.0,2010.0,1524237186,756160,136,2005.0,2042.0
2019-01-21,2060.0,2070.0,2011.0,2047.0,4171652583,2037532,216,2010.0,2055.0
2019-01-22,2047.0,2110.0,2047.0,2064.0,1710144651,820759,117,2047.0,2085.0
2019-01-23,2110.0,2132.0,2080.0,2080.0,1217202135,575448,113,2064.0,2119.0
2019-01-26,2129.0,2129.0,2088.0,2089.0,1452187927,690732,100,2080.0,2092.0
2019-01-27,2037.0,2095.0,2035.0,2068.0,2497017014,1213721,96,2089.0,2051.0
2019-01-28,2011.0,2054.0,2011.0,2036.0,2434455283,1204653,101,2068.0,2020.0
2019-01-29,2052.0,2058.0,2022.0,2036.0,913152167,448889,84,2036.0,2035.0
2019-01-30,2023.0,2044.0,2023.0,2035.0,3277974321,1611219,130,2036.0,2033.0
2019-02-02,2035.0,2050.0,1965.0,2028.0,1930194277,954789,114,2035.0,1980.0
2019-02-03,2000.0,2013.0,1983.0,2000.0,2791198844,1401366,126,2028.0,1983.0
2019-02-04,2000.0,2040.0,2000.0,2004.0,3146961738,1569976,179,2000.0,2009.0
2019-02-05,2035.0,2038.0,1990.0,2013.0,4204524148,2088615,206,2004.0,1991.0
2019-02-06,2012.0,2012.0,1980.0,1993.0,7017239416,3521162,225,2013.0,2004.0
2019-02-10,1988.0,2027.0,1955.0,1984.0,6130274776,3090183,316,1993.0,2013.0
2019-02-19,1516.0,1516.0,1442.0,1463.0,2462807604,1683927,190,1444.0,1457.0
2019-02-20,1460.0,1498.0,1459.0,1481.0,2583702526,1743968,136,1463.0,1497.0
2019-02-23,1480.0,1554.0,1480.0,1503.0,1413514844,927220,135,1481.0,1549.0
2019-02-24,1555.0,1555.0,1525.0,1509.0,581914501,380186,79,1503.0,1526.0
2019-02-25,1534.0,1562.0,1530.0,1520.0,988626855,642158,78,1509.0,1532.0
2019-02-26,1525.0,1549.0,1515.0,1521.0,574519751,377244,47,1520.0,1549.0
2019-02-27,1523.0,1546.0,1521.0,1522.0,656013066,430236,62,1521.0,1529.0
2019-03-02,1550.0,1554.0,1528.0,1524.0,461834551,300783,56,1522.0,1538.0
2019-03-03,1544.0,1544.0,1495.0,1521.0,784833884,518768,91,1524.0,1500.0
2019-03-04,1493.0,1510.0,1488.0,1507.0,1473921978,985892,78,1521.0,1500.0
2019-03-05,1493.0,1499.0,1486.0,1500.0,1064278250,715121,69,1507.0,1486.0
2019-03-06,1480.0,1495.0,1460.0,1484.0,1417997004,964191,95,1500.0,1489.0
2019-03-09,1488.0,1488.0,1465.0,1483.0,169228503,115275,38,1484.0,1479.0
2019-03-10,1463.0,1470.0,1463.0,1477.0,1034311297,704772,121,1483.0,1468.0
2019-03-11,1467.0,1470.0,1451.0,1466.0,1970380530,1347432,243,1477.0,1455.0
2019-03-12,1466.0,1466.0,1432.0,1455.0,1548295914,1069540,156,1466.0,1441.0
2019-03-13,1442.0,1457.0,1440.0,1452.0,1546034610,1065835,121,1455.0,1457.0
2019-03-16,1465.0,1499.0,1465.0,1467.0,1003040492,671898,105,1452.0,1497.0
2019-03-17,1498.0,1523.0,1497.0,1481.0,842964926,557414,70,1467.0,1519.0
2019-03-18,1520.0,1539.0,1520.0,1502.0,1103647124,720212,123,1481.0,1539.0
2019-03-19,1539.0,1575.0,1539.0,1544.0,2021094228,1295397,167,1502.0,1565.0
2019-03-25,1576.0,1600.0,1560.0,1558.0,905271217,570226,83,1544.0,1583.0
2019-03-26,1599.0,1635.0,1599.0,1590.0,1335514401,820572,105,1558.0,1634.0
2019-03-27,1635.0,1659.0,1590.0,1604.0,2430244922,1512053,165,1590.0,1615.0
2019-03-30,1650.0,1684.0,1625.0,1642.0,1618429256,966629,120,1604.0,1684.0
2019-03-31,1715.0,1715.0,1655.0,1661.0,1408227036,836310,116,1642.0,1683.0
2019-04-06,1680.0,1718.0,1635.0,1672.0,798293481,469171,89,1661.0,1718.0
2019-04-07,1700.0,1728.0,1689.0,1712.0,3703487584,2163498,196,1672.0,1725.0
2019-04-08,1710.0,1715.0,1686.0,1706.0,1889527150,1109936,131,1712.0,1712.0
2019-04-09,1716.0,1744.0,1713.0,1711.0,685052481,396132,108,1706.0,1716.0
2019-04-10,1716.0,1756.0,1716.0,1739.0,2658436614,1524020,132,1711.0,1748.0
2019-04-13,1750.0,1825.0,1740.0,1813.0,4106684217,2265343,294,1739.0,1820.0
2019-04-14,1827.0,1850.0,1805.0,1818.0,869710027,474318,121,1813.0,1847.0
2019-04-15,1848.0,1849.0,1800.0,1825.0,1665517453,909613,161,1818.0,1820.0
2019-04-16,1820.0,1824.0,1756.0,1799.0,2117457933,1185862,150,1825.0,1775.0
2019-04-17,1766.0,1800.0,1755.0,1789.0,1132826850,640155,113,1799.0,1780.0
2019-04-20,1740.0,1818.0,1740.0,1799.0,3414383150,1897707,188,1789.0,1802.0
2019-04-22,1836.0,1837.0,1779.0,1796.0,1275548577,711973,91,1799.0,1779.0
2019-04-23,1760.0,1780.0,1737.0,1783.0,1022633771,582685,80,1796.0,1762.0
2019-04-24,1760.0,1781.0,1751.0,1781.0,474230216,267532,50,1783.0,1781.0
2019-04-27,1780.0,1829.0,1780.0,1784.0,692322811,385288,76,1781.0,1807.0
2019-04-28,1807.0,1831.0,1801.0,1798.0,1429543846,787016,97,1784.0,1827.0
2019-04-29,1820.0,1879.0,1811.0,1854.0,3078941765,1656290,189,1798.0,1876.0
2019-04-30,1916.0,1946.0,1901.0,1942.0,6173463090,3179489,309,1854.0,1946.0
2019-05-01,2028.0,2039.0,1905.0,2034.0,7494923608,3685596,229,1942.0,2039.0
2019-05-04,2133.0,2135.0,2060.0,2131.0,5496929537,2579079,241,2034.0,2135.0
2019-05-05,2160.0,2190.0,2025.0,2084.0,4516213680,2167063,258,2131.0,2100.0
2019-05-06,2022.0,2131.0,1980.0,2021.0,6037818730,2987259,237,2084.0,1980.0
2019-05-07,1927.0,1927.0,1920.0,1933.0,3036224779,1581080,150,2021.0,1920.0
2019-05-08,1890.0,2023.0,1850.0,1956.0,2826996640,1441206,131,1933.0,1979.0
2019-05-11,2003.0,2003.0,1910.0,1949.0,1521517403,784179,111,1956.0,1910.0
2019-05-12,1910.0,1950.0,1866.0,1933.0,1349991909,707418,115,1949.0,1950.0
2019-05-13,1944.0,1980.0,1911.0,1937.0,1025072801,526955,93,1933.0,1955.0
2019-05-14,1940.0,1998.0,1931.0,1952.0,1204332471,608129,91,1937.0,1965.0
2019-05-15,1965.0,2049.0,1911.0,2031.0,12159279622,5987708,396,1952.0,2049.0
2019-05-18,2056.0,2110.0,2001.0,2077.0,6559010424,3158565,289,2031.0,2034.0
2019-05-19,2060.0,2060.0,1974.0,2004.0,3106713501,1559085,278,2077.0,2013.0
2019-05-20,1941.0,2044.0,1940.0,2004.0,1310124630,653839,79,2004.0,2021.0
2019-05-21,2043.0,2048.0,2022.0,2011.0,825429582,405286,123,2004.0,2030.0
2019-05-22,2048.0,2070.0,2003.0,2016.0,1573918289,778408,113,2011.0,2039.0
2019-05-25,2092.0,2092.0,2010.0,2019.0,1005808528,496060,89,2016.0,2049.0
2019-05-26,2026.0,2119.0,2025.0,2097.0,3705917837,1765708,195,2019.0,2117.0
2019-05-28,2125.0,2177.0,2125.0,2144.0,3449479437,1604294,219,2097.0,2140.0
2019-05-29,2112.0,2165.0,2037.0,2052.0,9283761521,4524223,323,2144.0,2037.0
2019-06-01,2058.0,2088.0,1970.0,2048.0,1039317579,510250,145,2052.0,2085.0
2019-06-02,2091.0,2114.0,2082.0,2073.0,1763899006,838960,127,2048.0,2107.0
2019-06-03,2100.0,2116.0,2042.0,2084.0,1862589416,888989,132,2073.0,2100.0
2019-06-08,2080.0,2120.0,2080.0,2086.0,1185051047,566657,111,2084.0,2087.0
2019-06-09,2120.0,2128.0,2090.0,2104.0,4017625677,1909800,181,2086.0,2095.0
2019-06-10,2129.0,2150.0,2068.0,2108.0,8137174949,3860546,295,2104.0,2100.0
2019-06-11,2138.0,2213.0,2079.0,2181.0,13905344219,6376151,459,2108.0,2213.0
2019-06-12,2260.0,2284.0,2180.0,2209.0,11782293429,5332899,426,2181.0,2180.0
2019-06-15,2180.0,2319.0,2103.0,2222.0,8022623853,3610818,271,2209.0,2310.0
2019-06-16,2320.0,2333.0,2227.0,2321.0,11778098450,5075540,358,2222.0,2246.0
2019-06-17,2318.0,2318.0,2215.0,2283.0,1970250089,878401,174,2321.0,2265.0
2019-06-18,2300.0,2300.0,2183.0,2256.0,1707078328,769326,124,2283.0,2205.0
2019-06-19,2255.0,2323.0,2175.0,2218.0,4035411282,1819061,174,2256.0,2180.0
2019-06-22,2190.0,2190.0,2124.0,2202.0,959978812,446037,99,2218.0,2149.0
2019-06-23,2190.0,2300.0,2190.0,2221.0,5911438413,2661958,266,2202.0,2201.0
2019-06-24,2215.0,2280.0,2181.0,2203.0,5013841123,2275500,179,2221.0,2200.0
2019-06-25,2205.0,2238.0,2197.0,2214.0,1790880480,803878,83,2203.0,2216.0
2019-06-26,2290.0,2290.0,2104.0,2149.0,19789238547,9209039,685,2214.0,2104.0
2019-06-30,2154.0,2176.0,2085.0,2109.0,6960409470,3300317,285,2149.0,2100.0
2019-07-01,2145.0,2170.0,2004.0,2138.0,16343104077,7645806,466,2109.0,2150.0
2019-07-02,2137.0,2143.0,2100.0,2125.0,4629634649,2178422,232,2138.0,2130.0
2019-07-03,2120.0,2172.0,2120.0,2159.0,3412353505,1576619,200,2125.0,2160.0
2019-07-06,2157.0,2199.0,2125.0,2173.0,5513077062,2536499,282,2159.0,2165.0
2019-07-07,2175.0,2255.0,2175.0,2199.0,7014124412,3189080,336,2173.0,2250.0
2019-07-08,2280.0,2281.0,2235.0,2256.0,12046425071,5338808,559,2199.0,2240.0
2019-07-09,2257.0,2269.0,2234.0,2241.0,5329442393,2377887,264,2256.0,2234.0
2019-07-10,2235.0,2250.0,2190.0,2207.0,5852555584,2651900,313,2241.0,2200.0
2019-07-13,2193.0,2227.0,2139.0,2162.0,12099803557,5595462,505,2207.0,2160.0
2019-07-14,2180.0,2220.0,2151.0,2180.0,2722021107,1244276,164,2162.0,2185.0
2019-07-15,2158.0,2197.0,2150.0,2176.0,2240334804,1030600,179,2180.0,2160.0
2019-07-16,2197.0,2197.0,2071.0,2120.0,3882361204,1831224,244,2176.0,2135.0
2019-07-17,2101.0,2175.0,2101.0,2134.0,2189103727,1021117,156,2120.0,2160.0
2019-07-20,2174.0,2206.0,2101.0,2195.0,7441947224,3390208,247,2134.0,2204.0
2019-07-21,2200.0,2268.0,2185.0,2211.0,3258373685,1471431,207,2195.0,2219.0
2019-07-22,2222.0,2268.0,2191.0,2212.0,2736779529,1237278,165,2211.0,2211.0
2019-07-23,2200.0,2215.0,2160.0,2203.0,1167698070,535503,93,2212.0,2198.0
2019-07-24,2200.0,2234.0,2156.0,2194.0,3769176667,1718644,178,2203.0,2234.0
2019-07-27,2228.0,2228.0,2175.0,2193.0,2473730700,1128554,132,2194.0,2190.0
2019-07-28,2229.0,2229.0,2172.0,2189.0,1363467521,624830,110,2193.0,2189.0
2019-07-29,2170.0,2209.0,2156.0,2178.0,1822463182,841656,126,2189.0,2185.0
2019-07-30,2200.0,2200.0,2170.0,2180.0,975244898,445781,65,2178.0,2197.0
2019-07-31,2200.0,2249.0,2170.0,2225.0,6009228017,2700319,261,2180.0,2239.0
2019-08-03,2226.0,2336.0,2226.0,2304.0,22278107449,9667989,770,2225.0,2336.0
2019-08-04,2368.0,2368.0,2289.0,2321.0,4800282132,2068634,242,2304.0,2334.0
2019-08-05,2357.0,2357.0,2242.0,2330.0,5729507972,2459048,294,2321.0,2330.0
2019-08-06,2330.0,2360.0,2300.0,2326.0,6113361538,2627796,267,2330.0,2335.0
2019-08-07,2350.0,2442.0,2335.0,2431.0,21086490598,8674044,786,2326.0,2440.0
2019-08-10,2470.0,2552.0,2400.0,2523.0,20658677385,8186762,738,2431.0,2552.0
2019-08-11,2600.0,2649.0,2536.0,2640.0,25687909186,9731064,733,2523.0,2649.0
2019-08-13,2731.0,2763.0,2611.0,2666.0,7460431616,2798284,425,2640.0,2636.0
2019-08-14,2712.0,2750.0,2601.0,2683.0,17123158650,6382653,503,2666.0,2700.0
2019-08-17,2720.0,2739.0,2630.0,2662.0,12595824500,4731541,386,2683.0,2679.0
2019-08-18,2700.0,2700.0,2602.0,2673.0,9417915973,3523123,381,2662.0,2687.0
2019-08-19,2699.0,2726.0,2671.0,2684.0,3993999975,1487016,284,2673.0,2696.0
2019-08-21,2800.0,2800.0,2700.0,2729.0,5343148552,1958062,278,2684.0,2773.0
2019-08-24,2818.0,2861.0,2750.0,2813.0,13326718927,4738287,798,2729.0,2780.0
2019-08-25,2880.0,2880.0,2673.0,2734.0,10744760744,3930705,532,2813.0,2752.0
2019-08-26,2799.0,2799.0,2711.0,2731.0,8131389104,2977775,510,2734.0,2726.0
2019-08-27,2795.0,2840.0,2673.0,2731.0,9863794340,3612262,493,2731.0,2720.0
2019-08-28,2673.0,2749.0,2670.0,2690.0,7753739921,2882124,256,2731.0,2720.0
2019-08-31,2700.0,2815.0,2694.0,2730.0,30479319659,11165669,687,2690.0,2747.0
2019-09-01,2799.0,2866.0,2745.0,2830.0,21145577700,7473238,678,2730.0,2839.0
2019-09-02,2839.0,2910.0,2716.0,2857.0,18416370071,6446250,673,2830.0,2860.0
2019-09-03,2890.0,2890.0,2771.0,2814.0,7021428708,2494752,323,2857.0,2800.0
2019-09-04,2828.0,2878.0,2750.0,2798.0,17994129911,6430502,539,2814.0,2805.0
2019-09-07,2859.0,2925.0,2810.0,2883.0,7030023609,2438690,410,2798.0,2915.0
2019-09-08,2888.0,3027.0,2888.0,3012.0,16695507454,5542943,691,2883.0,3027.0
2019-09-11,3145.0,3162.0,3040.0,3149.0,59628947272,18933473,915,3012.0,3162.0
2019-09-14,3259.0,3306.0,3150.0,3292.0,91395739796,27765100,1002,3149.0,3306.0
2019-09-15,3390.0,3439.0,3128.0,3281.0,69790910518,21271585,1303,3292.0,3350.0
2019-09-16,3385.0,3385.0,3216.0,3315.0,74798849517,22564493,1454,3281.0,3217.0
2019-09-17,3200.0,3316.0,3150.0,3240.0,18568314194,5730941,492,3315.0,3239.0
2019-09-18,3102.0,3125.0,3078.0,3082.0,30267005230,9820493,624,3240.0,3083.0
2019-09-21,3190.0,3190.0,3060.0,3105.0,9026793063,2907536,336,3082.0,3069.0
2019-09-22,3150.0,3259.0,3120.0,3172.0,16508432729,5204492,547,3105.0,3170.0
2019-09-23,3171.0,3260.0,3125.0,3161.0,10934144658,3459513,386,3172.0,3140.0
2019-09-24,3237.0,3237.0,3077.0,3171.0,19797085749,6243698,495,3161.0,3190.0
2019-09-25,3179.0,3301.0,3081.0,3243.0,19502799473,6014113,556,3171.0,3270.0
2019-09-28,3317.0,3383.0,3217.0,3294.0,18522069352,5622613,455,3243.0,3369.0
2019-09-29,3384.0,3410.0,3290.0,3351.0,13825226174,4126138,443,3294.0,3344.0
2019-09-30,3407.0,3464.0,3300.0,3419.0,21929386635,6414185,500,3351.0,3400.0
2019-10-01,3460.0,3589.0,3390.0,3542.0,50162998149,14161023,778,3419.0,3491.0
2019-10-02,3500.0,3625.0,3371.0,3568.0,20672835467,5794232,459,3542.0,3614.0
2019-10-05,3600.0,3640.0,3500.0,3582.0,19223124974,5366430,378,3568.0,3520.0
2019-10-06,3550.0,3610.0,3403.0,3522.0,31275486875,8879529,609,3582.0,3589.0
2019-10-07,3570.0,3654.0,3417.0,3522.0,7482933729,2124374,185,3522.0,3459.0
2019-10-08,3470.0,3480.0,3346.0,3366.0,6244202520,1854894,247,3522.0,3346.0
2019-10-09,3428.0,3534.0,3216.0,3464.0,19965883710,5763956,425,3366.0,3534.0
2019-10-12,3589.0,3637.0,3534.0,3621.0,23573615933,6509843,457,3464.0,3586.0
2019-10-13,3630.0,3630.0,3440.0,3516.0,6350821569,1806311,286,3621.0,3452.0
2019-10-14,3488.0,3599.0,3351.0,3407.0,25743966780,7556600,356,3516.0,3419.0
2019-10-15,3400.0,3547.0,3237.0,3347.0,11619026409,3471123,380,3407.0,3261.0
2019-10-16,3260.0,3350.0,3238.0,3312.0,2944834178,898894,242,3347.0,3257.0
2019-10-20,3237.0,3396.0,3147.0,3166.0,6868917875,2169920,232,3312.0,3215.0
2019-10-21,3022.0,3258.0,3022.0,3178.0,3554961152,1116176,178,3166.0,3210.0
2019-10-22,3322.0,3336.0,3210.0,3263.0,5117948463,1562317,248,3178.0,3210.0
2019-10-23,3368.0,3368.0,3250.0,3277.0,5869964313,1791485,243,3263.0,3299.0
2019-10-26,3330.0,3425.0,3263.0,3329.0,13599547671,4085500,396,3277.0,3379.0
2019-10-28,3330.0,3495.0,3330.0,3493.0,32288752142,9245168,446,3329.0,3495.0
2019-10-30,3660.0,3660.0,3520.0,3628.0,18897331652,5208327,513,3493.0,3620.0
2019-11-02,3620.0,3745.0,3501.0,3638.0,11337442128,3116712,520,3628.0,3722.0
2019-11-03,3730.0,3799.0,3683.0,3740.0,7465530949,1995927,383,3638.0,3751.0
2019-11-04,3797.0,3797.0,3618.0,3694.0,5957695009,1615230,299,3740.0,3633.0
2019-11-05,3700.0,3750.0,3550.0,3684.0,8135672295,2208466,308,3694.0,3733.0
2019-11-09,3655.0,3754.0,3655.0,3713.0,10092401202,2718249,370,3684.0,3675.0
2019-11-10,3730.0,3730.0,3600.0,3682.0,2727747338,749906,219,3713.0,3629.0
2019-11-11,3682.0,3700.0,3564.0,3643.0,20560476719,5644358,305,3682.0,3611.0
2019-11-12,3698.0,3750.0,3620.0,3671.0,23832076921,6491300,515,3643.0,3650.0
2019-11-13,3748.0,3748.0,3550.0,3673.0,105619876191,28757010,1505,3671.0,3670.0
2019-11-16,3680.0,3734.0,3557.0,3625.0,5520826717,1526767,235,3673.0,3584.0
2019-11-17,3558.0,3570.0,3444.0,3547.0,4396750421,1251776,185,3625.0,3503.0
2019-11-18,3502.0,3657.0,3470.0,3575.0,5628757228,1572693,170,3547.0,3645.0
2019-11-19,3680.0,3680.0,3586.0,3596.0,1767815960,484000,100,3575.0,3629.0
2019-11-20,3680.0,3685.0,3575.0,3607.0,4035275826,1116554,185,3596.0,3625.0
2019-11-23,3700.0,3700.0,3608.0,3644.0,10475436885,2874631,314,3607.0,3629.0
2019-11-24,3694.0,3709.0,3640.0,3659.0,5172995994,1412426,190,3644.0,3641.0
2019-11-25,3736.0,3736.0,3630.0,3701.0,6637990005,1793516,214,3659.0,3701.0
2019-11-26,3700.0,3715.0,3650.0,3676.0,6143490132,1672197,303,3701.0,3670.0
2019-11-27,3670.0,3749.0,3621.0,3696.0,16854674367,4559723,284,3676.0,3710.0
2019-11-30,3700.0,3740.0,3690.0,3705.0,7413375861,2000877,320,3696.0,3691.0
2019-12-01,3705.0,3890.0,3700.0,3823.0,50554907898,13224892,857,3705.0,3890.0
2019-12-02,4014.0,4014.0,3814.0,3877.0,10256540150,2645561,446,3823.0,3832.0
2019-12-03,3703.0,3988.0,3703.0,3846.0,7807562378,2029788,327,3877.0,3896.0
2019-12-04,3853.0,3939.0,3815.0,3851.0,11795928162,3063165,352,3846.0,3815.0
2019-12-07,3869.0,3872.0,3815.0,3825.0,12698732700,3319553,436,3851.0,3822.0
2019-12-08,3890.0,4016.0,3801.0,3926.0,11011253411,2804791,411,3825.0,4010.0
2019-12-09,4037.0,4122.0,3981.0,4067.0,16790060173,4128155,610,3926.0,4119.0
2019-12-10,4168.0,4168.0,3990.0,4046.0,8401060095,2076214,482,4067.0,4000.0
2019-12-11,4000.0,4045.0,3912.0,3975.0,8942856608,2249823,375,4046.0,4030.0
2019-12-14,4054.0,4054.0,3969.0,3998.0,6905520913,1726881,247,3975.0,4033.0
2019-12-15,4033.0,4033.0,3970.0,3988.0,5539111915,1389802,289,3998.0,4010.0
2019-12-16,4038.0,4038.0,3931.0,3996.0,7220531180,1807058,326,3988.0,4006.0
2019-12-17,3996.0,4031.0,3953.0,3994.0,9262713978,2318882,274,3996.0,4002.0
2019-12-18,3971.0,4190.0,3971.0,4131.0,11184530666,2707480,450,3994.0,4121.0
2019-12-21,4159.0,4160.0,4117.0,4142.0,4528086055,1091116,200,4131.0,4156.0
2019-12-22,4155.0,4349.0,4070.0,4322.0,75106770275,17376768,825,4142.0,4349.0
2019-12-23,4500.0,4538.0,4348.0,4524.0,59533295880,13160229,965,4322.0,4538.0
2019-12-24,4690.0,4750.0,4538.0,4741.0,52199724639,11010721,1033,4524.0,4750.0
2019-12-25,4966.0,4978.0,4836.0,4921.0,52610527955,10691771,1267,4741.0,4978.0
2019-12-28,5166.0,5166.0,4978.0,5110.0,24983205672,4888837,838,4921.0,5140.0
2019-12-29,5160.0,5244.0,4871.0,5095.0,19757363388,3877458,843,5110.0,5144.0
2019-12-30,5000.0,5183.0,4922.0,5033.0,70080077590,13923560,910,5095.0,5060.0
2019-12-31,5139.0,5139.0,4801.0,4916.0,19322768056,3930360,781,5033.0,4942.0
2020-01-01,4888.0,4899.0,4750.0,4820.0,38188442366,7923092,1092,4916.0,4840.0
2020-01-04,4579.0,4598.0,4579.0,4579.0,25856190684,5646646,299,4820.0,4579.0
2020-01-05,4351.0,4640.0,4351.0,4417.0,22285182138,5045053,526,4579.0,4500.0
2020-01-07,4421.0,4631.0,4197.0,4331.0,17387419493,4014387,585,4417.0,4205.0
2020-01-08,4245.0,4380.0,4245.0,4264.0,28343374238,6647899,471,4331.0,4363.0
2020-01-11,4349.0,4349.0,4349.0,4349.0,7828200000,1800000,93,4264.0,4349.0
2020-01-12,4566.0,4566.0,4566.0,4566.0,16042832772,3513542,162,4349.0,4566.0
2020-01-13,4794.0,4794.0,4740.0,4793.0,26384876249,5504894,378,4566.0,4794.0
2020-01-14,5000.0,5000.0,4803.0,4921.0,13406670228,2724616,433,4793.0,4924.0
2020-01-15,4995.0,4995.0,4731.0,4905.0,48399485255,9867079,614,4921.0,4924.0
2020-01-18,5029.0,5060.0,4800.0,4950.0,39088589588,7896741,879,4905.0,4865.0
2020-01-19,4900.0,4950.0,4703.0,4762.0,31299154640,6572763,1064,4950.0,4819.0
2020-01-20,4754.0,4799.0,4650.0,4730.0,17912982804,3787044,763,4762.0,4760.0
2020-01-21,4825.0,4966.0,4751.0,4908.0,32021051316,6524011,761,4730.0,4934.0
2020-01-22,4948.0,5153.0,4830.0,5125.0,89210998814,17405597,1306,4908.0,5152.0
2020-01-25,5367.0,5381.0,5261.0,5366.0,67593622236,12596836,1360,5125.0,5381.0
2020-01-26,5620.0,5620.0,5290.0,5450.0,35676826297,6545907,1074,5366.0,5366.0
2020-01-27,5440.0,5480.0,5260.0,5359.0,18955740332,3537085,569,5450.0,5350.0
2020-01-28,5399.0,5399.0,5120.0,5200.0,82595153291,15885207,1558,5359.0,5120.0
2020-02-01,5300.0,5300.0,5078.0,5116.0,44959324900,8787909,1140,5200.0,5100.0
2020-02-02,5160.0,5160.0,4964.0,5025.0,25651465647,5104957,923,5116.0,5021.0
2020-02-03,5027.0,5249.0,5027.0,5142.0,41562506542,8083521,970,5025.0,5100.0
2020-02-04,5277.0,5277.0,4995.0,5047.0,29060231674,5758255,995,5142.0,5000.0
2020-02-05,5118.0,5118.0,4951.0,5004.0,59217350310,11833333,1649,5047.0,5030.0
2020-02-08,5174.0,5220.0,5051.0,5162.0,87293994357,16912147,1579,5004.0,5217.0
2020-02-09,5254.0,5388.0,5184.0,5283.0,78138223266,14789969,1559,5162.0,5298.0
2020-02-10,5420.0,5420.0,5100.0,5271.0,31704210655,6014383,914,5283.0,5299.0
2020-02-12,5400.0,5500.0,5301.0,5425.0,49155024727,9060335,1515,5271.0,5447.0
2020-02-18,4609.0,4839.0,4606.0,4702.0,7251517435,1542189,147,4500.0,4733.0
2020-02-19,4840.0,4840.0,4585.0,4683.0,34186045450,7299916,1317,4702.0,4694.0
2020-02-22,4449.0,4669.0,4449.0,4549.0,45131048422,9921886,1288,4683.0,4600.0
2020-02-23,4600.0,4776.0,4573.0,4725.0,62623695414,13252388,1149,4549.0,4776.0
2020-02-24,4820.0,4820.0,4752.0,4786.0,22989442269,4803692,866,4725.0,4779.0
2020-02-25,4782.0,5020.0,4782.0,4923.0,30097986773,6114267,1069,4786.0,4980.0
2020-02-26,5026.0,5050.0,4860.0,4966.0,14476837226,2914905,813,4923.0,4880.0
2020-02-29,4819.0,4820.0,4730.0,4787.0,29904104916,6246558,1126,4966.0,4740.0
2020-03-01,4582.0,4880.0,4582.0,4822.0,41811553496,8670628,1084,4787.0,4820.0
2020-03-02,4940.0,4940.0,4824.0,4846.0,31978991176,6580779,1160,4822.0,4850.0
2020-03-03,4920.0,4929.0,4830.0,4874.0,61251664165,12565828,1696,4846.0,4890.0
2020-03-04,5019.0,5116.0,4915.0,5010.0,69272160077,13827920,1940,4874.0,5110.0
2020-03-07,5100.0,5198.0,4921.0,5024.0,22141206813,4392173,1106,5010.0,5001.0
2020-03-09,5001.0,5010.0,4773.0,4849.0,35532395782,7419631,1327,5024.0,4773.0
2020-03-10,4616.0,4851.0,4616.0,4820.0,13336050808,2810909,715,4849.0,4730.0
2020-03-11,4845.0,4969.0,4760.0,4832.0,17278684399,3560471,951,4820.0,4800.0
2020-03-14,4850.0,4850.0,4591.0,4781.0,11807783794,2553476,471,4832.0,4591.0
2020-03-15,4542.0,4695.0,4542.0,4714.0,17212285682,3744959,746,4781.0,4629.0
2020-03-16,4601.0,4900.0,4601.0,4759.0,19164898783,3967724,851,4714.0,4789.0
2020-03-17,4775.0,4790.0,4550.0,4726.0,14967953582,3216135,728,4759.0,4590.0
2020-03-18,4537.0,4680.0,4500.0,4586.0,53276832628,11617304,1851,4726.0,4500.0
2020-03-24,4599.0,4649.0,4500.0,4580.0,20631809941,4512042,799,4586.0,4592.0
2020-03-25,4637.0,4809.0,4530.0,4769.0,85566146864,17941288,1216,4580.0,4809.0
2020-03-28,5007.0,5007.0,4999.0,4971.0,44698122450,8927988,1224,4769.0,5007.0
2020-03-29,5219.0,5219.0,5100.0,5194.0,68688228040,13224137,2022,4971.0,5168.0
2020-03-30,5216.0,5439.0,5106.0,5300.0,51629908928,9727117,1926,5194.0,5396.0
2020-04-04,5539.0,5565.0,5450.0,5513.0,45518621543,8210043,986,5300.0,5565.0
2020-04-05,5788.0,5788.0,5756.0,5786.0,76895094174,13288919,2029,5513.0,5788.0
2020-04-06,6075.0,6075.0,5500.0,5854.0,50407376413,8601094,1719,5786.0,6010.0
2020-04-07,6039.0,6140.0,5854.0,5925.0,31578842365,5280624,1293,5854.0,5979.0
2020-04-08,6130.0,6180.0,5911.0,6047.0,45862108232,7545661,1515,5925.0,6122.0
2020-04-11,6248.0,6300.0,5935.0,6126.0,38086382467,6190134,1461,6047.0,6154.0
2020-04-12,6190.0,6320.0,6050.0,6218.0,50614367309,8138708,1236,6126.0,6298.0
2020-04-13,6400.0,6400.0,6000.0,6156.0,63730969004,10352998,1244,6218.0,6130.0
2020-04-14,5960.0,6300.0,5850.0,6017.0,46745796444,7779875,1352,6156.0,6021.0
2020-04-15,6010.0,6280.0,6010.0,6162.0,41027885133,6618839,1085,6017.0,6210.0
2020-04-18,6390.0,6470.0,6325.0,6413.0,46614428316,7234068,829,6162.0,6470.0
2020-04-19,6733.0,6733.0,6733.0,6733.0,84869195680,12604960,767,6413.0,6733.0
2020-04-20,7069.0,7069.0,7069.0,6979.0,41919021551,5929979,439,6733.0,7069.0
2020-04-21,7327.0,7327.0,7327.0,7327.0,63455798561,8660543,446,6979.0,7327.0
2020-04-22,7693.0,7693.0,7693.0,7693.0,84406465129,10971853,612,7327.0,7693.0
2020-04-25,8077.0,8077.0,8077.0,8069.0,51352960225,6357925,302,7693.0,8077.0
2020-04-26,8472.0,8472.0,8472.0,8472.0,72199900488,8522179,580,8069.0,8472.0
2020-04-27,8895.0,8895.0,8895.0,8895.0,58076326710,6529098,226,8472.0,8895.0
2020-05-02,9339.0,9805.0,9339.0,9777.0,66051990015,6755917,253,8895.0,9805.0
2020-05-03,10265.0,10265.0,10050.0,10265.0,679560211863,66203012,5555,9777.0,10265.0
2020-05-04,10500.0,10778.0,9800.0,10642.0,879396010438,82631307,7832,10265.0,10778.0
2020-05-05,11100.0,11174.0,10110.0,10411.0,466802539189,44836596,5467,10642.0,10110.0
2020-05-06,9895.0,10600.0,9891.0,10079.0,481677770759,47790713,5621,10411.0,10200.0
2020-05-09,10582.0,10582.0,10582.0,10582.0,109707689234,10367387,983,10079.0,10582.0
2020-05-10,11111.0,11111.0,11111.0,11111.0,134566920984,12111144,673,10582.0,11111.0
2020-05-11,11666.0,11666.0,11666.0,11666.0,233340287174,20001739,897,11111.0,11666.0
2020-05-12,12249.0,12249.0,11083.0,11966.0,1203162020694,100548974,14103,11666.0,12249.0
2020-05-13,12400.0,12564.0,12200.0,12547.0,483018697490,38497278,4451,11966.0,12564.0
2020-05-16,13174.0,13174.0,11920.0,12576.0,635187846475,50506301,9478,12547.0,12400.0
2020-05-17,12201.0,13204.0,11951.0,12946.0,530366291480,40968063,6152,12576.0,13204.0
2020-05-18,13593.0,13593.0,13390.0,13591.0,198053221583,14572282,1999,12946.0,13593.0
2020-05-19,14270.0,14270.0,14270.0,14270.0,150559901730,10550799,1390,13591.0,14270.0
2020-05-20,14983.0,14983.0,14983.0,14768.0,41717121951,2784297,229,14270.0,14983.0
2020-05-26,14030.0,14983.0,14030.0,14261.0,32658318470,2327749,393,14768.0,14030.0
2020-05-27,13548.0,13548.0,13548.0,13548.0,67203445008,4960396,998,14261.0,13548.0
2020-05-30,13021.0,13966.0,12897.0,13202.0,535017634331,40526232,8791,13548.0,13010.0
2020-05-31,13300.0,13499.0,12542.0,12832.0,319356577573,24886879,4579,13202.0,12769.0
2020-06-01,12800.0,13152.0,12501.0,12839.0,250029332163,19474898,3989,12832.0,13100.0
2020-06-02,13380.0,13480.0,13000.0,13458.0,175956470295,13074294,2309,12839.0,13480.0
2020-06-06,14000.0,14130.0,13480.0,13892.0,415835235249,29934430,4417,13458.0,14130.0
2020-06-07,14584.0,14586.0,14110.0,14562.0,149107308449,10239436,2428,13892.0,14200.0
2020-06-08,13834.0,15290.0,13834.0,13971.0,336777960270,24104983,4777,14562.0,13834.0
2020-06-09,13971.0,14423.0,13274.0,13659.0,187799392330,13749003,3002,13971.0,13410.0
2020-06-10,13710.0,13996.0,13300.0,13718.0,353899558771,25798530,3757,13659.0,13817.0
2020-06-13,14270.0,14400.0,13800.0,14310.0,266364448340,18607423,3540,13718.0,14400.0
2020-06-14,14690.0,14690.0,13600.0,13790.0,200903228300,14564395,3493,14310.0,13760.0
2020-06-15,13900.0,13940.0,13280.0,13600.0,215375289650,15839442,3559,13790.0,13280.0
2020-06-16,13300.0,14120.0,13250.0,13840.0,237385321730,17147647,3471,13600.0,14080.0
2020-06-20,14250.0,14530.0,14080.0,14480.0,239927188070,16569283,3466,13840.0,14530.0
2020-06-21,14800.0,14800.0,14020.0,14270.0,184170281000,12905406,3754,14480.0,14260.0
2020-06-22,14080.0,14980.0,14070.0,14810.0,232317844040,15681692,3244,14270.0,14980.0
2020-06-23,15490.0,15550.0,14820.0,15480.0,283948844250,18344672,2797,14810.0,14850.0
2020-06-24,15000.0,16250.0,14950.0,16060.0,287909543930,17922660,3073,15480.0,16250.0
2020-06-27,16860.0,16860.0,16860.0,16860.0,111547968660,6616131,1280,16060.0,16860.0
2020-06-28,16890.0,16900.0,16020.0,16260.0,323783758900,19915732,3661,16860.0,16040.0
2020-06-29,15850.0,16510.0,15450.0,15830.0,242614656460,15329930,3888,16260.0,16050.0
2020-06-30,16570.0,16620.0,16450.0,16610.0,165110257260,9939483,1925,15830.0,16620.0
2020-07-01,17440.0,17440.0,17300.0,17430.0,526000570780,30172451,3316,16610.0,17440.0
2020-07-04,18000.0,18000.0,16560.0,16820.0,261456124090,15542524,4267,17430.0,16560.0
2020-07-05,16040.0,17440.0,15980.0,16530.0,266153336930,16097330,4101,16820.0,16800.0
2020-07-06,16990.0,17350.0,16900.0,17150.0,324512531850,18923029,4438,16530.0,16970.0
2020-07-07,16910.0,16910.0,16300.0,16360.0,372636445200,22775922,4207,17150.0,16300.0
2020-07-08,16250.0,16250.0,15550.0,15630.0,197300506450,12625075,2703,16360.0,15550.0
2020-07-11,14850.0,16350.0,14850.0,15280.0,308409473270,20190295,3986,15630.0,16020.0
2020-07-12,16040.0,16040.0,15600.0,16010.0,212089760930,13245243,1769,15280.0,15950.0
2020-07-13,15510.0,16450.0,15230.0,15580.0,208249685090,13368321,2804,16010.0,15360.0
2020-07-14,15060.0,16000.0,14810.0,14980.0,323233748270,21580585,3981,15580.0,14820.0
2020-07-15,14800.0,15720.0,14800.0,15590.0,367715686150,23593770,3838,14980.0,15720.0
2020-07-18,15550.0,16360.0,15140.0,16190.0,283359306710,17506922,3240,15590.0,16360.0
2020-07-19,16980.0,16990.0,16400.0,16930.0,239768562500,14160813,2352,16190.0,16990.0
2020-07-20,17300.0,17770.0,16450.0,17360.0,302568048800,17432923,3982,16930.0,16600.0
2020-07-21,18000.0,18220.0,16520.0,17700.0,471828377120,26661142,6002,17360.0,17500.0
2020-07-22,18200.0,18580.0,17500.0,18530.0,408826383750,22061280,3151,17700.0,18580.0
2020-07-25,19350.0,19350.0,17610.0,18370.0,448033942400,24383208,6753,18530.0,17810.0
2020-07-26,17990.0,17990.0,17460.0,17500.0,157287790290,8986695,2375,18370.0,17460.0
2020-07-27,16630.0,17300.0,16630.0,16660.0,215623815540,12946224,2922,17500.0,16630.0
2020-07-28,16950.0,17470.0,16240.0,16730.0,194823527780,11647120,3281,16660.0,16510.0
2020-07-29,16510.0,16650.0,15900.0,16170.0,215390209860,13316654,3438,16730.0,16300.0
2020-08-01,16930.0,16970.0,16900.0,16960.0,129942972290,7659570,824,16170.0,16970.0
2020-08-02,17800.0,17800.0,17520.0,17790.0,419183632390,23557818,2795,16960.0,17800.0
2020-08-03,17760.0,17760.0,17120.0,17430.0,141173807820,8098017,2380,17790.0,17500.0
2020-08-04,17780.0,18300.0,17500.0,18200.0,306342618840,16833678,2714,17430.0,18300.0
2020-08-05,19110.0,19110.0,18100.0,18580.0,680634073750,36633539,4521,18200.0,18850.0
2020-08-09,19230.0,19230.0,17660.0,18110.0,280185362230,15474236,3845,18580.0,17820.0
2020-08-10,17700.0,17750.0,17210.0,17250.0,141461323320,8201862,1426,18110.0,17210.0
2020-08-11,16390.0,16560.0,16390.0,16400.0,65146590920,3972607,973,17250.0,16390.0
2020-08-12,16520.0,17170.0,15580.0,15940.0,156312723150,9808079,2158,16400.0,15580.0
2020-08-15,15200.0,15930.0,15150.0,15210.0,48125721600,3163441,728,15940.0,15150.0
2020-08-16,14510.0,15000.0,14450.0,14530.0,76898195140,5290592,1245,15210.0,14450.0
2020-08-17,15000.0,15250.0,14200.0,15010.0,105705587760,7043749,2071,14530.0,15210.0
2020-08-18,15760.0,15760.0,15000.0,15620.0,98801696670,6324032,1602,15010.0,15280.0
2020-08-19,14840.0,15280.0,14840.0,15200.0,26156318720,1758362,577,15620.0,14840.0
2020-08-22,15220.0,15800.0,14440.0,15040.0,186850038090,12427449,2514,15200.0,15300.0
2020-08-23,15120.0,15480.0,14290.0,14350.0,141769705510,9878602,1235,15040.0,14290.0
2020-08-24,14020.0,14880.0,13640.0,13750.0,176265774840,12815322,1918,14350.0,13850.0
2020-08-25,14430.0,14430.0,14100.0,14300.0,38300543770,2654582,473,13750.0,14430.0
2020-08-26,15010.0,15010.0,15010.0,14910.0,42304934500,2818450,409,14300.0,15010.0
2020-08-31,15550.0,15550.0,14170.0,14530.0,239695076280,16499813,2333,14910.0,14380.0
2020-09-01,13860.0,14500.0,13810.0,13890.0,102081695050,7349367,1491,14530.0,13810.0
2020-09-02,13250.0,13500.0,13200.0,13220.0,52086753370,3941314,731,13890.0,13200.0
2020-09-05,13260.0,13880.0,13220.0,13530.0,82799523090,6120491,1473,13220.0,13880.0
2020-09-06,14100.0,14200.0,13000.0,13530.0,76221888120,5631917,1380,13530.0,13050.0
2020-09-07,12870.0,13000.0,12860.0,13250.0,20239273190,1573312,248,13530.0,12860.0
2020-09-08,12590.0,12590.0,12590.0,12590.0,51802851770,4114603,171,13250.0,12590.0
2020-09-09,11970.0,12680.0,11970.0,12200.0,97487382990,7993162,1844,12590.0,12550.0
2020-09-12,12700.0,12810.0,12370.0,12750.0,77700792250,6095419,1283,12200.0,12810.0
2020-09-13,12810.0,13000.0,12120.0,12210.0,81240895290,6651776,1125,12750.0,12190.0
2020-09-14,12220.0,12820.0,11960.0,12650.0,94675599980,7486087,1200,12210.0,12820.0
2020-09-15,13280.0,13280.0,13220.0,13210.0,48215497930,3630801,632,12650.0,13280.0
2020-09-16,13870.0,13870.0,13370.0,13860.0,217215964560,15673982,1750,13210.0,13810.0
2020-09-19,13860.0,14550.0,13250.0,14290.0,101212928980,7082115,1845,13860.0,13960.0
2020-09-20,14000.0,14100.0,13580.0,13650.0,92516400040,6779517,1329,14290.0,13580.0
2020-09-21,13100.0,13670.0,12970.0,13070.0,42631096090,3276186,726,13650.0,13420.0
2020-09-22,13000.0,13580.0,12470.0,13290.0,64502113750,4855012,970,13070.0,13390.0
2020-09-23,13590.0,13720.0,13200.0,13380.0,50925264970,3806747,912,13290.0,13450.0
2020-09-26,13500.0,14000.0,13310.0,13530.0,49492340040,3657673,876,13380.0,13500.0
2020-09-27,13530.0,13530.0,12860.0,13020.0,39018342410,3024940,470,13530.0,13530.0
2020-09-28,12440.0,12930.0,12370.0,12420.0,43221934630,3492578,352,13020.0,12370.0
2020-09-29,11810.0,12500.0,11800.0,12000.0,88135465920,7346410,1214,12420.0,12240.0
2020-09-30,12000.0,12300.0,11560.0,11950.0,65436938460,5476608,876,12000.0,12270.0
2020-10-03,12110.0,12540.0,12110.0,12520.0,150119274820,11988561,1272,11950.0,12540.0
2020-10-04,12790.0,12790.0,11900.0,12290.0,57451312520,4674492,910,12520.0,12010.0
2020-10-05,12000.0,12390.0,11700.0,12190.0,28696587350,2368376,544,12290.0,12180.0
2020-10-06,12790.0,12790.0,12350.0,12560.0,38537893600,3035370,688,12190.0,12790.0
2020-10-07,13130.0,13180.0,12700.0,12960.0,43033050190,3294120,815,12560.0,12990.0
2020-10-10,13010.0,13540.0,12730.0,13240.0,57507144170,4344763,999,12960.0,13400.0
2020-10-11,13600.0,13900.0,13410.0,13830.0,83168030280,6014597,1038,13240.0,13650.0
2020-10-12,13520.0,14000.0,13140.0,13320.0,58963021550,4425569,979,13830.0,13160.0
2020-10-13,13350.0,13800.0,12700.0,13250.0,23635678540,1795671,654,13320.0,13080.0
2020-10-14,12910.0,13000.0,12600.0,12810.0,36864882010,2909193,807,13250.0,12710.0
2020-10-18,12590.0,12590.0,12170.0,12190.0,51737580280,4243022,603,12810.0,12170.0
2020-10-19,11700.0,11800.0,11590.0,11740.0,34519215840,2977399,445,12190.0,11590.0
2020-10-20,11160.0,11190.0,11160.0,11160.0,73069749450,6547273,448,11740.0,11190.0
2020-10-21,11710.0,11710.0,11520.0,11700.0,81109580670,6931052,1044,11160.0,11710.0
2020-10-24,12000.0,12190.0,11120.0,11200.0,94812107570,8466129,1183,11700.0,11150.0
2020-10-26,10750.0,11200.0,10750.0,11010.0,35942374300,3282518,986,11200.0,11000.0
2020-10-27,11060.0,11350.0,10460.0,10550.0,61407381560,5820745,1002,11010.0,10480.0
2020-10-28,10200.0,11070.0,10100.0,10770.0,58790068930,5458028,1100,10550.0,11070.0
2020-10-31,11260.0,11300.0,11100.0,11130.0,36663527430,3248671,563,10770.0,11300.0
2020-11-01,11660.0,11660.0,11000.0,11270.0,58318312530,5176749,1056,11130.0,11200.0
2020-11-02,11010.0,11670.0,11010.0,11450.0,51295757630,4476528,879,11270.0,11470.0
2020-11-04,12020.0,12020.0,11620.0,11970.0,52674544620,4389267,774,11450.0,12020.0
2020-11-07,12000.0,12000.0,11380.0,11570.0,59719148280,5163701,655,11970.0,11380.0
2020-11-08,11000.0,11000.0,11000.0,11260.0,24765367000,2251397,272,11570.0,11000.0
2020-11-09,10700.0,10960.0,10700.0,10990.0,23514693450,2187633,605,11260.0,10960.0
2020-11-10,10810.0,11530.0,10600.0,11280.0,65695264430,5822226,869,10990.0,11530.0
2020-11-11,11690.0,11840.0,11600.0,11830.0,91814082450,7758070,734,11280.0,11840.0
2020-11-14,12370.0,12420.0,12000.0,12400.0,66911174550,5394183,794,11830.0,12420.0
2020-11-15,13020.0,13020.0,12070.0,12730.0,84956080280,6673544,1334,12400.0,12590.0
2020-11-16,12720.0,12880.0,12110.0,12570.0,38958960790,3112593,1027,12730.0,12320.0
2020-11-17,12490.0,13150.0,12200.0,12810.0,78590173260,6132906,1153,12570.0,12780.0
2020-11-18,13000.0,13450.0,12700.0,13260.0,141832071510,10695271,1680,12810.0,13450.0
2020-11-21,13780.0,13780.0,12610.0,13170.0,63481525350,4819849,1387,13260.0,12720.0
2020-11-22,12520.0,13170.0,12520.0,12860.0,46548502760,3621774,962,13170.0,12880.0
2020-11-23,12970.0,13100.0,12730.0,12880.0,38399327650,2978770,811,12860.0,12850.0
2020-11-24,13050.0,13090.0,12240.0,12420.0,80970902660,6521001,1543,12880.0,12240.0
2020-11-25,12580.0,12700.0,12020.0,12330.0,46524889340,3774225,969,12420.0,12260.0
2020-11-28,12100.0,12580.0,11960.0,12280.0,83554056930,6804579,1263,12330.0,12360.0
2020-11-29,12500.0,12890.0,12300.0,12750.0,95705101550,7506152,1389,12280.0,12890.0
2020-11-30,13170.0,13380.0,12800.0,13270.0,72785096080,5486884,1216,12750.0,13370.0
2020-12-01,13270.0,13500.0,12820.0,13220.0,54802033160,4144485,1150,13270.0,13270.0
2020-12-02,13000.0,13370.0,12820.0,13040.0,59987327490,4601578,1262,13220.0,12900.0
2020-12-05,12790.0,13290.0,12500.0,13020.0,68077552130,5229798,1080,13040.0,13100.0
2020-12-06,13250.0,13670.0,13250.0,13650.0,82735440300,6062542,677,13020.0,13670.0
2020-12-07,14300.0,14330.0,13810.0,14280.0,303330045090,21235400,2971,13650.0,14270.0
2020-12-08,14980.0,14980.0,14000.0,14610.0,91921346270,6291522,1712,14280.0,14700.0
2020-12-09,14890.0,14890.0,14100.0,14220.0,120933263320,8501554,1826,14610.0,14370.0
2020-12-12,14500.0,14890.0,14150.0,14490.0,87386660410,6032317,1431,14220.0,14200.0
2020-12-13,14100.0,14390.0,13770.0,13960.0,80794006020,5788611,1281,14490.0,13880.0
2020-12-14,13910.0,14250.0,13270.0,13480.0,73591233220,5459127,1093,13960.0,13270.0
2020-12-15,12880.0,13000.0,12810.0,13010.0,31944987110,2491159,432,13480.0,12810.0
2020-12-16,12360.0,12800.0,12360.0,12420.0,87243950870,7025373,1397,13010.0,12430.0
2020-12-19,12800.0,12940.0,12520.0,12700.0,42426508520,3326529,777,12420.0,12700.0
2020-12-20,12820.0,12940.0,12550.0,12740.0,32739702760,2565160,646,12700.0,12750.0
2020-12-21,12930.0,13040.0,12430.0,12720.0,47833278530,3761503,690,12740.0,12760.0
2020-12-22,12780.0,13170.0,12510.0,12740.0,38192967470,2995695,837,12720.0,12920.0
2020-12-23,13140.0,13170.0,12800.0,12990.0,44427855760,3407929,1006,12740.0,13110.0
2020-12-26,13370.0,13440.0,12850.0,13160.0,57467427380,4365966,1273,12990.0,12900.0
2020-12-27,13180.0,13810.0,12650.0,13570.0,142505162250,10501133,2055,13160.0,13800.0
2020-12-28,13800.0,14080.0,13400.0,13810.0,79180247530,5734283,1373,13570.0,13990.0
2020-12-29,14040.0,14040.0,13320.0,13690.0,65153248780,4758081,1115,13810.0,14010.0
2020-12-30,14000.0,14000.0,13210.0,13630.0,42017518200,3085191,912,13690.0,13460.0
2021-01-02,13010.0,13210.0,12950.0,12960.0,54318033610,4189938,777,13630.0,12950.0
2021-01-03,12500.0,13360.0,12420.0,12730.0,40789814620,3211524,1028,12960.0,12460.0
2021-01-04,12600.0,13360.0,12430.0,13250.0,81520775280,6150948,1782,12730.0,13300.0
2021-01-05,13510.0,13510.0,12590.0,12700.0,84448146620,6649761,1675,13250.0,12600.0
2021-01-06,12160.0,12600.0,12070.0,12090.0,57192872810,4731102,1054,12700.0,12090.0
2021-01-09,12250.0,12400.0,11490.0,11700.0,42343427030,3636984,1203,12090.0,11510.0
2021-01-10,11500.0,12280.0,11460.0,11790.0,61533391860,5219590,1040,11700.0,11550.0
2021-01-11,11620.0,11960.0,11400.0,11560.0,46470259740,4022007,845,11790.0,11400.0
2021-01-12,11300.0,11300.0,10990.0,11030.0,68749711800,6235562,889,11560.0,10990.0
2021-01-13,10550.0,10990.0,10520.0,10750.0,39934201900,3725576,853,11030.0,10820.0
2021-01-16,10300.0,10790.0,10220.0,10400.0,35965944570,3497667,764,10750.0,10420.0
2021-01-18,10000.0,10390.0,9880.0,10010.0,47087822170,4702415,1066,10400.0,9930.0
2021-01-19,9900.0,10510.0,9900.0,10470.0,68615623100,6550575,772,10010.0,10510.0
2021-01-20,10990.0,10990.0,10820.0,10770.0,29848836840,2716619,397,10470.0,10990.0
2021-01-23,11300.0,11300.0,11300.0,11050.0,27452446000,2429420,124,10770.0,11300.0
2021-01-24,11600.0,11600.0,11070.0,11570.0,193506092920,16728176,1746,11050.0,11600.0
2021-01-25,11400.0,12140.0,11400.0,12090.0,116542948680,9643211,1190,11570.0,12140.0
2021-01-26,11490.0,12090.0,11490.0,11600.0,62413913120,5382230,906,12090.0,11490.0
2021-01-27,11560.0,11840.0,11020.0,11450.0,52424504680,4581153,892,11600.0,11640.0
2021-01-30,11500.0,12020.0,11500.0,11890.0,72786984200,6122269,1231,11450.0,12020.0
2021-01-31,12100.0,12450.0,11620.0,11970.0,44439379470,3706332,853,11890.0,11640.0
2021-02-01,11870.0,11990.0,11400.0,11710.0,33673462010,2907292,676,11970.0,11500.0
2021-02-02,11500.0,11710.0,11190.0,11630.0,24511052200,2123133,540,11710.0,11550.0
2021-02-03,11630.0,12050.0,11200.0,11460.0,48672401370,4247375,754,11630.0,11380.0
2021-02-06,11000.0,11380.0,10890.0,10920.0,133665469100,12238287,1007,11460.0,10910.0
2021-02-07,10620.0,11460.0,10620.0,11300.0,37521437280,3283432,360,10920.0,11460.0
2021-02-08,11860.0,11860.0,11400.0,11750.0,118632445580,10093919,976,11300.0,11860.0
2021-02-09,11920.0,12210.0,11330.0,11940.0,30558043860,2531507,693,11750.0,12170.0
2021-02-13,12560.0,12650.0,12090.0,12640.0,73851478080,5842124,646,11940.0,12650.0
2021-02-14,12900.0,13000.0,12390.0,12500.0,61262847980,4900270,826,12640.0,12390.0
2021-02-15,12780.0,12780.0,12250.0,12440.0,44244086360,3561125,525,12500.0,12410.0
2021-02-16,12400.0,12780.0,12200.0,12450.0,23443702840,1881614,511,12440.0,12520.0
2021-02-17,12700.0,13190.0,12460.0,13060.0,84278523240,6454558,1623,12450.0,13010.0
2021-02-20,13300.0,13300.0,12800.0,12860.0,56470059900,4391215,952,13060.0,12810.0
2021-02-21,12620.0,13240.0,12610.0,12730.0,45208426540,3554674,744,12860.0,12670.0
2021-02-22,12480.0,12890.0,12480.0,12510.0,75535551590,6036847,1035,12730.0,12500.0
2021-02-23,12270.0,12600.0,12260.0,12320.0,66105337170,5366693,805,12510.0,12490.0
2021-02-24,12400.0,12770.0,12090.0,12220.0,36890455030,3026071,753,12320.0,12350.0
2021-02-27,12560.0,12560.0,11980.0,11990.0,52422143450,4370720,637,12220.0,11980.0
2021-02-28,11760.0,12000.0,11760.0,11800.0,42886710220,3640948,722,11990.0,11760.0
2021-03-01,11600.0,12500.0,11600.0,12430.0,161381977090,12985362,1231,11800.0,12500.0
2021-03-02,12630.0,13120.0,12630.0,12980.0,214381284830,16509974,2666,12430.0,13000.0
2021-03-09,10240.0,10240.0,10040.0,10100.0,37906124640,3757573,424,10730.0,10040.0
2021-03-10,9900.0,9900.0,9900.0,10020.0,16125021000,1628790,205,10100.0,9900.0
2021-03-13,9820.0,9820.0,9820.0,9950.0,17348080740,1766607,142,10020.0,9820.0
2021-03-14,9760.0,9760.0,9760.0,9890.0,15767875360,1615561,161,9950.0,9760.0
2021-03-15,9700.0,9700.0,9700.0,9830.0,14398359900,1484367,155,9890.0,9700.0
2021-03-16,9640.0,9800.0,9640.0,9650.0,97666915640,10121620,1215,9830.0,9640.0
2021-03-17,9600.0,9950.0,9500.0,9700.0,55890219450,5758912,1182,9650.0,9680.0
2021-03-27,9890.0,9890.0,9510.0,9620.0,29503036170,3085346,793,9700.0,9580.0
2021-03-28,9520.0,9690.0,9430.0,9530.0,25621362230,2712521,619,9620.0,9430.0
2021-03-30,9500.0,9500.0,9340.0,9420.0,28075483480,3005332,486,9530.0,9340.0
2021-03-31,9250.0,9260.0,9240.0,9340.0,21211800610,2295520,366,9420.0,9250.0
2021-04-03,9170.0,9350.0,9160.0,9280.0,16039369600,1750416,364,9340.0,9160.0
2021-04-04,9100.0,9120.0,9100.0,9230.0,12787043460,1405160,193,9280.0,9100.0
2021-04-05,9050.0,9090.0,9050.0,9180.0,14049552390,1552045,291,9230.0,9080.0
2021-04-06,9050.0,9120.0,9000.0,9120.0,17135518360,1903264,296,9180.0,9000.0
2021-04-07,8940.0,8980.0,8940.0,9090.0,8823255200,986930,237,9120.0,8940.0
2021-04-10,8910.0,8910.0,8910.0,9050.0,12147216840,1363324,131,9090.0,8910.0
2021-04-11,8870.0,8870.0,8870.0,9000.0,14237636150,1605145,130,9050.0,8870.0
2021-04-12,8820.0,8830.0,8820.0,8950.0,13201245660,1496729,157,9000.0,8830.0
2021-04-13,8800.0,9000.0,8780.0,8860.0,27703231070,3147673,647,8950.0,8790.0
2021-04-14,8700.0,8760.0,8690.0,8820.0,11894230290,1368637,226,8860.0,8690.0
2021-04-17,8650.0,8650.0,8650.0,8780.0,11503600400,1329896,152,8820.0,8650.0
2021-04-18,8610.0,8610.0,8610.0,8740.0,11433580620,1327942,94,8780.0,8610.0
2021-04-19,8570.0,8570.0,8570.0,8700.0,11286818550,1317015,78,8740.0,8570.0
2021-04-20,8530.0,8530.0,8530.0,8660.0,10138237670,1188539,235,8700.0,8530.0
2021-04-21,8410.0,8500.0,8410.0,8590.0,14026256930,1667673,241,8660.0,8410.0
2021-04-24,8340.0,8400.0,8340.0,8530.0,11262285840,1350388,157,8590.0,8340.0
2021-04-25,8280.0,8280.0,8280.0,8480.0,10479996000,1265700,79,8530.0,8280.0
2021-04-26,8230.0,8290.0,8230.0,8400.0,15623865580,1898303,135,8480.0,8280.0
2021-04-27,8150.0,8320.0,8150.0,8220.0,34489927460,4229383,415,8400.0,8150.0
2021-04-28,7980.0,8160.0,7980.0,8080.0,27512801710,3446900,385,8220.0,7980.0
2021-05-01,7840.0,8100.0,7840.0,8010.0,15317379650,1951541,308,8080.0,7840.0
2021-05-02,7770.0,7770.0,7770.0,7960.0,10215055830,1314679,87,8010.0,7770.0
2021-05-03,7730.0,7730.0,7730.0,7910.0,10911822600,1411620,69,7960.0,7730.0
2021-05-05,7680.0,7730.0,7680.0,7860.0,10871371570,1415266,279,7910.0,7700.0
2021-05-08,7630.0,7760.0,7630.0,7790.0,15984478980,2092255,244,7860.0,7630.0
2021-05-09,7570.0,7580.0,7560.0,7750.0,7841178090,1037036,127,7790.0,7560.0
2021-05-10,7520.0,7920.0,7520.0,7690.0,16065441160,2126045,381,7750.0,7650.0
2021-05-11,7560.0,7680.0,7560.0,7670.0,12755841480,1678777,461,7690.0,7610.0
2021-05-12,7650.0,7880.0,7440.0,7580.0,23473363090,3135468,498,7670.0,7440.0
2021-05-15,7530.0,7590.0,7250.0,7440.0,11489485180,1551416,335,7580.0,7280.0
2021-05-16,7440.0,7500.0,7070.0,7110.0,22645490730,3183187,474,7440.0,7070.0
2021-05-17,7110.0,7110.0,6800.0,6970.0,7467340320,1090104,231,7110.0,6810.0
2021-05-18,6660.0,6980.0,6650.0,6880.0,13458127440,1955840,258,6970.0,6900.0
2021-05-19,6750.0,6750.0,6540.0,6540.0,24506257480,3744375,307,6880.0,6550.0
2021-05-22,6300.0,6300.0,6220.0,6220.0,16988816600,2730903,248,6540.0,6220.0
2021-05-23,5930.0,6430.0,5930.0,6250.0,10747528780,1718042,400,6220.0,6350.0
2021-05-24,6350.0,6560.0,6270.0,6490.0,20202322000,3113336,429,6250.0,6560.0
2021-05-25,6780.0,6810.0,6600.0,6800.0,19996828670,2942275,507,6490.0,6810.0
2021-05-26,6940.0,7140.0,6630.0,7100.0,31772815920,4478107,820,6800.0,7100.0
2021-05-29,7250.0,7400.0,7100.0,7290.0,27030961390,3707744,668,7100.0,7400.0
2021-05-30,7400.0,7620.0,7010.0,7280.0,23351667760,3205738,579,7290.0,7040.0
2021-05-31,6930.0,7120.0,6930.0,7150.0,6764760260,966632,246,7280.0,6990.0
2021-06-01,6900.0,7140.0,6830.0,7070.0,5027842050,727068,196,7150.0,6850.0
2021-06-02,6840.0,7360.0,6830.0,7110.0,11560589540,1623563,360,7070.0,7080.0
2021-06-07,6880.0,7300.0,6880.0,7120.0,3417400250,476514,164,7110.0,7160.0
2021-06-08,7220.0,7330.0,7140.0,7160.0,6142508860,849425,243,7120.0,7140.0
2021-06-09,7060.0,7230.0,7050.0,7150.0,3254361210,456626,156,7160.0,7110.0
2021-06-12,7030.0,7150.0,6910.0,7090.0,5079621320,727464,288,7150.0,6980.0
2021-06-13,6930.0,7150.0,6850.0,7040.0,6183578890,886326,255,7090.0,7010.0
2021-06-14,7000.0,7150.0,6900.0,7030.0,7080404500,1008662,262,7040.0,6990.0
2021-06-15,7000.0,7190.0,6900.0,7040.0,11768850470,1671033,270,7030.0,7020.0
2021-06-16,7130.0,7130.0,7000.0,7040.0,7762788480,1101531,178,7040.0,7030.0
2021-06-19,7010.0,7210.0,7010.0,7090.0,7048722800,984921,230,7040.0,7160.0
2021-06-20,7110.0,7330.0,7000.0,7120.0,18562275580,2607089,398,7090.0,7030.0
2021-06-21,7010.0,7180.0,7010.0,7090.0,7555132410,1070070,244,7120.0,7040.0
2021-06-22,7150.0,7150.0,7010.0,7070.0,11062915230,1564997,344,7090.0,7090.0
2021-06-23,7140.0,7180.0,7090.0,7130.0,14299926740,2003625,370,7070.0,7170.0
2021-06-26,7130.0,7480.0,7110.0,7440.0,45684281410,6144045,687,7130.0,7480.0
2021-06-27,7700.0,7700.0,7340.0,7470.0,22595143540,3025116,449,7440.0,7370.0
2021-06-28,7300.0,7490.0,7300.0,7430.0,11720410630,1581152,254,7470.0,7400.0
2021-06-29,7480.0,7480.0,7310.0,7370.0,16614433880,2253482,253,7430.0,7410.0
2021-06-30,7440.0,7540.0,7410.0,7420.0,10734276710,1441658,223,7370.0,7420.0
2021-07-03,7430.0,7590.0,7320.0,7400.0,22389056740,3026526,369,7420.0,7450.0
2021-07-04,7450.0,7690.0,7330.0,7580.0,31356514690,4134219,462,7400.0,7690.0
2021-07-05,7700.0,7950.0,7570.0,7890.0,70112684630,8888524,521,7580.0,7950.0
2021-07-06,8200.0,8200.0,7860.0,8000.0,16600911630,2075648,438,7890.0,7960.0
2021-07-07,8090.0,8090.0,7880.0,7970.0,11286640140,1419405,318,8000.0,7880.0
2021-07-10,7990.0,8050.0,7860.0,7950.0,7245756850,912704,211,7970.0,7950.0
2021-07-11,7950.0,8100.0,7910.0,7960.0,14664154480,1841365,326,7950.0,8040.0
2021-07-12,7970.0,8350.0,7970.0,8290.0,26878138840,3242887,537,7960.0,8250.0
2021-07-13,8360.0,8480.0,8220.0,8330.0,9228044110,1105113,275,8290.0,8300.0
2021-07-14,8240.0,8430.0,7970.0,8100.0,19751466720,2438883,513,8330.0,8110.0
2021-07-17,8110.0,8110.0,7870.0,8020.0,11656334900,1457034,429,8100.0,7900.0
2021-07-18,7900.0,8080.0,7770.0,7910.0,7821554390,999642,297,8020.0,7790.0
2021-07-19,8010.0,8010.0,7780.0,7920.0,5595241560,705286,205,7910.0,8000.0
2021-07-26,8090.0,8230.0,7980.0,8120.0,16845645650,2075712,367,7920.0,8110.0
2021-07-27,8180.0,8180.0,7720.0,7860.0,16425221470,2090110,427,8120.0,7790.0
2021-07-28,7970.0,7970.0,7710.0,7790.0,12491054110,1604868,335,7860.0,7890.0
2021-07-31,7570.0,7950.0,7570.0,7820.0,17266000680,2206837,434,7790.0,7900.0
2021-08-01,7970.0,8100.0,7810.0,7920.0,12466556380,1570707,346,7820.0,7920.0
2021-08-02,7920.0,8080.0,7810.0,7870.0,10136536090,1291353,249,7920.0,7890.0
2021-08-03,7810.0,7880.0,7790.0,7840.0,9846056650,1258029,260,7870.0,7820.0
2021-08-04,7840.0,8230.0,7800.0,8130.0,51846722780,6376683,870,7840.0,8230.0
2021-08-07,8240.0,8340.0,8150.0,8210.0,16259948890,1981237,418,8130.0,8150.0
2021-08-08,8080.0,8300.0,8030.0,8210.0,12080431510,1472245,392,8210.0,8220.0
2021-08-09,8000.0,8300.0,8000.0,8200.0,15935042090,1943918,419,8210.0,8260.0
2021-08-10,8300.0,8340.0,8160.0,8270.0,46943036710,5675607,567,8200.0,8300.0
2021-08-11,8310.0,8620.0,8290.0,8390.0,50137823010,5972533,721,8270.0,8420.0
2021-08-14,8450.0,8580.0,8390.0,8480.0,22516798620,2655197,572,8390.0,8540.0
2021-08-15,8630.0,8840.0,8460.0,8690.0,27925053050,3212724,563,8480.0,8800.0
2021-08-22,8810.0,8990.0,8740.0,8890.0,40100484610,4513182,725,8690.0,8800.0
2021-08-23,8680.0,8990.0,8540.0,8780.0,31420163830,3580292,702,8890.0,8790.0
2021-08-24,8790.0,9210.0,8790.0,9180.0,102627265430,11178005,742,8780.0,9210.0
2021-08-25,9180.0,9390.0,9000.0,9180.0,44501846550,4846447,636,9180.0,9150.0
2021-08-28,9050.0,9350.0,9050.0,9240.0,37071425590,4011302,789,9180.0,9250.0
2021-08-29,9300.0,9440.0,8800.0,9070.0,44956624520,4955943,895,9240.0,8800.0
2021-08-30,8790.0,8790.0,8620.0,8640.0,25659540890,2970510,426,9070.0,8620.0
2021-08-31,8240.0,8650.0,8210.0,8340.0,33442687130,4012161,661,8640.0,8240.0
2021-09-01,8470.0,8700.0,8210.0,8560.0,21487811520,2510431,475,8340.0,8660.0
2021-09-04,8950.0,8970.0,8660.0,8820.0,32565267040,3693192,799,8560.0,8730.0
2021-09-05,8830.0,8960.0,8540.0,8610.0,23844489080,2768738,631,8820.0,8620.0
2021-09-06,8550.0,8720.0,8380.0,8570.0,18744983550,2188106,524,8610.0,8450.0
2021-09-07,8650.0,8650.0,8200.0,8350.0,19673218390,2357429,484,8570.0,8270.0
2021-09-08,8280.0,8460.0,8190.0,8300.0,23328455170,2810700,540,8350.0,8270.0
2021-09-11,8510.0,8510.0,8260.0,8340.0,13918912510,1668433,361,8300.0,8300.0
2021-09-12,8340.0,8430.0,7930.0,8060.0,35904453550,4456077,580,8340.0,8050.0
2021-09-13,7970.0,8170.0,7890.0,8070.0,45656004060,5660445,453,8060.0,8110.0
2021-09-14,7960.0,8200.0,7960.0,8090.0,17116602760,2116194,442,8070.0,8020.0
2021-09-15,8080.0,8100.0,7920.0,8040.0,8005478290,1000878,425,8090.0,8000.0
2021-09-18,7950.0,8040.0,7640.0,7700.0,17519956930,2274928,459,8040.0,7680.0
2021-09-19,7590.0,7820.0,7320.0,7390.0,27376359390,3704601,548,7700.0,7380.0
2021-09-20,7400.0,7750.0,7350.0,7670.0,59785271610,7798959,665,7390.0,7750.0
2021-09-21,7750.0,8040.0,7290.0,7630.0,37214094520,4874340,744,7670.0,7740.0
2021-09-22,7760.0,7790.0,7250.0,7490.0,9996715650,1345132,429,7630.0,7610.0
2021-09-25,7700.0,7860.0,7460.0,7800.0,16926093920,2169717,421,7490.0,7860.0
2021-09-26,7900.0,8150.0,7810.0,7850.0,11966979620,1520544,433,7800.0,7900.0
2021-09-28,8050.0,8150.0,7900.0,7970.0,12318293450,1539820,338,7850.0,7980.0
2021-09-29,7970.0,8000.0,7710.0,7890.0,13689062160,1738334,356,7970.0,7990.0
2021-10-02,7960.0,8030.0,7790.0,7950.0,15302894220,1924173,331,7890.0,7970.0
2021-10-03,7950.0,8100.0,7710.0,7920.0,10619673070,1343674,323,7950.0,7910.0
2021-10-04,7860.0,8000.0,7860.0,7920.0,8830526100,1114338,224,7920.0,7950.0
2021-10-06,7820.0,8000.0,7770.0,7880.0,27386999220,3476932,267,7920.0,7920.0
2021-10-09,7880.0,7890.0,7770.0,7820.0,13909554780,1778587,274,7880.0,7800.0
2021-10-10,7720.0,7960.0,7720.0,7840.0,10012465880,1274474,258,7820.0,7930.0
2021-10-11,8020.0,8080.0,7800.0,7870.0,6034879310,762951,200,7840.0,7890.0
2021-10-12,8000.0,8000.0,7480.0,7680.0,11931254780,1562331,311,7870.0,7800.0
2021-10-13,7550.0,7780.0,7460.0,7660.0,4723579700,620917,180,7680.0,7700.0
2021-10-16,7940.0,7980.0,7800.0,7850.0,37983924720,4837585,252,7660.0,7890.0
2021-10-17,7780.0,7910.0,7730.0,7820.0,6714268590,863629,191,7850.0,7750.0
2021-10-18,7750.0,7790.0,7520.0,7770.0,8429615990,1090266,194,7820.0,7790.0
2021-10-19,7770.0,7870.0,7650.0,7750.0,11452110820,1479386,277,7770.0,7770.0
2021-10-20,7760.0,7860.0,7700.0,7760.0,7143497460,920431,157,7750.0,7720.0
2021-10-23,7750.0,7750.0,7450.0,7710.0,6819789340,891611,160,7760.0,7450.0
2021-10-25,7590.0,7770.0,7480.0,7640.0,7723139050,1019793,235,7710.0,7510.0
2021-10-26,7520.0,7750.0,7520.0,7630.0,7978234610,1047809,171,7640.0,7560.0
2021-10-27,7530.0,7790.0,7530.0,7630.0,47476189240,6222112,401,7630.0,7630.0
2021-10-30,7710.0,7720.0,7430.0,7550.0,21068737820,2791823,254,7630.0,7430.0
2021-10-31,7500.0,7510.0,7270.0,7360.0,12463811590,1700695,280,7550.0,7340.0
2021-11-01,7470.0,7720.0,7470.0,7700.0,42068252580,5466630,347,7360.0,7710.0
2021-11-02,7710.0,7790.0,7590.0,7700.0,5560991920,721889,177,7700.0,7740.0
2021-11-03,7800.0,8080.0,7710.0,7960.0,13502346380,1686198,281,7700.0,8080.0
2021-11-06,8350.0,8350.0,8200.0,8340.0,108202269980,12971678,613,7960.0,8350.0
2021-11-07,8460.0,8550.0,8160.0,8380.0,26882843230,3206345,518,8340.0,8270.0
2021-11-08,8300.0,8470.0,8280.0,8380.0,7504632190,894816,192,8380.0,8300.0
2021-11-09,8350.0,8600.0,8350.0,8500.0,16856151120,1984136,394,8380.0,8540.0
2021-11-10,8600.0,8740.0,8440.0,8610.0,11193239920,1292251,319,8500.0,8620.0
2021-11-13,8540.0,8560.0,8310.0,8530.0,8946717700,1056494,257,8610.0,8490.0
2021-11-14,8450.0,8700.0,8450.0,8560.0,14841996280,1732952,306,8530.0,8500.0
2021-11-15,8440.0,8600.0,8200.0,8410.0,75126452360,8928659,410,8560.0,8370.0
2021-11-16,8300.0,8400.0,8110.0,8360.0,6920045680,832797,163,8410.0,8340.0
2021-11-17,8240.0,8450.0,8240.0,8350.0,6083673270,730702,144,8360.0,8350.0
2021-11-20,8360.0,8360.0,8130.0,8310.0,4311447610,525593,137,8350.0,8200.0
2021-11-21,8190.0,8360.0,8050.0,8140.0,14610787470,1795934,229,8310.0,8140.0
2021-11-22,8250.0,8260.0,8120.0,8160.0,5875916650,717341,174,8140.0,8250.0
2021-11-23,8200.0,8200.0,7970.0,8100.0,9267388240,1149601,226,8160.0,7980.0
2021-11-24,7970.0,8200.0,7970.0,8100.0,9559188370,1180305,258,8100.0,8180.0
2021-11-27,8040.0,8100.0,7850.0,8050.0,6342675000,794765,199,8100.0,7920.0
2021-11-28,7930.0,8000.0,7660.0,7940.0,7223738480,923508,263,8050.0,7900.0
2021-11-29,7920.0,8030.0,7840.0,7930.0,5023416710,635851,197,7940.0,7890.0
2021-11-30,7850.0,8010.0,7850.0,7930.0,4702772470,593359,154,7930.0,7950.0
2021-12-01,7760.0,7980.0,7760.0,7870.0,5698037290,731934,218,7930.0,7820.0
2021-12-04,7850.0,7950.0,7760.0,7900.0,16808695600,2129025,235,7870.0,7900.0
2021-12-05,8040.0,8290.0,7870.0,8270.0,62029507640,7499349,466,7900.0,8290.0
2021-12-06,8400.0,8410.0,8300.0,8330.0,20818456150,2499215,339,8270.0,8310.0
2021-12-07,8440.0,8740.0,8270.0,8670.0,70713849190,8159432,596,8330.0,8740.0
2021-12-08,8820.0,9100.0,8820.0,9090.0,80282324210,8833433,832,8670.0,9100.0
2021-12-11,9250.0,9250.0,8670.0,8980.0,30369255150,3383557,506,9090.0,8980.0
2021-12-12,8710.0,8980.0,8690.0,8830.0,19204680400,2175553,225,8980.0,8750.0
2021-12-13,8700.0,8970.0,8690.0,8820.0,25286930200,2867185,342,8830.0,8770.0
2021-12-14,8770.0,8980.0,8690.0,8820.0,6107720700,693402,180,8820.0,8820.0
2021-12-15,8820.0,8970.0,8750.0,8820.0,5145301920,582816,162,8820.0,8800.0
2021-12-18,8960.0,8990.0,8740.0,8850.0,7489071880,843625,219,8820.0,8810.0
2021-12-19,8980.0,8990.0,8500.0,8630.0,19816559160,2295460,220,8850.0,8600.0
2021-12-20,8510.0,8850.0,8510.0,8680.0,8697302670,996830,162,8630.0,8800.0
2021-12-21,8800.0,8850.0,8560.0,8690.0,5188682820,595593,173,8680.0,8720.0
2021-12-22,8880.0,9120.0,8810.0,9060.0,26690965370,2947493,360,8690.0,9100.0
2021-12-25,9270.0,9280.0,9010.0,9100.0,8683244880,950549,286,9060.0,9100.0
2021-12-26,9010.0,9010.0,8750.0,8910.0,16894780980,1896198,207,9100.0,8960.0
2021-12-27,8950.0,9200.0,8870.0,8950.0,5529035050,613199,170,8910.0,8990.0
2021-12-28,9000.0,9130.0,8840.0,9000.0,9355575210,1035931,220,8950.0,9060.0
2021-12-29,8920.0,9070.0,8600.0,8780.0,32434406220,3696121,371,9000.0,8700.0
2022-01-01,8800.0,8800.0,8530.0,8650.0,11541676010,1341770,240,8780.0,8540.0
2022-01-02,8680.0,8720.0,8360.0,8540.0,30921787320,3620117,374,8650.0,8480.0
2022-01-03,8400.0,8950.0,8360.0,8630.0,10390480680,1197242,229,8540.0,8710.0
2022-01-04,8850.0,8850.0,8590.0,8640.0,13836344870,1601852,187,8630.0,8680.0
2022-01-05,8650.0,8950.0,8650.0,8800.0,23272390400,2643137,314,8640.0,8860.0
2022-01-08,8710.0,8890.0,8610.0,8780.0,3984094820,455876,158,8800.0,8630.0
2022-01-09,8610.0,8780.0,8450.0,8720.0,4325106990,505404,165,8780.0,8500.0
2022-01-10,8510.0,8740.0,8500.0,8660.0,5310124080,620683,118,8720.0,8570.0
2022-01-11,8800.0,8800.0,8530.0,8640.0,6085714460,707055,115,8660.0,8660.0
2022-01-12,8500.0,8700.0,8490.0,8570.0,8589628530,1008315,147,8640.0,8500.0
2022-01-15,8460.0,8600.0,8420.0,8520.0,8454049720,997959,166,8570.0,8460.0
2022-01-16,8530.0,8580.0,8250.0,8430.0,10634194120,1267337,180,8520.0,8390.0
2022-01-17,8460.0,8540.0,8310.0,8330.0,15469925640,1856752,139,8430.0,8310.0
2022-01-18,8260.0,8300.0,7950.0,8120.0,13445342300,1660078,222,8330.0,8000.0
2022-01-19,8110.0,8210.0,7960.0,8120.0,5414433820,667810,148,8120.0,8200.0
2022-01-22,8300.0,8430.0,8210.0,8280.0,11217533140,1344964,259,8120.0,8300.0
2022-01-23,8300.0,8310.0,7870.0,8010.0,27543525440,3440061,410,8280.0,7870.0
2022-01-24,8000.0,8000.0,7650.0,7810.0,13459497720,1727351,268,8010.0,7700.0
2022-01-25,7810.0,7940.0,7560.0,7640.0,30872472700,4038659,283,7810.0,7700.0
2022-01-26,7860.0,8020.0,7860.0,8010.0,20056535150,2504848,178,7640.0,8020.0
2022-01-29,8410.0,8410.0,8270.0,8400.0,20863640350,2482474,207,8010.0,8410.0
2022-01-30,8820.0,8820.0,8580.0,8730.0,26692863480,3056996,305,8400.0,8620.0
2022-01-31,8800.0,8850.0,8600.0,8730.0,23925557060,2741873,278,8730.0,8750.0
2022-02-01,8870.0,8870.0,8500.0,8660.0,12628257260,1461015,304,8730.0,8570.0
2022-02-02,8600.0,8690.0,8400.0,8530.0,13196854210,1551326,202,8660.0,8490.0
2022-02-05,8660.0,8950.0,8570.0,8830.0,33999337620,3848466,408,8530.0,8760.0
2022-02-06,8890.0,8890.0,8390.0,8420.0,21163091120,2513349,328,8830.0,8390.0
2022-02-07,8460.0,8500.0,8300.0,8410.0,3999872580,477641,139,8420.0,8450.0
2022-02-08,8470.0,8580.0,8390.0,8440.0,7729389760,911841,130,8410.0,8460.0
2022-02-09,8440.0,8580.0,8410.0,8440.0,3919328490,463809,155,8440.0,8470.0
2022-02-12,8580.0,8580.0,8300.0,8420.0,11326353860,1346213,191,8440.0,8320.0
2022-02-13,8500.0,8500.0,8400.0,8420.0,2910305370,345422,121,8420.0,8480.0
2022-02-14,8430.0,8680.0,8430.0,8450.0,3656475550,427906,107,8420.0,8490.0
2022-02-16,8630.0,8680.0,8490.0,8470.0,3444971060,402473,149,8450.0,8530.0
2022-02-19,8680.0,8680.0,8390.0,8460.0,10486386660,1240185,272,8470.0,8530.0
2022-02-20,8470.0,8610.0,8300.0,8380.0,19229396410,2293776,414,8460.0,8360.0
2022-02-21,8540.0,8540.0,8320.0,8390.0,21597813580,2573935,433,8380.0,8400.0
2022-02-22,8480.0,8490.0,8290.0,8340.0,17275403690,2070514,405,8390.0,8470.0
2022-02-23,8450.0,8450.0,8300.0,8340.0,21051789340,2523964,331,8340.0,8400.0
2022-02-26,8440.0,8750.0,8330.0,8460.0,35028404330,4140583,542,8340.0,8370.0
2022-02-27,8790.0,8790.0,8380.0,8500.0,61784596340,7267046,1055,8460.0,8380.0
2022-03-09,4074.0,4074.0,4074.0,3984.0,8433909246,2070179,69,3880.0,4074.0
2022-03-12,4183.0,4183.0,4080.0,4181.0,102986186537,24632648,818,3984.0,4183.0
2022-03-13,4200.0,4200.0,3972.0,4036.0,28259186764,7002073,620,4181.0,3972.0
2022-03-14,4000.0,4000.0,3835.0,3888.0,14841706665,3817469,433,4036.0,3835.0
2022-03-15,3888.0,3960.0,3750.0,3834.0,10402002839,2727719,320,3888.0,3750.0
2022-03-16,3810.0,3885.0,3737.0,3783.0,25467204403,6732344,587,3834.0,3745.0
2022-03-19,3790.0,3860.0,3790.0,3803.0,7561118133,1977530,260,3783.0,3849.0
2022-03-26,3899.0,3993.0,3800.0,3956.0,35704985915,9026560,351,3803.0,3993.0
2022-03-27,4026.0,4153.0,4026.0,4123.0,36191062833,8778099,421,3956.0,4153.0
2022-03-28,4270.0,4270.0,4050.0,4142.0,12480975051,3008909,359,4123.0,4217.0
2022-03-29,4235.0,4235.0,4070.0,4160.0,11829369612,2839152,298,4142.0,4080.0
2022-03-30,4160.0,4190.0,4000.0,4133.0,8655683427,2106539,394,4160.0,4164.0
2022-04-03,4138.0,4190.0,4131.0,4150.0,7251675998,1739495,254,4133.0,4180.0
2022-04-04,4200.0,4200.0,4089.0,4155.0,9561656010,2299652,181,4150.0,4146.0
2022-04-05,4199.0,4199.0,4076.0,4154.0,5714471477,1375900,249,4155.0,4111.0
2022-04-06,4200.0,4200.0,4110.0,4149.0,4921741318,1188970,252,4154.0,4113.0
2022-04-09,4149.0,4178.0,4080.0,4136.0,4344491836,1058438,226,4149.0,4105.0
2022-04-10,4180.0,4185.0,4092.0,4134.0,7389412198,1788024,265,4136.0,4113.0
2022-04-11,4134.0,4160.0,4080.0,4129.0,6603443598,1602126,236,4134.0,4126.0
2022-04-12,4129.0,4170.0,3989.0,4086.0,6687907660,1657385,271,4129.0,4000.0
2022-04-13,4080.0,4160.0,4010.0,4078.0,8542411698,2097737,299,4086.0,4095.0
2022-04-16,4189.0,4189.0,4002.0,4059.0,9153395420,2261506,324,4078.0,4069.0
2022-04-17,4034.0,4120.0,4034.0,4063.0,10671827627,2625153,338,4059.0,4070.0
2022-04-18,4120.0,4230.0,4101.0,4161.0,14967655221,3595409,360,4063.0,4122.0
2022-04-19,4161.0,4259.0,4161.0,4192.0,8053163976,1907885,264,4161.0,4193.0
2022-04-20,4398.0,4400.0,4250.0,4317.0,21474810041,4974520,535,4192.0,4300.0
2022-04-24,4331.0,4439.0,4315.0,4337.0,11493805726,2646461,352,4317.0,4348.0
2022-04-25,4350.0,4399.0,4286.0,4309.0,14258693360,3310079,332,4337.0,4310.0
2022-04-26,4310.0,4350.0,4300.0,4315.0,13469215503,3121392,341,4309.0,4326.0
2022-04-27,4386.0,4386.0,4300.0,4318.0,7781655654,1801218,284,4315.0,4315.0
2022-04-30,4350.0,4525.0,4350.0,4456.0,14082101477,3150513,425,4318.0,4525.0
2022-05-01,4534.0,4723.0,4534.0,4709.0,21292849794,4521432,244,4456.0,4723.0
2022-05-02,4898.0,4991.0,4765.0,4949.0,67183495566,13575547,945,4709.0,4991.0
2022-05-07,5139.0,5220.0,4981.0,5052.0,32210842552,6375692,776,4949.0,5000.0
2022-05-08,4913.0,4990.0,4801.0,4861.0,21303594471,4382861,752,5052.0,4820.0
2022-05-09,4772.0,4800.0,4570.0,4594.0,76881040239,16734596,1707,4861.0,4577.0
2022-05-10,4560.0,4698.0,4451.0,4581.0,23825570837,5200764,755,4594.0,4655.0
2022-05-11,4600.0,4796.0,4600.0,4706.0,29484992139,6264777,758,4581.0,4730.0
2022-05-14,4715.0,4950.0,4652.0,4784.0,40966491490,8562357,878,4706.0,4750.0
2022-05-15,4702.0,4836.0,4635.0,4676.0,29030220854,6208354,620,4784.0,4664.0
2022-05-16,4676.0,4956.0,4676.0,4923.0,77071459845,15654852,1129,4676.0,4920.0
2022-05-17,4940.0,5050.0,4750.0,4869.0,39738058432,8161000,890,4923.0,4816.0
2022-05-18,4842.0,4843.0,4660.0,4711.0,22000239876,4669979,582,4869.0,4765.0
2022-05-21,4710.0,4710.0,4581.0,4646.0,10750223585,2325916,377,4711.0,4650.0
2022-05-22,4592.0,4740.0,4570.0,4601.0,39400403179,8564105,574,4646.0,4628.0
2022-05-23,4616.0,4655.0,4447.0,4515.0,22037877434,4881121,425,4601.0,4490.0
2022-05-24,4515.0,4635.0,4472.0,4531.0,16688833228,3683309,381,4515.0,4500.0
2022-05-25,4531.0,4630.0,4492.0,4512.0,33277115035,7375794,569,4531.0,4557.0
2022-05-28,4515.0,4580.0,4352.0,4454.0,39649223322,8902428,501,4512.0,4355.0
2022-05-29,4450.0,4450.0,4250.0,4306.0,28610665717,6644841,552,4454.0,4350.0
2022-05-30,4443.0,4443.0,4250.0,4274.0,15822203386,3702145,399,4306.0,4251.0
2022-05-31,4490.0,4490.0,4284.0,4357.0,17921264022,4113090,354,4274.0,4300.0
2022-06-01,4357.0,4400.0,4288.0,4306.0,16083661472,3735092,319,4357.0,4300.0
2022-06-06,4311.0,4390.0,4081.0,4160.0,18688294921,4492134,451,4306.0,4144.0
2022-06-07,4170.0,4245.0,4160.0,4182.0,7610058289,1810637,302,4160.0,4197.0
2022-06-08,4200.0,4260.0,4185.0,4200.0,12600860284,2998275,282,4182.0,4230.0
2022-06-11,4200.0,4287.0,4189.0,4201.0,13676413551,3255719,262,4200.0,4268.0
2022-06-12,4202.0,4330.0,4195.0,4262.0,20193210537,4737513,352,4201.0,4290.0
2022-06-13,4292.0,4432.0,4292.0,4377.0,28503306058,6512290,479,4262.0,4399.0
2022-06-14,4400.0,4400.0,4300.0,4364.0,9546304052,2191959,250,4377.0,4311.0
2022-06-15,4364.0,4419.0,4310.0,4370.0,7649179935,1747692,261,4364.0,4409.0
2022-06-18,4475.0,4475.0,4260.0,4342.0,7206901869,1670928,219,4370.0,4306.0
2022-06-19,4342.0,4388.0,4270.0,4289.0,17701186065,4126941,344,4342.0,4281.0
2022-06-20,4330.0,4350.0,4231.0,4278.0,13878709758,3244645,274,4289.0,4265.0
2022-06-21,4278.0,4278.0,4234.0,4264.0,6367797825,1499827,175,4278.0,4241.0
2022-06-22,4282.0,4295.0,4196.0,4233.0,12716050594,3007212,214,4264.0,4260.0
2022-06-25,4235.0,4300.0,4200.0,4229.0,5474496508,1296486,212,4233.0,4244.0
2022-06-26,4230.0,4230.0,4102.0,4177.0,9645385733,2324688,269,4229.0,4150.0
2022-06-27,4114.0,4177.0,4114.0,4151.0,10106371970,2441883,226,4177.0,4130.0
2022-06-28,4250.0,4259.0,4151.0,4171.0,7488521926,1786827,206,4151.0,4160.0
2022-06-29,4171.0,4200.0,4132.0,4166.0,5143071039,1236947,189,4171.0,4157.0
2022-07-02,4166.0,4193.0,4081.0,4145.0,5800840332,1410553,191,4166.0,4100.0
2022-07-03,4145.0,4169.0,4129.0,4143.0,3311461653,800259,133,4145.0,4135.0
2022-07-04,4155.0,4200.0,4085.0,4120.0,12622620236,3066362,223,4143.0,4130.0
2022-07-05,4150.0,4180.0,4100.0,4128.0,6620344316,1599671,162,4120.0,4120.0
2022-07-06,4100.0,4129.0,4071.0,4114.0,7308095105,1782244,220,4128.0,4084.0
2022-07-09,4110.0,4140.0,4050.0,4098.0,6449268118,1581989,230,4114.0,4065.0
2022-07-11,4062.0,4133.0,3979.0,4069.0,8982348578,2218047,247,4098.0,3979.0
2022-07-12,4068.0,4068.0,3850.0,4020.0,7914430628,1988703,223,4069.0,4000.0
2022-07-13,4020.0,4068.0,3950.0,4007.0,15429259848,3850828,212,4020.0,3980.0
2022-07-16,4096.0,4096.0,3934.0,3992.0,5961633852,1501486,177,4007.0,4011.0
2022-07-17,3993.0,4068.0,3936.0,3977.0,7037022738,1777277,224,3992.0,3936.0
2022-07-19,3978.0,4019.0,3920.0,3969.0,10361786016,2612792,213,3977.0,3950.0
2022-07-20,3973.0,4040.0,3962.0,3980.0,6358732097,1591939,181,3969.0,3990.0
2022-07-23,4097.0,4148.0,4005.0,4029.0,9180349319,2260210,262,3980.0,4030.0
2022-07-24,4021.0,4111.0,3982.0,4014.0,13760847727,3429015,237,4029.0,3987.0
2022-07-25,4015.0,4015.0,3880.0,3974.0,7507934743,1908325,247,4014.0,3900.0
2022-07-26,3974.0,3974.0,3919.0,3954.0,6900935670,1755763,211,3974.0,3922.0
2022-07-27,3945.0,3960.0,3935.0,3952.0,5680782535,1438210,176,3954.0,3958.0
2022-07-30,3953.0,4018.0,3915.0,3951.0,7549670599,1911566,239,3952.0,3916.0
2022-07-31,3951.0,3951.0,3885.0,3938.0,4426027240,1133176,192,3951.0,3909.0
2022-08-01,3938.0,3999.0,3930.0,3940.0,7739847798,1963537,156,3938.0,3935.0
2022-08-02,3951.0,3987.0,3894.0,3925.0,6698722774,1714155,213,3940.0,3910.0
2022-08-03,3928.0,4000.0,3928.0,3944.0,6263531229,1577848,146,3925.0,3974.0
2022-08-06,4043.0,4043.0,3970.0,3970.0,7556020825,1890659,167,3944.0,4003.0
2022-08-09,4020.0,4040.0,3990.0,3980.0,3570384411,889704,150,3970.0,4012.0
2022-08-10,4030.0,4035.0,4009.0,3999.0,7374036394,1834311,169,3980.0,4011.0
2022-08-13,4030.0,4160.0,4030.0,4052.0,7607313038,1852847,257,3999.0,4111.0
2022-08-14,4170.0,4197.0,4070.0,4117.0,11297034277,2728152,353,4052.0,4192.0
2022-08-15,4200.0,4200.0,4125.0,4140.0,8389080222,2017144,253,4117.0,4160.0
2022-08-16,4247.0,4247.0,4139.0,4147.0,3345716234,801847,157,4140.0,4139.0
2022-08-17,4120.0,4175.0,4120.0,4151.0,5219593535,1255165,116,4147.0,4152.0
2022-08-20,4210.0,4210.0,4129.0,4154.0,5284226226,1270021,162,4151.0,4154.0
2022-08-21,4205.0,4205.0,4100.0,4143.0,5062137114,1227752,179,4154.0,4149.0
2022-08-22,4170.0,4176.0,4075.0,4127.0,10964167182,2660175,211,4143.0,4111.0
2022-08-23,4127.0,4230.0,4127.0,4136.0,3543592137,850367,122,4127.0,4230.0
2022-08-24,4239.0,4254.0,4173.0,4181.0,8224151424,1948866,233,4136.0,4190.0
2022-08-27,4195.0,4294.0,4195.0,4202.0,3856856854,904735,163,4181.0,4211.0
2022-08-28,4204.0,4256.0,4183.0,4204.0,6362959964,1512731,160,4202.0,4203.0
2022-08-29,4210.0,4250.0,4203.0,4210.0,4974272629,1177978,119,4204.0,4230.0
2022-08-30,4230.0,4260.0,4215.0,4218.0,5918070606,1398910,118,4210.0,4248.0
2022-08-31,4269.0,4269.0,4213.0,4223.0,3491560745,823519,101,4218.0,4252.0
2022-09-03,4275.0,4275.0,4161.0,4221.0,7498052775,1777488,135,4223.0,4223.0
2022-09-04,4221.0,4254.0,4203.0,4221.0,2162156679,512255,93,4221.0,4220.0
2022-09-05,4221.0,4230.0,4159.0,4191.0,12718682927,3038504,241,4221.0,4180.0
2022-09-06,4191.0,4230.0,4160.0,4182.0,7414966412,1776811,149,4191.0,4224.0
2022-09-07,4175.0,4240.0,4150.0,4178.0,3926496928,942557,146,4182.0,4151.0
2022-09-10,4179.0,4197.0,4139.0,4167.0,6717091907,1617577,143,4178.0,4152.0
2022-09-11,4167.0,4189.0,4095.0,4157.0,7366989076,1776323,191,4167.0,4103.0
2022-09-12,4157.0,4169.0,4086.0,4150.0,2859777816,693902,132,4157.0,4110.0
2022-09-13,4101.0,4200.0,3961.0,4067.0,20330177325,4999154,338,4150.0,4130.0
2022-09-14,4160.0,4177.0,4091.0,4111.0,8423555096,2032729,192,4067.0,4161.0
2022-09-18,4161.0,4186.0,4111.0,4128.0,8795697013,2124223,196,4111.0,4121.0
2022-09-19,4179.0,4179.0,4100.0,4124.0,6462739822,1568902,127,4128.0,4160.0
2022-09-20,4120.0,4165.0,4101.0,4126.0,2549161310,616445,130,4124.0,4130.0
2022-09-21,4126.0,4128.0,4053.0,4107.0,8270744999,2021300,222,4126.0,4053.0
2022-09-24,4056.0,4128.0,3980.0,4050.0,9819500194,2441181,204,4107.0,3991.0
2022-09-26,4050.0,4090.0,4003.0,4048.0,4204751361,1039680,117,4050.0,4050.0
2022-09-28,4051.0,4100.0,4050.0,4066.0,10608134109,2604161,141,4048.0,4100.0
2022-10-01,4081.0,4090.0,4000.0,4053.0,4603861338,1144386,181,4066.0,4010.0
2022-10-02,4050.0,4050.0,3990.0,4045.0,3651785944,908240,150,4053.0,4015.0
2022-10-03,4045.0,4070.0,4030.0,4044.0,2744437106,679764,129,4045.0,4030.0
2022-10-04,4045.0,4054.0,4029.0,4042.0,3565266128,883170,73,4044.0,4045.0
2022-10-08,4045.0,4080.0,4031.0,4051.0,7268514900,1789595,158,4042.0,4079.0
2022-10-09,4060.0,4060.0,3950.0,4030.0,6966618186,1739100,135,4051.0,4000.0
2022-10-10,4030.0,4050.0,3981.0,4019.0,6994007713,1745334,150,4030.0,4013.0
2022-10-11,4020.0,4076.0,4020.0,4022.0,1288316554,318170,74,4019.0,4040.0
2022-10-12,4030.0,4100.0,4010.0,4030.0,6043256351,1494976,151,4022.0,4039.0
2022-10-15,4110.0,4110.0,4010.0,4028.0,4535152711,1126966,124,4030.0,4020.0
2022-10-16,4028.0,4030.0,3990.0,4024.0,2829458762,706399,132,4028.0,4025.0
2022-10-17,4026.0,4090.0,4000.0,4023.0,4959468865,1233064,127,4024.0,4012.0
2022-10-18,4023.0,4050.0,4000.0,4021.0,6419144251,1597375,131,4023.0,4024.0
2022-10-19,4024.0,4074.0,4013.0,4023.0,9398890555,2335975,156,4021.0,4030.0
2022-10-22,4089.0,4089.0,4019.0,4025.0,8103610043,2012018,150,4023.0,4020.0
2022-10-23,4020.0,4020.0,3850.0,3980.0,9715646329,2455236,234,4025.0,3910.0
2022-10-24,3960.0,3967.0,3860.0,3946.0,5766356278,1480931,145,3980.0,3899.0
2022-10-25,3850.0,3890.0,3781.0,3897.0,5542465116,1450994,187,3946.0,3808.0
2022-10-26,3785.0,3790.0,3625.0,3768.0,9193875190,2482199,309,3897.0,3717.0
2022-10-29,3550.0,3854.0,3550.0,3766.0,10220217528,2714007,219,3768.0,3697.0
2022-10-30,3775.0,3840.0,3652.0,3799.0,35659922050,9386200,313,3766.0,3840.0
2022-10-31,3846.0,3980.0,3777.0,3844.0,13130086692,3409105,260,3799.0,3871.0
2022-11-01,3900.0,3999.0,3900.0,3878.0,4173941999,1050264,117,3844.0,3958.0
2022-11-02,3899.0,3930.0,3851.0,3880.0,2686114920,690224,116,3878.0,3930.0
2022-11-05,3862.0,4130.0,3862.0,3976.0,8412135652,2072146,222,3880.0,4065.0
2022-11-06,4070.0,4120.0,4000.0,4035.0,11198280864,2759582,222,3976.0,4079.0
2022-11-07,4051.0,4279.0,4051.0,4154.0,17791521206,4282629,385,4035.0,4270.0
2022-11-08,4262.0,4300.0,4090.0,4170.0,11879606633,2845008,290,4154.0,4100.0
2022-11-09,4100.0,4240.0,4030.0,4176.0,8357326165,1998208,184,4170.0,4200.0
2022-11-12,4198.0,4249.0,4110.0,4175.0,4974487779,1191818,146,4176.0,4151.0
2022-11-13,4140.0,4179.0,4114.0,4159.0,8379056094,2020585,182,4175.0,4140.0
2022-11-14,4105.0,4163.0,3920.0,4066.0,11492464094,2843633,168,4159.0,4066.0
2022-11-15,4017.0,4159.0,4017.0,4074.0,4710182099,1151000,148,4066.0,4070.0
2022-11-16,4052.0,4109.0,4050.0,4078.0,2857318011,698084,96,4074.0,4082.0
2022-11-19,4090.0,4090.0,3990.0,4058.0,4366433912,1088740,152,4078.0,4005.0
2022-11-20,4000.0,4070.0,4000.0,4023.0,12668392452,3153247,330,4058.0,4038.0
2022-11-21,4136.0,4136.0,4010.0,4052.0,10406857564,2560528,167,4023.0,4060.0
2022-11-22,4050.0,4100.0,4045.0,4060.0,4253460223,1042810,115,4052.0,4095.0
2022-11-23,4100.0,4140.0,4075.0,4075.0,5971131525,1457329,140,4060.0,4140.0
2022-11-26,4080.0,4150.0,4080.0,4091.0,4879685816,1182758,105,4075.0,4100.0
2022-11-27,4125.0,4125.0,4087.0,4093.0,3558621287,868337,94,4091.0,4111.0
2022-11-28,4090.0,4105.0,4059.0,4087.0,4743329143,1163956,159,4093.0,4101.0
2022-11-29,4102.0,4136.0,4061.0,4101.0,6934142477,1684341,164,4087.0,4136.0
2022-11-30,4150.0,4185.0,4140.0,4128.0,6662699243,1599987,171,4101.0,4165.0
2022-12-03,4186.0,4190.0,4041.0,4147.0,15402221339,3713724,278,4128.0,4155.0
2022-12-04,4190.0,4258.0,4160.0,4176.0,10365319322,2474329,245,4147.0,4170.0
2022-12-05,4163.0,4190.0,4141.0,4171.0,4658146294,1119390,125,4176.0,4178.0
2022-12-06,4199.0,4235.0,4140.0,4177.0,3239002805,771488,112,4171.0,4180.0
2022-12-07,4143.0,4178.0,4136.0,4166.0,5616029777,1354499,158,4177.0,4165.0
2022-12-10,4170.0,4210.0,4068.0,4148.0,4472071382,1088897,180,4166.0,4090.0
2022-12-11,4060.0,4149.0,4060.0,4122.0,6980509423,1705228,217,4148.0,4133.0
2022-12-12,4219.0,4228.0,4085.0,4175.0,13532720510,3236655,254,4122.0,4193.0
2022-12-13,4240.0,4410.0,4192.0,4343.0,20882560145,4808182,365,4175.0,4389.0
2022-12-14,4345.0,4469.0,4280.0,4364.0,10938293858,2500933,238,4343.0,4336.0
2022-12-17,4350.0,4398.0,4250.0,4343.0,9657103333,2229377,221,4364.0,4369.0
2022-12-18,4270.0,4490.0,4270.0,4400.0,10562977651,2387359,242,4343.0,4420.0
2022-12-19,4490.0,4499.0,4406.0,4462.0,21270397463,4767066,273,4400.0,4490.0
2022-12-20,4494.0,4550.0,4483.0,4506.0,12715509371,2815627,270,4462.0,4550.0
2022-12-21,4500.0,4698.0,4465.0,4627.0,18281710952,3951024,319,4506.0,4698.0
2022-12-24,4650.0,4900.0,4650.0,4810.0,18328586425,3810706,347,4627.0,4900.0
2022-12-25,4933.0,4970.0,4800.0,4866.0,14756041153,3029935,358,4810.0,4828.0
2022-12-26,4820.0,4940.0,4655.0,4888.0,20448831964,4183672,301,4866.0,4909.0
2022-12-28,4995.0,5098.0,4960.0,5012.0,38437733857,7669519,575,4888.0,5000.0
2022-12-31,4950.0,4950.0,4670.0,4710.0,47054290660,9995340,642,5012.0,4750.0
2023-01-01,4720.0,4890.0,4590.0,4680.0,16282715160,3478346,348,4710.0,4670.0
2023-01-02,4620.0,4820.0,4620.0,4740.0,12830369740,2703615,212,4680.0,4730.0
2023-01-03,4730.0,4920.0,4650.0,4740.0,9112565270,1920069,233,4740.0,4720.0
2023-01-04,4700.0,4740.0,4640.0,4710.0,7497744980,1602571,193,4740.0,4700.0
2023-01-07,4700.0,4790.0,4700.0,4735.0,13044805160,2752822,271,4710.0,4774.0
2023-01-08,4890.0,5000.0,4762.0,4894.0,28225869138,5767931,391,4735.0,4961.0
2023-01-09,4990.0,5029.0,4925.0,4955.0,13423835923,2702866,272,4894.0,5029.0
2023-01-10,5030.0,5090.0,4959.0,5024.0,23555236764,4688434,429,4955.0,4980.0
2023-01-11,5000.0,5090.0,4900.0,4989.0,15097284836,3027123,304,5024.0,4916.0
2023-01-14,4990.0,5040.0,4870.0,4975.0,7326035700,1477419,215,4989.0,4989.0
2023-01-16,4990.0,5323.0,4990.0,5243.0,49651369891,9470453,676,4975.0,5323.0
2023-01-17,5360.0,5495.0,5305.0,5351.0,21769304291,4068286,429,5243.0,5310.0
2023-01-18,5355.0,5415.0,5270.0,5346.0,13782705124,2578955,322,5351.0,5322.0
2023-01-21,5310.0,5390.0,5170.0,5260.0,14256957060,2715401,412,5346.0,5280.0
2023-01-22,5360.0,5360.0,5050.0,5150.0,19338336610,3751570,436,5260.0,5110.0
2023-01-23,5200.0,5300.0,5050.0,5140.0,32040028780,6231299,493,5150.0,5090.0
2023-01-24,5110.0,5160.0,5040.0,5100.0,15549304680,3047643,268,5140.0,5100.0
2023-01-25,5200.0,5200.0,4850.0,4930.0,19183757680,3894452,629,5100.0,4940.0
2023-01-28,4952.0,5000.0,4790.0,4889.0,14008333786,2867776,240,4930.0,4930.0
2023-01-29,4802.0,4959.0,4550.0,4661.0,31839514326,6831554,493,4889.0,4740.0
2023-01-30,4600.0,4890.0,4550.0,4704.0,18738025936,3983682,332,4661.0,4886.0
2023-01-31,4977.0,5000.0,4700.0,4873.0,17712644527,3635146,398,4704.0,4899.0
2023-02-01,5000.0,5032.0,4900.0,4911.0,6316864740,1271364,228,4873.0,4942.0
2023-02-05,4998.0,5000.0,4790.0,4838.0,15330746895,3169526,626,4911.0,4790.0
2023-02-06,4770.0,4960.0,4770.0,4855.0,9038911015,1856852,149,4838.0,4871.0
2023-02-07,4909.0,4980.0,4857.0,4907.0,9046240056,1828787,234,4855.0,4970.0
2023-02-08,4913.0,4996.0,4868.0,4915.0,4913193284,996312,171,4907.0,4945.0
2023-02-12,4965.0,5000.0,4870.0,4922.0,6659578207,1350349,188,4915.0,4960.0
2023-02-13,4883.0,4979.0,4882.0,4918.0,9326718274,1897788,253,4922.0,4900.0
2023-02-14,4900.0,4975.0,4855.0,4908.0,5034105780,1030152,289,4918.0,4877.0
2023-02-15,4890.0,4947.0,4841.0,4900.0,8104211298,1656416,258,4908.0,4899.0
2023-02-19,4849.0,4951.0,4818.0,4874.0,9238611684,1902495,336,4900.0,4821.0
2023-02-20,4947.0,5140.0,4824.0,5053.0,17422794032,3447889,459,4874.0,5140.0
2023-02-21,5176.0,5378.0,5176.0,5301.0,28610058601,5397372,470,5053.0,5330.0
2023-02-22,5310.0,5384.0,5180.0,5271.0,24492233604,4646257,310,5301.0,5300.0
2023-02-25,5450.0,5630.0,5450.0,5610.0,83463783290,14866991,683,5271.0,5630.0
2023-02-26,5660.0,5950.0,5660.0,5790.0,44955813310,7766449,682,5610.0,5700.0
2023-02-27,5630.0,5800.0,5530.0,5710.0,14740777510,2592144,610,5790.0,5670.0
2023-02-28,5800.0,5800.0,5600.0,5680.0,28352599520,4987771,556,5710.0,5730.0
2023-03-01,5700.0,5740.0,5580.0,5680.0,27534285890,4850287,613,5680.0,5650.0
2023-03-04,5510.0,5690.0,5380.0,5480.0,51990946280,9488762,1597,5680.0,5380.0
2023-03-05,5420.0,5650.0,5420.0,5510.0,48031428300,8714051,772,5480.0,5530.0
2023-03-13,4370.0,4470.0,4250.0,4330.0,19065754190,4405021,445,4460.0,4320.0
2023-03-14,4210.0,4320.0,4170.0,4230.0,32282555310,7633594,1480,4330.0,4240.0
2023-03-15,4340.0,4440.0,4270.0,4340.0,14637778380,3376295,490,4230.0,4400.0
2023-03-18,4400.0,4643.0,4400.0,4621.0,42003063455,9089567,591,4340.0,4643.0
2023-03-19,4745.0,4750.0,4510.0,4677.0,15515714862,3315800,361,4621.0,4749.0
2023-03-25,4700.0,4740.0,4612.0,4692.0,23271549168,4959857,354,4677.0,4715.0
2023-03-26,4690.0,4700.0,4500.0,4602.0,29319754989,6371771,630,4692.0,4520.0
2023-03-27,4480.0,4644.0,4400.0,4597.0,39753000936,8646968,681,4602.0,4625.0
2023-03-28,4540.0,4747.0,4536.0,4582.0,40148402597,8762380,938,4597.0,4590.0
2023-03-29,4700.0,4895.0,4593.0,4755.0,50323279361,10582227,949,4582.0,4885.0
2023-04-03,4800.0,5000.0,4711.0,4903.0,40541923956,8269608,733,4755.0,4996.0
2023-04-04,4956.0,5170.0,4920.0,4998.0,29850969184,5972338,608,4903.0,4950.0
2023-04-05,4950.0,5149.0,4900.0,5032.0,40137659217,7976002,618,4998.0,5135.0
2023-04-08,5130.0,5380.0,5130.0,5350.0,105645981390,19738453,904,5032.0,5320.0
2023-04-09,5370.0,5460.0,5300.0,5400.0,56432490410,10448991,651,5350.0,5400.0
2023-04-10,5330.0,5520.0,5110.0,5300.0,46802284050,8829642,1302,5400.0,5200.0
2023-04-11,5150.0,5480.0,5150.0,5300.0,25699487850,4852410,624,5300.0,5470.0
2023-04-15,5340.0,5670.0,5320.0,5570.0,48196741500,8655464,811,5300.0,5670.0
2023-04-16,5720.0,5800.0,5410.0,5630.0,73345178140,13019768,875,5570.0,5590.0
2023-04-17,5560.0,5710.0,5510.0,5620.0,31982742240,5686850,580,5630.0,5600.0
2023-04-18,5690.0,6010.0,5550.0,5900.0,87262787900,14787171,1126,5620.0,5950.0
2023-04-19,6010.0,6140.0,5790.0,5950.0,41696141880,7007931,738,5900.0,6000.0
2023-04-24,6110.0,6200.0,5960.0,6090.0,30180979720,4954013,604,5950.0,6140.0
2023-04-25,6170.0,6440.0,6170.0,6280.0,38925954400,6194243,650,6090.0,6210.0
2023-04-26,6180.0,6390.0,6170.0,6230.0,26673009740,4282002,488,6280.0,6200.0
2023-04-29,6180.0,6660.0,6180.0,6520.0,88524940510,13581269,968,6230.0,6660.0
2023-04-30,6720.0,6720.0,6410.0,6590.0,48933829750,7420430,791,6520.0,6530.0
2023-05-01,6540.0,6730.0,6350.0,6460.0,48482307430,7504045,729,6590.0,6480.0
2023-05-02,6530.0,6660.0,6440.0,6540.0,64172853210,9819526,684,6460.0,6510.0
2023-05-03,6550.0,6630.0,6250.0,6440.0,50472048800,7837802,910,6540.0,6430.0
2023-05-06,6600.0,6600.0,6300.0,6380.0,48783278830,7652157,994,6440.0,6380.0
2023-05-07,6350.0,6350.0,5940.0,5980.0,85072165970,14227115,911,6380.0,5940.0
2023-05-08,5620.0,5800.0,5570.0,5600.0,26600111270,4748594,430,5980.0,5570.0
2023-05-09,5230.0,5980.0,5230.0,5770.0,64720910900,11224618,780,5600.0,5870.0
2023-05-10,5870.0,6110.0,5550.0,5690.0,35798017140,6289049,915,5770.0,5640.0
2023-05-13,5640.0,5740.0,5300.0,5340.0,40758503200,7631583,666,5690.0,5410.0
2023-05-14,5390.0,5710.0,5390.0,5650.0,25386447680,4492527,443,5340.0,5710.0
2023-05-15,5940.0,6040.0,5810.0,5950.0,30915113120,5192943,699,5650.0,5960.0
2023-05-17,6080.0,6190.0,5930.0,6020.0,31768347340,5277441,528,5950.0,5990.0
2023-05-20,6050.0,6190.0,5840.0,5950.0,18323191100,3083268,639,6020.0,5950.0
2023-05-21,5950.0,5980.0,5870.0,5940.0,11036579090,1862652,335,5950.0,5970.0
2023-05-22,5940.0,6070.0,5890.0,5960.0,9028002940,1510501,230,5940.0,5950.0
2023-05-23,5910.0,6080.0,5870.0,5940.0,18462191030,3110451,471,5960.0,5890.0
2023-05-24,5880.0,6030.0,5880.0,5980.0,23105714300,3861601,388,5940.0,6000.0
2023-05-27,5950.0,6020.0,5850.0,5940.0,17442508770,2938667,394,5980.0,5860.0
2023-05-28,5830.0,5940.0,5670.0,5850.0,9378149280,1628115,415,5940.0,5800.0
2023-05-29,5670.0,5920.0,5670.0,5820.0,9959267870,1716164,367,5850.0,5770.0
2023-05-30,5750.0,5860.0,5720.0,5780.0,18964403540,3278891,416,5820.0,5780.0
2023-05-31,5860.0,5860.0,5680.0,5720.0,15224949470,2666737,558,5780.0,5720.0
2023-06-03,5670.0,5800.0,5600.0,5720.0,4366198100,765532,167,5720.0,5690.0
2023-06-06,5800.0,5800.0,5660.0,5700.0,14025920300,2462693,239,5720.0,5700.0
2023-06-07,5650.0,5760.0,5650.0,5700.0,11909117940,2089297,237,5700.0,5650.0
2023-06-10,5620.0,5640.0,5310.0,5340.0,32203341210,6035267,375,5700.0,5330.0
2023-06-11,5340.0,5480.0,5330.0,5360.0,8634542800,1606159,261,5340.0,5380.0
2023-06-12,5460.0,5460.0,4990.0,5170.0,19757222500,3818456,400,5360.0,5170.0
2023-06-13,5110.0,5300.0,5110.0,5200.0,9477034260,1813963,186,5170.0,5220.0
2023-06-14,5250.0,5340.0,5110.0,5250.0,47769885920,9102359,403,5200.0,5260.0
2023-06-17,5260.0,5310.0,5170.0,5250.0,11742048270,2235705,228,5250.0,5170.0
2023-06-18,5170.0,5200.0,5100.0,5180.0,10315719620,2007494,188,5250.0,5180.0
2023-06-19,5080.0,5200.0,5030.0,5160.0,12776358740,2476334,179,5180.0,5200.0
2023-06-20,5210.0,5210.0,5110.0,5150.0,5649674500,1099200,144,5160.0,5160.0
2023-06-21,5170.0,5210.0,5010.0,5120.0,15679103640,3061173,287,5150.0,5100.0
2023-06-24,5040.0,5150.0,5040.0,5100.0,8801413450,1733592,250,5120.0,5060.0
2023-06-25,5120.0,5180.0,5070.0,5100.0,12862953310,2522963,248,5100.0,5130.0
2023-06-26,5110.0,5200.0,5100.0,5130.0,13695829240,2665019,220,5100.0,5120.0
2023-06-27,5190.0,5200.0,5100.0,5130.0,11264222300,2193243,195,5130.0,5120.0
2023-06-28,5110.0,5230.0,5070.0,5140.0,38638352170,7519557,401,5130.0,5160.0
2023-07-01,5230.0,5230.0,5040.0,5120.0,11175900000,2189185,360,5140.0,5060.0
2023-07-02,5040.0,5190.0,5000.0,5110.0,9962188940,1952001,180,5120.0,5170.0
2023-07-03,5110.0,5230.0,5080.0,5120.0,16800412850,3278548,272,5110.0,5180.0
2023-07-04,5190.0,5290.0,5150.0,5190.0,9451398440,1800496,274,5120.0,5160.0
2023-07-05,5290.0,5290.0,5160.0,5200.0,6536694920,1252926,160,5190.0,5220.0
2023-07-08,5210.0,5290.0,5130.0,5190.0,10832065820,2091093,225,5200.0,5180.0
2023-07-09,5190.0,5200.0,4960.0,5060.0,47950126420,9476468,636,5190.0,5090.0
2023-07-10,5180.0,5180.0,4850.0,4940.0,31476846400,6368308,579,5060.0,4900.0
2023-07-11,4900.0,5000.0,4700.0,4810.0,21550842060,4479533,590,4940.0,4760.0
2023-07-12,4870.0,4870.0,4660.0,4750.0,14173047770,2983882,309,4810.0,4800.0
2023-07-15,4725.0,4890.0,4720.0,4767.0,22732154918,4769100,293,4750.0,4732.0
2023-07-16,4750.0,4806.0,4601.0,4700.0,29549049289,6287130,361,4767.0,4670.0
2023-07-17,4759.0,4759.0,4590.0,4659.0,11834134995,2546044,334,4700.0,4720.0
2023-07-18,4720.0,4950.0,4720.0,4794.0,19688229913,4107247,375,4659.0,4850.0
2023-07-19,4940.0,4999.0,4790.0,4888.0,18466055736,3778102,391,4794.0,4802.0
2023-07-22,4750.0,4810.0,4655.0,4721.0,16754892177,3548974,356,4888.0,4769.0
2023-07-23,4673.0,4867.0,4673.0,4765.0,7584262829,1576516,175,4721.0,4819.0
2023-07-24,4885.0,4950.0,4770.0,4833.0,17675555609,3656980,315,4765.0,4943.0
2023-07-25,4990.0,5098.0,4900.0,5015.0,22038656965,4394607,464,4833.0,5000.0
2023-07-26,5085.0,5161.0,4960.0,5039.0,12741120122,2525205,312,5015.0,5039.0
2023-07-29,5090.0,5100.0,5030.0,5050.0,9787170180,1934449,172,5039.0,5050.0
2023-07-30,5020.0,5040.0,4850.0,4920.0,15659301960,3181429,330,5050.0,4930.0
2023-07-31,4870.0,5030.0,4830.0,4910.0,7879569800,1610331,217,4920.0,4920.0
2023-08-01,4920.0,5030.0,4880.0,4940.0,18766052390,3801685,329,4910.0,5020.0
2023-08-05,5128.0,5128.0,4970.0,5021.0,18598619240,3703905,331,4940.0,5026.0
2023-08-06,5080.0,5080.0,4973.0,5013.0,7304844120,1460053,179,5021.0,5030.0
2023-08-07,5088.0,5100.0,5002.0,5032.0,6925121746,1369057,135,5013.0,5034.0
2023-08-08,4990.0,5040.0,4990.0,5026.0,3595895705,718152,133,5032.0,5000.0
2023-08-09,4981.0,5070.0,4970.0,4992.0,13030297437,2614269,272,5026.0,4980.0
2023-08-12,5059.0,5060.0,4867.0,4903.0,14344815660,2930714,271,4992.0,4867.0
2023-08-13,4860.0,4900.0,4835.0,4877.0,10403140384,2138616,254,4903.0,4897.0
2023-08-14,4851.0,4960.0,4851.0,4890.0,11415222513,2331821,208,4877.0,4881.0
2023-08-15,4888.0,4889.0,4793.0,4815.0,17476643842,3629347,208,4890.0,4865.0
2023-08-16,4804.0,4910.0,4802.0,4828.0,10051518844,2078575,200,4815.0,4830.0
2023-08-19,4820.0,4898.0,4792.0,4818.0,7988428992,1661187,244,4828.0,4792.0
2023-08-20,4820.0,4883.0,4760.0,4814.0,7739477752,1609163,196,4818.0,4840.0
2023-08-21,4880.0,4880.0,4830.0,4826.0,3790362110,779423,90,4814.0,4853.0
2023-08-22,4830.0,4879.0,4800.0,4824.0,5285124360,1096258,114,4826.0,4840.0
2023-08-23,4888.0,4939.0,4851.0,4844.0,4008036022,817871,114,4824.0,4937.0
2023-08-26,4960.0,5143.0,4890.0,4974.0,9690063349,1914380,260,4844.0,5099.0
2023-08-27,5229.0,5290.0,5141.0,5118.0,9783755978,1874407,257,4974.0,5170.0
2023-08-28,5230.0,5230.0,5090.0,5151.0,13656339736,2647910,385,5118.0,5200.0
2023-08-29,5171.0,5254.0,5170.0,5172.0,5522446369,1059364,260,5151.0,5200.0
2023-08-30,5162.0,5280.0,5150.0,5201.0,8490785228,1623770,276,5172.0,5230.0
2023-09-02,5280.0,5300.0,5170.0,5200.0,9650382940,1853184,213,5201.0,5170.0
2023-09-03,5240.0,5240.0,5150.0,5190.0,6882325140,1326679,152,5200.0,5170.0
2023-09-04,5150.0,5240.0,5150.0,5210.0,15111133010,2900816,210,5190.0,5230.0
2023-09-05,5260.0,5300.0,5190.0,5210.0,11649573600,2233646,279,5210.0,5200.0
2023-09-09,5210.0,5230.0,5160.0,5200.0,7516169030,1446312,158,5210.0,5190.0
2023-09-10,5180.0,5240.0,5160.0,5200.0,3754410180,720114,121,5200.0,5210.0
2023-09-11,5210.0,5240.0,5180.0,5200.0,2479577610,476077,87,5200.0,5210.0
2023-09-12,5250.0,5280.0,5150.0,5190.0,12820538180,2469519,292,5200.0,5190.0
2023-09-13,5270.0,5280.0,5170.0,5200.0,6401903520,1227104,153,5190.0,5190.0
2023-09-17,5180.0,5310.0,5180.0,5220.0,10739226610,2054787,200,5200.0,5190.0
2023-09-18,5200.0,5260.0,5150.0,5200.0,9528800930,1840504,300,5220.0,5170.0
2023-09-19,5130.0,5260.0,5130.0,5200.0,8966990030,1724345,200,5200.0,5200.0
2023-09-20,5200.0,5260.0,5200.0,5220.0,9952932580,1902620,140,5200.0,5260.0
2023-09-23,5220.0,5350.0,5220.0,5270.0,11681630770,2209272,305,5220.0,5340.0
2023-09-25,5340.0,5420.0,5320.0,5370.0,16003645680,2978755,438,5270.0,5340.0
2023-09-26,5420.0,5460.0,5350.0,5400.0,9807429080,1808513,295,5370.0,5420.0
2023-09-27,5460.0,5480.0,5400.0,5430.0,20918876220,3850371,338,5400.0,5460.0
2023-09-30,5480.0,5500.0,5390.0,5440.0,28257449090,5191649,628,5430.0,5430.0
2023-10-11,3350.0,3350.0,3251.0,3301.0,15387230141,4669316,566,3350.0,3283.0
2023-10-14,3210.0,3309.0,3210.0,3275.0,10897988676,3341608,333,3301.0,3255.0
2023-10-15,3250.0,3270.0,3207.0,3270.0,3151484878,970608,134,3275.0,3240.0
2023-10-16,3211.0,3275.0,3211.0,3253.0,15065495345,4633953,498,3270.0,3248.0
2023-10-17,3273.0,3275.0,3225.0,3252.0,10248986475,3152980,292,3253.0,3230.0
2023-10-18,3224.0,3270.0,3220.0,3237.0,17278041712,5336929,311,3252.0,3250.0
2023-10-21,3290.0,3290.0,3210.0,3229.0,8959365892,2781436,280,3237.0,3220.0
2023-10-22,3231.0,3270.0,3198.0,3212.0,28874643688,8989008,432,3229.0,3227.0
2023-10-23,3255.0,3256.0,3190.0,3206.0,22010492507,6865014,329,3212.0,3230.0
2023-10-24,3200.0,3245.0,3200.0,3215.0,10731980324,3332143,160,3206.0,3211.0
2023-10-25,3215.0,3220.0,3200.0,3215.0,4056920541,1262675,139,3215.0,3220.0
2023-10-28,3191.0,3259.0,3030.0,3141.0,13815786238,4416618,270,3215.0,3140.0
2023-10-29,3110.0,3217.0,3110.0,3158.0,6380662635,2002567,196,3141.0,3188.0
2023-10-30,3190.0,3259.0,3180.0,3176.0,6144067168,1915672,204,3158.0,3205.0
2023-10-31,3230.0,3230.0,3193.0,3184.0,3402531590,1058655,110,3176.0,3228.0
2023-11-01,3196.0,3230.0,3182.0,3193.0,10847848046,3392473,223,3184.0,3215.0
2023-11-04,3220.0,3298.0,3220.0,3226.0,7622927005,2333638,188,3193.0,3298.0
2023-11-05,3250.0,3318.0,3250.0,3260.0,7582312982,2295875,165,3226.0,3308.0
2023-11-06,3310.0,3488.0,3310.0,3448.0,28776967515,8346966,578,3260.0,3392.0
2023-11-07,3468.0,3689.0,3459.0,3660.0,71711949267,19593882,885,3448.0,3678.0
2023-11-08,3710.0,3800.0,3610.0,3675.0,10467432041,2839046,281,3660.0,3686.0
2023-11-11,3760.0,3760.0,3568.0,3651.0,11685803374,3214265,307,3675.0,3600.0
2023-11-12,3640.0,3640.0,3561.0,3628.0,7575335298,2108328,248,3651.0,3575.0
2023-11-13,3535.0,3625.0,3535.0,3608.0,7247332497,2025595,251,3628.0,3563.0
2023-11-14,3551.0,3590.0,3544.0,3593.0,5965812913,1674849,203,3608.0,3547.0
2023-11-15,3598.0,3598.0,3498.0,3551.0,10301726984,2928477,341,3593.0,3500.0
2023-11-18,3500.0,3540.0,3480.0,3536.0,5539242076,1582089,184,3551.0,3522.0
2023-11-19,3550.0,3580.0,3490.0,3530.0,6878784412,1953654,230,3536.0,3549.0
2023-11-20,3567.0,3567.0,3490.0,3533.0,5908383906,1669861,114,3530.0,3548.0
2023-11-21,3503.0,3610.0,3503.0,3558.0,8623978488,2404867,196,3533.0,3600.0
2023-11-22,3629.0,3630.0,3562.0,3565.0,4108089680,1143782,160,3558.0,3596.0
2023-11-25,3600.0,3645.0,3565.0,3575.0,6453289320,1795791,123,3565.0,3602.0
2023-11-26,3619.0,3619.0,3576.0,3582.0,5232291096,1453910,120,3575.0,3607.0
2023-11-27,3583.0,3635.0,3581.0,3597.0,9289174368,2571447,161,3582.0,3631.0
2023-11-28,3587.0,3638.0,3587.0,3608.0,8258690816,2279721,138,3597.0,3630.0
2023-11-29,3638.0,3698.0,3638.0,3633.0,6957678289,1893010,168,3608.0,3663.0
2023-12-02,3606.0,3697.0,3606.0,3652.0,11433886468,3119346,255,3633.0,3660.0
2023-12-03,3639.0,3783.0,3638.0,3700.0,12873666466,3456569,204,3652.0,3780.0
2023-12-04,3790.0,3906.0,3790.0,3830.0,27633619774,7214428,349,3700.0,3810.0
2023-12-05,3790.0,3940.0,3781.0,3857.0,10748066849,2769131,182,3830.0,3862.0
2023-12-06,3800.0,3915.0,3800.0,3861.0,3789329017,976405,128,3857.0,3893.0
2023-12-09,3800.0,3895.0,3771.0,3810.0,18274500478,4801621,483,3861.0,3776.0
2023-12-10,3800.0,3818.0,3752.0,3798.0,13726226613,3619612,250,3810.0,3786.0
2023-12-11,3800.0,3862.0,3780.0,3794.0,9107971484,2403118,185,3798.0,3789.0
2023-12-12,3785.0,3810.0,3770.0,3792.0,8290233442,2187491,198,3794.0,3787.0
2023-12-13,3750.0,3828.0,3750.0,3789.0,4540787037,1202110,203,3792.0,3800.0
2023-12-16,3761.0,3825.0,3761.0,3792.0,4556644522,1198376,184,3789.0,3803.0
2023-12-18,3790.0,3840.0,3765.0,3814.0,32091476418,8414453,746,3792.0,3800.0
2023-12-19,3800.0,3838.0,3781.0,3814.0,30524338717,8002446,466,3814.0,3813.0
2023-12-20,3840.0,3858.0,3801.0,3827.0,12612475176,3288627,329,3814.0,3830.0
2023-12-23,3820.0,3850.0,3786.0,3806.0,21195514823,5569042,426,3827.0,3800.0
2023-12-24,3790.0,3847.0,3790.0,3805.0,14936793095,3925530,310,3806.0,3799.0
2023-12-25,3790.0,3840.0,3761.0,3797.0,29118301703,7669038,527,3805.0,3789.0
2023-12-26,3761.0,3796.0,3710.0,3748.0,14609186050,3914674,337,3797.0,3742.0
2023-12-27,3705.0,3783.0,3633.0,3726.0,15718102516,4223822,491,3748.0,3756.0
2023-12-30,3770.0,3770.0,3660.0,3718.0,10927160645,2943312,296,3726.0,3719.0
2023-12-31,3707.0,3790.0,3705.0,3750.0,31542709398,8410677,404,3718.0,3772.0
2024-01-01,3750.0,3750.0,3720.0,3741.0,9682082601,2594640,213,3750.0,3725.0
2024-01-02,3725.0,3741.0,3705.0,3737.0,3859792343,1036963,143,3741.0,3736.0
2024-01-03,3700.0,3899.0,3670.0,3755.0,30029992652,7998039,428,3737.0,3827.0
2024-01-06,3770.0,3795.0,3739.0,3755.0,9733157058,2591360,244,3755.0,3747.0
2024-01-07,3810.0,3810.0,3735.0,3753.0,4303481064,1149218,148,3755.0,3738.0
2024-01-08,3733.0,3790.0,3733.0,3750.0,8910126165,2377919,195,3753.0,3734.0
2024-01-09,3750.0,3750.0,3710.0,3737.0,9318330199,2503398,220,3750.0,3720.0
2024-01-10,3788.0,3788.0,3720.0,3735.0,10513193038,2815840,220,3737.0,3730.0
2024-01-13,3721.0,3767.0,3720.0,3740.0,11292092868,3017049,287,3735.0,3739.0
2024-01-14,3720.0,3815.0,3720.0,3768.0,10770618604,2841555,248,3740.0,3799.0
2024-01-15,3818.0,3820.0,3754.0,3773.0,14306313809,3789891,224,3768.0,3754.0
2024-01-16,3730.0,3790.0,3730.0,3769.0,3926477929,1046055,154,3773.0,3741.0
2024-01-17,3738.0,3777.0,3737.0,3761.0,6337376133,1692212,161,3769.0,3740.0
2024-01-20,3750.0,3767.0,3678.0,3738.0,10439104757,2807760,289,3761.0,3680.0
2024-01-21,3690.0,3690.0,3582.0,3648.0,13639249655,3773367,366,3738.0,3622.0
2024-01-22,3645.0,3645.0,3643.0,3648.0,180423500,49500,4,3648.0,3643.0
2024-01-23,3642.0,3642.0,3500.0,3535.0,18720920981,5296124,663,3648.0,3540.0
2024-01-24,3560.0,3570.0,3531.0,3540.0,6196546501,1745523,191,3535.0,3542.0
2024-01-27,3558.0,3558.0,3534.0,3541.0,5065084622,1429023,170,3540.0,3547.0
2024-01-28,3558.0,3642.0,3558.0,3546.0,2452697565,686014,92,3541.0,3589.0
2024-01-29,3600.0,3600.0,3515.0,3549.0,14090304058,3968651,360,3546.0,3575.0
2024-01-30,3514.0,3550.0,3467.0,3509.0,16501589473,4708976,397,3549.0,3471.0
2024-01-31,3465.0,3500.0,3414.0,3443.0,20438380722,5935623,663,3509.0,3420.0
2024-02-03,3498.0,3498.0,3400.0,3440.0,13264929206,3856582,321,3443.0,3403.0
2024-02-04,3455.0,3455.0,3400.0,3421.0,10361517633,3041418,365,3440.0,3401.0
2024-02-05,3450.0,3450.0,3399.0,3411.0,10567897818,3104083,294,3421.0,3401.0
2024-02-06,3447.0,3447.0,3394.0,3409.0,6333165793,1860020,201,3411.0,3394.0
2024-02-07,3394.0,3430.0,3385.0,3402.0,9413455670,2772349,411,3409.0,3412.0
2024-02-10,3388.0,3440.0,3388.0,3410.0,11712456268,3430338,214,3402.0,3411.0
2024-02-12,3402.0,3445.0,3380.0,3406.0,9987240201,2934257,276,3410.0,3390.0
2024-02-13,3399.0,3410.0,3370.0,3394.0,11220769005,3312247,247,3406.0,3373.0
2024-02-14,3400.0,3407.0,3366.0,3385.0,16230135618,4795667,283,3394.0,3381.0
2024-02-17,3400.0,3420.0,3250.0,3327.0,18810439520,5654698,629,3385.0,3300.0
2024-02-18,3321.0,3375.0,3300.0,3337.0,13374119937,4003712,246,3327.0,3348.0
2024-02-19,3396.0,3396.0,3340.0,3354.0,11124294798,3307051,171,3337.0,3360.0
2024-02-20,3390.0,3390.0,3285.0,3354.0,9849129921,2937140,199,3354.0,3354.0
2024-02-21,3354.0,3386.0,3310.0,3353.0,6157213710,1836950,160,3354.0,3351.0
2024-02-24,3351.0,3374.0,3300.0,3350.0,4130594979,1236155,158,3353.0,3360.0
2024-02-26,3316.0,3375.0,3300.0,3338.0,6124680840,1846561,175,3350.0,3307.0
2024-02-27,3277.0,3355.0,3277.0,3330.0,8599222071,2588140,181,3338.0,3319.0
2024-02-28,3330.0,3388.0,3330.0,3352.0,10172865444,3020659,168,3330.0,3376.0
2024-03-02,3360.0,3480.0,3360.0,3410.0,15828764677,4631967,313,3352.0,3440.0
2024-03-03,3450.0,3610.0,3450.0,3539.0,20738541145,5859638,309,3410.0,3518.0
2024-03-04,3467.0,3609.0,3467.0,3555.0,18250149702,5133543,347,3539.0,3525.0
2024-03-05,3510.0,3648.0,3510.0,3607.0,30691203434,8507720,345,3555.0,3602.0
2024-03-06,3632.0,3658.0,3602.0,3639.0,35241798243,9685670,668,3607.0,3650.0
2024-03-10,3600.0,3600.0,3545.0,3625.0,3603237724,1009956,127,3639.0,3599.0
2024-03-11,3599.0,3618.0,3540.0,3602.0,8818644088,2465114,288,3625.0,3618.0
2024-03-12,3534.0,3660.0,3534.0,3604.0,4979204625,1380117,148,3602.0,3591.0
2024-03-13,3595.0,3688.0,3563.0,3639.0,19647869469,5398532,419,3604.0,3660.0
2024-03-18,3100.0,3149.0,3022.0,3077.0,10536787599,3424277,238,3076.0,3099.0
2024-03-24,3198.0,3198.0,3082.0,3106.0,13310828276,4276187,320,3077.0,3178.0
2024-03-25,3180.0,3180.0,3110.0,3120.0,9913519027,3167517,209,3106.0,3120.0
2024-03-26,3102.0,3119.0,3050.0,3098.0,12491425375,4041156,306,3120.0,3081.0
2024-03-27,3100.0,3100.0,3040.0,3063.0,12561191653,4113916,356,3098.0,3040.0
2024-03-30,3120.0,3120.0,3009.0,3029.0,23346795206,7707382,294,3063.0,3020.0
2024-04-02,2939.0,2988.0,2920.0,2959.0,17047161574,5760929,328,3029.0,2950.0
2024-04-03,2950.0,2959.0,2900.0,2929.0,26418118523,9019400,330,2959.0,2915.0
2024-04-06,2871.0,2904.0,2772.0,2859.0,21388654959,7480946,374,2929.0,2790.0
2024-04-07,2780.0,2885.0,2780.0,2851.0,7008309030,2465458,210,2859.0,2858.0
2024-04-08,2926.0,2926.0,2850.0,2857.0,4842376854,1687699,155,2851.0,2856.0
2024-04-09,2834.0,2889.0,2827.0,2846.0,12271340233,4314698,250,2857.0,2844.0
2024-04-13,2774.0,2779.0,2724.0,2756.0,11201142398,4102805,256,2846.0,2725.0
2024-04-14,2729.0,2740.0,2729.0,2735.0,11050136642,4049075,98,2756.0,2730.0
2024-04-15,2761.0,2762.0,2760.0,2746.0,5801883306,2100615,82,2735.0,2762.0
2024-04-16,2770.0,2770.0,2722.0,2741.0,6774673100,2476201,176,2746.0,2724.0
2024-04-17,2766.0,2768.0,2738.0,2757.0,9093088160,3286548,154,2741.0,2768.0
2024-04-20,2780.0,2945.0,2755.0,2890.0,26821323618,9281564,460,2757.0,2940.0
2024-04-21,2949.0,2980.0,2892.0,2931.0,13564853095,4615751,217,2890.0,2940.0
2024-04-22,3000.0,3136.0,2962.0,3113.0,80540023086,25874494,583,2931.0,3136.0
2024-04-23,3330.0,3330.0,3230.0,3324.0,287491705434,86480829,1296,3113.0,3330.0
2024-04-24,3435.0,3556.0,3370.0,3535.0,223593988471,63247804,1110,3324.0,3556.0
2024-04-27,3699.0,3782.0,3580.0,3710.0,240966039416,64944253,1786,3535.0,3688.0
2024-04-28,3670.0,3720.0,3460.0,3581.0,151667722430,42351759,1640,3710.0,3502.0
2024-04-29,3480.0,3698.0,3458.0,3612.0,61729181115,17089113,825,3581.0,3602.0
2024-04-30,3603.0,3686.0,3470.0,3599.0,43679430362,12138062,421,3612.0,3612.0
2024-05-01,3557.0,3646.0,3462.0,3548.0,36457721835,10274739,345,3599.0,3598.0
2024-05-05,3600.0,3658.0,3444.0,3511.0,42180776413,12015134,406,3548.0,3463.0
2024-05-06,3451.0,3548.0,3430.0,3491.0,27264446775,7809193,343,3511.0,3544.0
2024-05-07,3549.0,3735.0,3499.0,3722.0,225271551579,60527058,1240,3491.0,3735.0
2024-05-08,3849.0,3960.0,3660.0,3809.0,172988185080,45412444,1758,3722.0,3849.0
2024-05-11,3830.0,4075.0,3763.0,4018.0,269023931295,66956889,1669,3809.0,4075.0
2024-05-12,4240.0,4299.0,4165.0,4283.0,693463570193,161911902,4359,4018.0,4299.0
2024-05-13,4300.0,4490.0,4152.0,4319.0,307338522564,71163179,2473,4283.0,4303.0
2024-05-14,4280.0,4598.0,4241.0,4488.0,332263233901,74034107,2953,4319.0,4595.0
2024-05-15,4621.0,4683.0,4174.0,4377.0,259779253850,59356110,2085,4488.0,4174.0
2024-05-18,4100.0,4250.0,4071.0,4105.0,212535034509,51771923,1704,4377.0,4091.0
2024-05-19,3950.0,4280.0,3850.0,4125.0,305242241387,73999879,1977,4105.0,4194.0
2024-05-21,4204.0,4207.0,4139.0,4204.0,592710926443,140991443,1774,4125.0,4207.0
2024-05-25,4265.0,4265.0,4120.0,4136.0,108758485001,26292784,622,4204.0,4120.0
2024-05-26,4054.0,4054.0,4054.0,4130.0,1439903774,355181,22,4136.0,4054.0
2024-05-27,4048.0,4048.0,4048.0,4066.0,16543941216,4086942,34,4130.0,4048.0
2024-05-28,3985.0,4145.0,3985.0,4015.0,229617207495,57184945,1084,4066.0,4140.0
2024-05-29,4095.0,4095.0,4070.0,4094.0,63548922266,15521313,448,4015.0,4095.0
2024-06-01,4167.0,4167.0,4013.0,4023.0,153976542488,38275307,1235,4094.0,4013.0
2024-06-02,3944.0,4050.0,3943.0,3944.0,27140485897,6881294,128,4023.0,3943.0
2024-06-05,3866.0,3868.0,3866.0,3892.0,13391441870,3463895,80,3944.0,3866.0
2024-06-08,3815.0,3815.0,3815.0,3891.0,326785270,85658,21,3892.0,3815.0
2024-06-09,3814.0,3814.0,3814.0,3814.0,22207213328,5822552,64,3891.0,3814.0
2024-06-10,3740.0,3799.0,3738.0,3741.0,51647541520,13806970,790,3814.0,3738.0
2024-06-11,3700.0,3815.0,3667.0,3710.0,108366519665,29208950,767,3741.0,3811.0
2024-06-12,3784.0,3784.0,3730.0,3779.0,57279174492,15157255,482,3710.0,3784.0
2024-06-15,3854.0,3854.0,3704.0,3720.0,83428215431,22424542,407,3779.0,3758.0
2024-06-16,3646.0,3739.0,3646.0,3648.0,90394127442,24777772,821,3720.0,3725.0
2024-06-18,3630.0,3720.0,3581.0,3667.0,38976059529,10628268,794,3648.0,3720.0
2024-06-19,3739.0,3740.0,3650.0,3733.0,26494398410,7097278,230,3667.0,3740.0
2024-06-22,3807.0,3807.0,3782.0,3804.0,39949460494,10502888,406,3733.0,3783.0
2024-06-23,3841.0,3880.0,3840.0,3876.0,36337097443,9373816,360,3804.0,3880.0
2024-06-24,3950.0,3953.0,3935.0,3950.0,39935576021,10110084,303,3876.0,3953.0
2024-06-26,4029.0,4029.0,3871.0,3958.0,48507118524,12256795,476,3950.0,4022.0
2024-06-29,4101.0,4101.0,3856.0,3928.0,37222321797,9475882,449,3958.0,3859.0
2024-06-30,3995.0,3995.0,3741.0,3830.0,28118240817,7342207,585,3928.0,3747.0
2024-07-01,3830.0,3991.0,3794.0,3926.0,23484903209,5982163,344,3830.0,3800.0
2024-07-02,3722.0,4103.0,3722.0,3933.0,35865275896,9119474,446,3926.0,3840.0
2024-07-03,3756.0,3967.0,3756.0,3938.0,26476096426,6723047,303,3933.0,3961.0
2024-07-06,4173.0,4174.0,4120.0,4172.0,115685371301,27727856,887,3938.0,4174.0
2024-07-07,4160.0,4300.0,4010.0,4132.0,66600623265,16117841,570,4172.0,4195.0
2024-07-08,4249.0,4270.0,3950.0,4154.0,84221671847,20276256,660,4132.0,4169.0
2024-07-13,4172.0,4172.0,3905.0,3959.0,57271702566,14466735,1323,4154.0,3905.0
2024-07-14,3881.0,4142.0,3878.0,4011.0,39234462222,9781756,602,3959.0,4088.0
2024-07-17,4070.0,4194.0,4040.0,4141.0,28018227648,6765611,380,4011.0,4114.0
2024-07-20,4113.0,4196.0,4085.0,4112.0,33746313956,8205869,555,4141.0,4140.0
2024-07-21,4009.0,4179.0,4009.0,4139.0,35813294524,8653627,613,4112.0,4144.0
2024-07-22,4144.0,4309.0,4055.0,4253.0,57209086132,13451939,809,4139.0,4270.0
2024-07-23,4311.0,4507.0,4271.0,4433.0,62393133753,14073314,617,4253.0,4448.0
2024-07-24,4450.0,4499.0,4255.0,4399.0,100424460640,22830527,1103,4433.0,4420.0
2024-07-27,4400.0,4549.0,4249.0,4364.0,57912298320,13268988,1258,4399.0,4272.0
2024-07-30,4356.0,4396.0,4110.0,4337.0,8528187625,1986398,162,4364.0,4233.0
2024-07-31,4077.0,4440.0,4077.0,4157.0,14801337633,3628832,155,4337.0,4077.0
2024-08-03,3908.0,3909.0,3908.0,4077.0,6519394336,1668192,105,4157.0,3908.0
2024-08-04,4037.0,4037.0,4037.0,4073.0,1952204386,483578,21,4077.0,4037.0
2024-08-05,4033.0,4033.0,4033.0,4063.0,5038555956,1249332,43,4073.0,4033.0
2024-08-06,4023.0,4023.0,4023.0,4059.0,2057503005,511435,516,4063.0,4023.0
2024-08-10,4019.0,4019.0,4019.0,4021.0,19926519501,4958079,50,4059.0,4019.0
2024-08-11,3981.0,3981.0,3981.0,4019.0,981276690,246490,21,4021.0,3981.0
2024-08-12,3979.0,3979.0,3979.0,3994.0,12794800778,3215582,1534,4019.0,3979.0
2024-08-13,3955.0,3955.0,3955.0,3992.0,798712250,201950,8,3994.0,3955.0
2024-08-14,3953.0,3953.0,3953.0,3988.0,2315291865,585705,84,3992.0,3953.0
2024-08-17,4023.0,4023.0,3909.0,3938.0,14168561599,3618353,331,3988.0,3909.0
2024-08-18,3860.0,4014.0,3860.0,3896.0,14850361946,3826150,284,3938.0,3870.0
2024-08-19,3934.0,3934.0,3819.0,3839.0,25042641340,6523973,788,3896.0,3870.0
2024-08-20,3875.0,3875.0,3763.0,3806.0,30051074005,7895735,760,3839.0,3763.0
2024-08-21,3799.0,3820.0,3730.0,3743.0,27385626914,7316335,803,3806.0,3758.0
2024-08-24,3700.0,3817.0,3673.0,3783.0,13081661193,3438963,301,3743.0,3817.0
2024-08-26,3857.0,3858.0,3801.0,3825.0,15725086662,4098710,467,3783.0,3828.0
2024-08-27,3896.0,3900.0,3867.0,3845.0,7081057982,1824133,412,3825.0,3898.0
2024-08-28,3917.0,3919.0,3800.0,3849.0,3551387765,917897,104,3845.0,3832.0
2024-08-31,3919.0,3925.0,3915.0,3924.0,27327683732,6963517,244,3849.0,3925.0
2024-09-01,3997.0,4002.0,3920.0,3957.0,13870559052,3491476,850,3924.0,3999.0
2024-09-03,4028.0,4034.0,3980.0,3990.0,11769233084,2931130,642,3957.0,4014.0
2024-09-07,4036.0,4080.0,3875.0,3975.0,10095789161,2549331,719,3990.0,3907.0
2024-09-08,3858.0,3971.0,3858.0,3946.0,6347216088,1634349,145,3975.0,3969.0
2024-09-09,4023.0,4023.0,3888.0,3942.0,9061640887,2302332,300,3946.0,3950.0
2024-09-10,3890.0,4000.0,3856.0,3938.0,2134420585,546824,82,3942.0,3950.0
2024-09-11,4000.0,4056.0,3959.0,3994.0,16257222442,4054443,221,3938.0,4019.0
2024-09-14,4090.0,4090.0,3906.0,4005.0,16255717232,4055992,276,3994.0,4087.0
2024-09-15,4100.0,4100.0,3979.0,4009.0,4651906157,1156901,547,4005.0,4005.0
2024-09-16,4075.0,4075.0,3964.0,4008.0,13148598153,3281463,787,4009.0,4009.0
2024-09-17,4082.0,4090.0,3897.0,4021.0,10199563314,2528480,271,4008.0,4069.0
2024-09-18,4086.0,4086.0,4012.0,4023.0,4188826535,1038786,159,4021.0,4032.0
