date,open,high,low,adjClose,value,volume,count,yesterday,close
2001-04-03,10811.0,10811.0,10811.0,10811.0,5773074,534,4,10811.0,10811.0
2001-04-07,10300.0,10300.0,10300.0,10300.0,39232700,3809,14,10811.0,10300.0
2001-04-08,10310.0,10811.0,10310.0,10811.0,17176780,1598,4,10300.0,10811.0
2001-04-10,10811.0,10811.0,10811.0,10811.0,8432580,780,3,10811.0,10811.0
2001-04-11,10811.0,10811.0,10811.0,10811.0,10627213,983,3,10811.0,10811.0
2001-04-14,10811.0,10811.0,10811.0,10811.0,23373382,2162,7,10811.0,10811.0
2001-04-15,11271.0,11271.0,11271.0,11271.0,17988516,1596,3,10811.0,11271.0
2001-04-17,11273.0,11274.0,11273.0,11273.0,6279085,557,3,11271.0,11273.0
2001-04-18,11273.0,11273.0,11273.0,11273.0,9063492,804,3,11273.0,11273.0
2001-04-21,11400.0,11421.0,11400.0,11421.0,11965883,1049,6,11273.0,11421.0
2001-04-22,11438.0,11438.0,11438.0,11438.0,4186308,366,2,11421.0,11438.0
2001-04-23,11799.0,11800.0,11470.0,11800.0,31560846,2723,5,11438.0,11800.0
2001-04-24,11945.0,11951.0,11945.0,11951.0,26335188,2204,4,11800.0,11951.0
2001-04-25,11996.0,11999.0,11960.0,11999.0,12402964,1034,3,11951.0,11999.0
2001-04-29,12004.0,12004.0,11998.0,11998.0,8124620,677,6,11999.0,11998.0
2001-04-30,11990.0,11990.0,11990.0,11990.0,12577510,1049,7,11998.0,11990.0
2001-05-01,11898.0,11899.0,11897.0,11899.0,50009947,4203,10,11990.0,11899.0
2001-05-05,11890.0,11898.0,11890.0,11898.0,35561164,2990,6,11899.0,11898.0
2001-05-06,11898.0,11899.0,11898.0,11899.0,14063508,1182,4,11898.0,11899.0
2001-05-07,11906.0,11906.0,11906.0,11906.0,4357596,366,1,11899.0,11906.0
2001-05-08,11910.0,11911.0,11909.0,11910.0,18520100,1555,8,11906.0,11910.0
2001-05-09,11912.0,11912.0,11912.0,11912.0,4359792,366,1,11910.0,11912.0
2001-05-12,11928.0,11928.0,11921.0,11922.0,49680580,4166,13,11912.0,11922.0
2001-05-13,11910.0,11925.0,11900.0,11925.0,95788076,8038,18,11922.0,11925.0
2001-05-15,11943.0,11943.0,11926.0,11943.0,36771768,3080,9,11925.0,11943.0
2001-05-16,12000.0,12105.0,11955.0,12105.0,40556595,3371,11,11943.0,12105.0
2001-05-19,12116.0,12129.0,12113.0,12129.0,24536642,2024,5,12105.0,12129.0
2001-05-20,12156.0,12185.0,12156.0,12185.0,9476682,778,3,12129.0,12185.0
2001-05-23,12794.0,12794.0,12794.0,12794.0,14175752,1108,5,12185.0,12794.0
2001-05-26,13433.0,13433.0,13433.0,13433.0,31836210,2370,4,12794.0,13433.0
2001-05-28,14104.0,14104.0,14104.0,14104.0,43003096,3049,9,13433.0,14104.0
2001-05-29,14809.0,14809.0,14809.0,14809.0,33734902,2278,4,14104.0,14809.0
2001-05-30,14820.0,15179.0,14820.0,14847.0,179234692,11888,31,14809.0,14847.0
2001-06-02,14810.0,14840.0,14809.0,14809.0,160005960,10799,21,14847.0,14809.0
2001-06-03,14810.0,14858.0,14810.0,14851.0,77723939,5234,13,14809.0,14851.0
2001-06-06,14851.0,14853.0,14851.0,14851.0,63817904,4297,13,14851.0,14851.0
2001-06-09,14851.0,14851.0,14838.0,14838.0,5609414,378,3,14851.0,14838.0
2001-06-11,14837.0,14837.0,14790.0,14790.0,10293680,695,3,14838.0,14790.0
2001-06-13,14764.0,14764.0,14760.0,14760.0,6717192,455,6,14790.0,14760.0
2001-06-16,14391.0,14391.0,14391.0,14391.0,40093326,2786,9,14760.0,14391.0
2001-06-18,13672.0,13672.0,13672.0,13672.0,144212256,10548,16,14391.0,13672.0
2001-06-19,13672.0,13685.0,13672.0,13680.0,79541826,5815,21,13672.0,13680.0
2001-06-20,13800.0,13801.0,13705.0,13800.0,29980596,2175,7,13680.0,13800.0
2001-06-23,13800.0,13800.0,13799.0,13800.0,42294482,3065,6,13800.0,13800.0
2001-06-24,13800.0,13801.0,13800.0,13801.0,14407312,1044,14,13800.0,13801.0
2001-06-25,13803.0,13803.0,13803.0,13803.0,17557416,1272,5,13801.0,13803.0
2001-06-26,13807.0,13812.0,13805.0,13811.0,31854572,2307,6,13803.0,13811.0
2001-06-27,13821.0,14000.0,13820.0,14000.0,37864060,2733,7,13811.0,14000.0
2001-06-30,14002.0,14100.0,14002.0,14100.0,36256142,2584,11,14000.0,14100.0
2001-07-01,14127.0,14313.0,14127.0,14313.0,34161787,2401,6,14100.0,14313.0
2001-07-04,15028.0,15028.0,15028.0,15028.0,15734316,1047,7,14313.0,15028.0
2001-07-07,15403.0,15403.0,15403.0,15403.0,234464466,15222,24,15028.0,15403.0
2001-07-08,15404.0,15413.0,15403.0,15410.0,84378291,5475,5,15403.0,15410.0
2001-07-09,15456.0,15457.0,15410.0,15457.0,50452960,3269,8,15410.0,15457.0
2001-07-10,15474.0,15523.0,15474.0,15523.0,3178540,205,3,15457.0,15523.0
2001-07-14,15602.0,15911.0,15602.0,15911.0,26572378,1678,5,15523.0,15911.0
2001-07-15,16500.0,16706.0,16309.0,16700.0,113706904,6882,23,15911.0,16700.0
2001-07-16,16711.0,16800.0,16710.0,16800.0,34543580,2065,12,16700.0,16800.0
2001-08-18,18302.0,18302.0,18302.0,18302.0,9151000,500,1,16800.0,18302.0
2001-08-22,18759.0,18759.0,18759.0,18759.0,27463176,1464,6,18302.0,18759.0
2001-08-25,19227.0,19227.0,19227.0,19227.0,49490298,2574,8,18759.0,19227.0
2001-08-27,19707.0,19707.0,19707.0,19707.0,50903181,2583,13,19227.0,19707.0
2001-08-28,20199.0,20199.0,19703.0,19703.0,78752576,3924,8,19707.0,19703.0
2001-08-29,19669.0,19669.0,19627.0,19627.0,5459626,278,4,19703.0,19627.0
2001-09-01,19137.0,19137.0,19137.0,19137.0,29049966,1518,3,19627.0,19137.0
2001-09-11,18920.0,18926.0,18920.0,18926.0,11107546,587,3,19137.0,18926.0
2001-09-12,18854.0,18854.0,18854.0,18854.0,14140500,750,1,18926.0,18854.0
2001-09-15,18789.0,18789.0,18779.0,18779.0,75146000,4000,2,18854.0,18779.0
2001-09-25,18592.0,18592.0,18592.0,18592.0,18592000,1000,2,18779.0,18592.0
2001-09-26,18407.0,18407.0,18407.0,18407.0,133137831,7233,6,18592.0,18407.0
2001-09-29,18302.0,18302.0,18302.0,18302.0,9151000,500,1,18407.0,18302.0
2001-10-02,18119.0,18119.0,18119.0,18119.0,36238000,2000,2,18302.0,18119.0
2001-10-06,17938.0,17938.0,17938.0,17938.0,8969000,500,1,18119.0,17938.0
2001-10-08,17759.0,17759.0,17759.0,17759.0,8879500,500,1,17938.0,17759.0
2001-10-09,17316.0,17316.0,17316.0,17316.0,46753200,2700,2,17759.0,17316.0
2001-10-20,16884.0,16884.0,16884.0,16884.0,8442000,500,1,17316.0,16884.0
2001-10-21,16884.0,16884.0,16464.0,16464.0,193063134,11603,31,16884.0,16464.0
2001-10-22,16790.0,16839.0,16061.0,16835.0,327931365,19752,40,16464.0,16835.0
2001-10-23,16840.0,17000.0,16840.0,17000.0,254614518,15072,34,16835.0,17000.0
2001-10-24,17000.0,17004.0,17000.0,17000.0,105898200,6229,16,17000.0,17000.0
2001-10-27,17400.0,17425.0,17400.0,17425.0,31810400,1828,6,17000.0,17425.0
2001-10-28,17426.0,17426.0,17423.0,17423.0,5906898,339,3,17425.0,17423.0
2001-10-30,17419.0,17419.0,17350.0,17350.0,59316850,3416,10,17423.0,17350.0
2001-10-31,17420.0,17420.0,17350.0,17350.0,79417480,4572,13,17350.0,17350.0
2001-11-04,17783.0,17783.0,17783.0,17783.0,34712416,1952,2,17350.0,17783.0
2001-11-06,17783.0,17783.0,17783.0,17783.0,15595691,877,3,17783.0,17783.0
2001-11-07,18227.0,18227.0,18226.0,18227.0,69261800,3800,8,17783.0,18227.0
2001-11-10,18227.0,18246.0,18227.0,18246.0,24592796,1348,5,18227.0,18246.0
2001-11-11,18266.0,18270.0,18240.0,18266.0,427992488,23433,50,18246.0,18266.0
2001-11-24,17810.0,17811.0,17810.0,17810.0,72611506,4077,16,18266.0,17810.0
2001-11-25,17810.0,17810.0,17810.0,17810.0,178100,10,1,17810.0,17810.0
2001-11-26,17800.0,17800.0,17800.0,17800.0,2972600,167,1,17810.0,17800.0
2001-12-02,17687.0,17688.0,17687.0,17688.0,4598624,260,3,17800.0,17688.0
2001-12-03,17688.0,17690.0,17688.0,17690.0,30424230,1720,7,17688.0,17690.0
2001-12-25,11000.0,11000.0,11000.0,11000.0,7018000,638,2,17690.0,11000.0
2002-01-01,11110.0,11110.0,11110.0,11110.0,6888200,620,2,11000.0,11110.0
2002-01-15,11221.0,11221.0,11221.0,11221.0,7540512,672,6,11110.0,11221.0
2002-01-23,11333.0,11333.0,11333.0,11333.0,9916375,875,3,11221.0,11333.0
2002-01-27,11446.0,11446.0,11446.0,11446.0,17375028,1518,3,11333.0,11446.0
2002-02-03,11560.0,11560.0,11560.0,11560.0,25455120,2202,6,11446.0,11560.0
2002-02-04,11565.0,11675.0,11565.0,11675.0,33439560,2880,6,11560.0,11675.0
2002-02-06,11791.0,11791.0,11791.0,11791.0,11791000,1000,4,11675.0,11791.0
2002-02-13,11908.0,11908.0,11908.0,11908.0,20029256,1682,5,11791.0,11908.0
2002-02-16,12027.0,12027.0,12027.0,12027.0,16428882,1366,6,11908.0,12027.0
2002-03-02,12147.0,12147.0,12147.0,12147.0,6413616,528,3,12027.0,12147.0
2002-03-04,12268.0,12268.0,12268.0,12268.0,12770988,1041,5,12147.0,12268.0
2002-03-05,12390.0,12390.0,12390.0,12390.0,7434000,600,2,12268.0,12390.0
2002-03-06,12513.0,12513.0,12513.0,12513.0,11386830,910,5,12390.0,12513.0
2002-03-17,12638.0,12638.0,12638.0,12638.0,22116500,1750,4,12513.0,12638.0
2002-03-18,12638.0,12638.0,12638.0,12638.0,18957000,1500,6,12638.0,12638.0
2002-03-27,12638.0,12638.0,12638.0,12638.0,4954096,392,2,12638.0,12638.0
2002-03-31,12638.0,12638.0,12638.0,12638.0,2969930,235,2,12638.0,12638.0
2002-04-03,12650.0,12651.0,12650.0,12650.0,7463600,590,5,12638.0,12650.0
2002-04-06,12651.0,12651.0,12650.0,12650.0,6325300,500,4,12650.0,12650.0
2002-04-07,12649.0,12650.0,12649.0,12650.0,34521350,2729,3,12650.0,12650.0
2002-04-13,12657.0,12657.0,12657.0,12657.0,1544154,122,1,12650.0,12657.0
2002-04-15,12700.0,12700.0,12700.0,12700.0,28549600,2248,5,12657.0,12700.0
2002-04-21,12800.0,12827.0,12800.0,12827.0,16199155,1265,2,12700.0,12827.0
2002-04-23,12955.0,12955.0,12955.0,12955.0,49073540,3788,4,12827.0,12955.0
2002-04-30,13084.0,13084.0,13084.0,13084.0,16538176,1264,6,12955.0,13084.0
2002-05-05,13214.0,13214.0,13214.0,13214.0,135668138,10267,14,13084.0,13214.0
2002-05-07,13346.0,13346.0,13346.0,13346.0,20019000,1500,1,13214.0,13346.0
2002-05-08,13479.0,13479.0,13479.0,13479.0,139291986,10334,8,13346.0,13479.0
2002-05-12,13479.0,13480.0,13479.0,13480.0,59631639,4424,9,13479.0,13480.0
2002-05-14,13480.0,13481.0,13480.0,13480.0,42422810,3147,12,13480.0,13480.0
2002-05-15,13480.0,13480.0,13480.0,13480.0,44564880,3306,8,13480.0,13480.0
2002-05-18,13478.0,13480.0,13478.0,13479.0,33117063,2457,6,13480.0,13479.0
2002-05-19,13346.0,13347.0,13345.0,13345.0,38970120,2920,11,13479.0,13345.0
2002-05-20,13345.0,13345.0,13343.0,13345.0,40581595,3041,6,13345.0,13345.0
2002-05-28,13290.0,13290.0,13268.0,13290.0,325767979,24514,32,13345.0,13290.0
2002-05-29,13290.0,13291.0,13280.0,13291.0,426424945,32087,55,13290.0,13291.0
2002-06-01,13292.0,13300.0,13292.0,13300.0,56797040,4272,4,13291.0,13300.0
2002-06-23,12550.0,13300.0,12500.0,12500.0,52789950,4117,10,13300.0,12500.0
2002-06-24,12812.0,12812.0,12812.0,12812.0,35924848,2804,7,12500.0,12812.0
2002-06-25,13452.0,13452.0,13452.0,13452.0,26513892,1971,8,12812.0,13452.0
2002-06-26,14124.0,14124.0,14122.0,14124.0,153946341,10900,19,13452.0,14124.0
2002-06-30,14136.0,14200.0,14134.0,14134.0,65397428,4610,9,14124.0,14134.0
2002-07-01,14135.0,14135.0,14134.0,14134.0,18530274,1311,5,14134.0,14134.0
2002-07-02,14132.0,14132.0,14132.0,14132.0,2713344,192,1,14134.0,14132.0
2002-07-03,14116.0,14116.0,14116.0,14116.0,18548424,1314,4,14132.0,14116.0
2002-07-06,14100.0,14113.0,14100.0,14109.0,11338661,804,4,14116.0,14109.0
2002-07-07,14108.0,14108.0,14108.0,14108.0,2990896,212,1,14109.0,14108.0
2002-07-08,14090.0,14090.0,14088.0,14088.0,5973512,424,2,14108.0,14088.0
2002-07-09,14081.0,14084.0,14050.0,14070.0,80206159,5700,13,14088.0,14070.0
2002-07-10,14137.0,14138.0,13999.0,14138.0,118961045,8444,17,14070.0,14138.0
2002-07-13,14141.0,14145.0,14141.0,14144.0,40998909,2899,8,14138.0,14144.0
2002-07-14,14149.0,14150.0,14149.0,14150.0,12465461,881,2,14144.0,14150.0
2002-07-16,14503.0,14503.0,14503.0,14503.0,16315875,1125,4,14150.0,14503.0
2002-07-20,14865.0,14865.0,14865.0,14865.0,23635350,1590,10,14503.0,14865.0
2002-07-21,14876.0,14876.0,14875.0,14875.0,8999541,605,3,14865.0,14875.0
2002-07-22,15000.0,15000.0,14890.0,14890.0,97744208,6549,18,14875.0,14890.0
2002-07-23,14893.0,14900.0,14893.0,14900.0,14136257,949,3,14890.0,14900.0
2002-07-24,15000.0,15001.0,14903.0,15000.0,53481964,3573,13,14900.0,15000.0
2002-07-27,15000.0,15000.0,15000.0,15000.0,16470000,1098,2,15000.0,15000.0
2002-07-28,15005.0,15010.0,15001.0,15010.0,22282024,1485,7,15000.0,15010.0
2002-07-29,15010.0,15011.0,15010.0,15010.0,30005990,1999,7,15010.0,15010.0
2002-07-30,15011.0,15385.0,15011.0,15385.0,53960720,3520,3,15010.0,15385.0
2002-07-31,15760.0,15769.0,15760.0,15769.0,166553880,10563,10,15385.0,15769.0
2002-08-04,16163.0,16163.0,16163.0,16163.0,98432670,6090,11,15769.0,16163.0
2002-08-05,16567.0,16567.0,16567.0,16567.0,24817366,1498,5,16163.0,16567.0
2002-08-10,16981.0,16981.0,16981.0,16981.0,25437538,1498,9,16567.0,16981.0
2002-08-13,17405.0,17405.0,17405.0,17405.0,26560030,1526,7,16981.0,17405.0
2002-08-18,17840.0,17840.0,17840.0,17840.0,39123120,2193,10,17405.0,17840.0
2002-08-19,18286.0,18290.0,18286.0,18290.0,115271857572,6303146,58,17840.0,18290.0
2002-08-20,18350.0,18350.0,18290.0,18350.0,38492900,2100,7,18290.0,18350.0
2002-08-21,18356.0,18358.0,18355.0,18355.0,49671832,2706,12,18350.0,18355.0
2002-08-27,18179.0,18180.0,18179.0,18180.0,10653044,586,4,18355.0,18180.0
2002-08-28,18179.0,18180.0,18179.0,18180.0,4926559,271,3,18180.0,18180.0
2002-09-07,17867.0,17868.0,17800.0,17800.0,178339927,10000,14,18180.0,17800.0
2002-09-08,16910.0,16910.0,16910.0,16910.0,84550000,5000,4,17800.0,16910.0
2002-09-11,16500.0,16500.0,16500.0,16500.0,8250000,500,5,16910.0,16500.0
2002-09-14,16065.0,16065.0,16065.0,16065.0,32130000,2000,5,16500.0,16065.0
2002-09-15,15262.0,15262.0,15262.0,15262.0,15262000,1000,1,16065.0,15262.0
2002-09-17,15244.0,15262.0,15200.0,15200.0,312661194,20505,20,15262.0,15200.0
2002-09-23,15001.0,15001.0,15001.0,15001.0,33977265,2265,4,15200.0,15001.0
2002-09-24,15000.0,15002.0,14998.0,14998.0,117734102,7849,22,15001.0,14998.0
2002-09-25,14850.0,14850.0,14850.0,14850.0,29700000,2000,5,14998.0,14850.0
2002-09-28,14847.0,14847.0,14845.0,14845.0,27792486,1872,2,14850.0,14845.0
2002-09-29,14838.0,14838.0,14838.0,14838.0,8146062,549,1,14845.0,14838.0
2002-09-30,14300.0,14300.0,14300.0,14300.0,47976500,3355,7,14838.0,14300.0
2002-10-01,14400.0,14410.0,14400.0,14410.0,15816690,1098,2,14300.0,14410.0
2002-10-06,14398.0,14399.0,14249.0,14249.0,31311266,2185,3,14410.0,14249.0
2002-10-07,14292.0,14292.0,14292.0,14292.0,1429200,100,1,14249.0,14292.0
2002-10-08,14286.0,14286.0,14286.0,14286.0,2742912,192,1,14292.0,14286.0
2002-10-12,14275.0,14275.0,14275.0,14275.0,7836975,549,1,14286.0,14275.0
2002-10-14,13998.0,14000.0,13995.0,14000.0,111658003,7976,19,14275.0,14000.0
2002-10-15,13573.0,13576.0,13573.0,13576.0,56192640,4140,2,14000.0,13576.0
2002-10-19,13576.0,13576.0,13576.0,13576.0,29446344,2169,2,13576.0,13576.0
2002-10-20,14000.0,14000.0,14000.0,14000.0,18102000,1293,5,13576.0,14000.0
2002-10-21,14254.0,14277.0,14254.0,14276.0,40811440,2860,3,14000.0,14276.0
2002-10-28,14525.0,14550.0,14524.0,14524.0,31401638,2161,4,14276.0,14524.0
2002-10-29,14607.0,14610.0,14607.0,14610.0,5726544,392,2,14524.0,14610.0
2002-11-03,14860.0,15340.0,14860.0,15340.0,54381610,3592,10,14610.0,15340.0
2002-11-05,15341.0,15342.0,15341.0,15341.0,42111545,2745,6,15340.0,15341.0
2002-11-06,15345.0,15345.0,15344.0,15344.0,15344500,1000,2,15341.0,15344.0
2002-11-10,15412.0,15414.0,15400.0,15414.0,23420758,1520,5,15344.0,15414.0
2002-11-11,15417.0,15420.0,15417.0,15419.0,72423401,4697,8,15414.0,15419.0
2002-11-12,15419.0,15419.0,15419.0,15419.0,7015645,455,2,15419.0,15419.0
2002-11-16,15420.0,15420.0,15420.0,15420.0,12505620,811,4,15419.0,15420.0
2002-11-17,15420.0,15420.0,15420.0,15420.0,5073180,329,1,15420.0,15420.0
2002-12-10,10000.0,10000.0,10000.0,10000.0,5150000,515,4,15420.0,10000.0
2002-12-11,10000.0,10000.0,10000.0,10000.0,63720000,6372,11,10000.0,10000.0
2002-12-14,10000.0,10000.0,10000.0,10000.0,27760000,2776,6,10000.0,10000.0
2002-12-15,10001.0,10001.0,10000.0,10000.0,38380167,3838,6,10000.0,10000.0
2002-12-16,10107.0,10107.0,10107.0,10107.0,5548743,549,2,10000.0,10107.0
2002-12-18,10612.0,10612.0,10612.0,10612.0,11917276,1123,2,10107.0,10612.0
2002-12-21,11142.0,11142.0,11142.0,11142.0,21258936,1908,6,10612.0,11142.0
2002-12-22,11699.0,11699.0,11699.0,11699.0,11699000,1000,4,11142.0,11699.0
2002-12-23,11700.0,11701.0,11700.0,11701.0,3311190,283,2,11699.0,11701.0
2002-12-24,12285.0,12285.0,12285.0,12285.0,12285000,1000,2,11701.0,12285.0
2002-12-31,12899.0,12899.0,12899.0,12899.0,10744867,833,5,12285.0,12899.0
2003-01-01,13543.0,13543.0,13543.0,13543.0,38164174,2818,5,12899.0,13543.0
2003-01-04,14220.0,14220.0,14220.0,14220.0,148542120,10446,17,13543.0,14220.0
2003-01-05,14931.0,14931.0,14575.0,14575.0,95583751,6549,15,14220.0,14575.0
2003-01-06,14575.0,14600.0,14150.0,14200.0,69987318,4884,13,14575.0,14200.0
2003-01-07,14200.0,14200.0,13903.0,13903.0,66214000,4750,8,14200.0,13903.0
2003-01-08,13208.0,13500.0,13208.0,13208.0,72944672,5505,6,13903.0,13208.0
2003-01-11,13200.0,13200.0,12548.0,12548.0,162470480,12804,19,13208.0,12548.0
2003-01-12,12540.0,12851.0,12539.0,12851.0,171383690,13617,29,12548.0,12851.0
2003-01-13,12851.0,12900.0,12600.0,12888.0,123650601,9641,26,12851.0,12888.0
2003-01-14,12770.0,12770.0,12770.0,12770.0,5938050,465,1,12888.0,12770.0
2003-01-15,12737.0,12745.0,12737.0,12745.0,35110855,2756,6,12770.0,12745.0
2003-01-18,13001.0,13382.0,13000.0,13382.0,66692762,5022,19,12745.0,13382.0
2003-01-19,13979.0,13999.0,13899.0,13899.0,31628060,2273,8,13382.0,13899.0
2003-01-20,13899.0,13900.0,13800.0,13900.0,111786035,8082,23,13899.0,13900.0
2003-01-21,13948.0,13949.0,13948.0,13949.0,40561784,2908,2,13900.0,13949.0
2003-01-22,13939.0,13939.0,13935.0,13935.0,18399320,1320,3,13949.0,13935.0
2003-01-25,13690.0,13904.0,13496.0,13496.0,80462622,5884,8,13935.0,13496.0
2003-01-26,13484.0,13485.0,13000.0,13000.0,90251070,6780,11,13496.0,13000.0
2003-01-28,12350.0,12350.0,12350.0,12350.0,24700000,2000,3,13000.0,12350.0
2003-01-29,11733.0,11733.0,11733.0,11733.0,16731258,1426,7,12350.0,11733.0
2003-02-01,11733.0,11733.0,11733.0,11733.0,21706050,1850,5,11733.0,11733.0
2003-02-02,12002.0,12201.0,11147.0,12200.0,58386644,5012,13,11733.0,12200.0
2003-02-03,12200.0,12500.0,12200.0,12498.0,58934250,4725,9,12200.0,12498.0
2003-02-04,12499.0,12501.0,12499.0,12500.0,215461800,17237,16,12498.0,12500.0
2003-02-05,12849.0,12850.0,12848.0,12849.0,39215317,3052,7,12500.0,12849.0
2003-02-08,12848.0,12848.0,12500.0,12599.0,33724554,2678,7,12849.0,12599.0
2003-02-09,12500.0,12599.0,12500.0,12580.0,58750055,4684,9,12599.0,12580.0
2003-02-16,12501.0,12501.0,12500.0,12500.0,112102609,8968,10,12580.0,12500.0
2003-02-17,12501.0,12501.0,12501.0,12501.0,35577846,2846,4,12500.0,12501.0
2003-02-18,12501.0,12505.0,12500.0,12501.0,62258384,4980,9,12501.0,12501.0
2003-02-19,12501.0,12503.0,12500.0,12500.0,25002574,2000,6,12501.0,12500.0
2003-02-22,12500.0,12501.0,12500.0,12501.0,22663313,1813,2,12500.0,12501.0
2003-02-23,12501.0,12520.0,12500.0,12508.0,119880622,9583,12,12501.0,12508.0
2003-02-24,12540.0,12540.0,12540.0,12540.0,27048780,2157,3,12508.0,12540.0
2003-02-25,12601.0,12650.0,12551.0,12650.0,78647491,6240,13,12540.0,12650.0
2003-02-26,12650.0,12650.0,12590.0,12590.0,56551510,4481,5,12650.0,12590.0
2003-03-01,12500.0,12500.0,12500.0,12500.0,35375000,2830,3,12590.0,12500.0
2003-03-02,12500.0,12500.0,12500.0,12500.0,64625000,5170,4,12500.0,12500.0
2003-03-03,12400.0,12495.0,12000.0,12495.0,115721275,9424,10,12500.0,12495.0
2003-03-09,12095.0,12095.0,12000.0,12000.0,38917840,3241,7,12495.0,12000.0
2003-03-10,12000.0,12000.0,12000.0,12000.0,39804000,3317,7,12000.0,12000.0
2003-03-15,12000.0,12000.0,12000.0,12000.0,23220000,1935,4,12000.0,12000.0
2003-03-17,12100.0,12200.0,12100.0,12200.0,10756400,884,4,12000.0,12200.0
2003-03-19,12201.0,12250.0,12201.0,12250.0,7077364,580,2,12200.0,12250.0
2003-04-09,12250.0,12250.0,12248.0,12248.0,33342878,2722,8,12250.0,12248.0
2003-04-12,12247.0,12247.0,12246.0,12246.0,8303116,678,2,12248.0,12246.0
2003-04-13,12200.0,12200.0,12200.0,12200.0,8540000,700,2,12246.0,12200.0
2003-04-14,12200.0,12200.0,12200.0,12200.0,7429800,609,1,12200.0,12200.0
2003-04-15,12193.0,12193.0,12080.0,12080.0,56582582,4674,7,12200.0,12080.0
2003-04-16,11960.0,11960.0,11960.0,11960.0,51858560,4336,7,12080.0,11960.0
2003-04-19,11960.0,11960.0,11960.0,11960.0,1339520,112,1,11960.0,11960.0
2003-04-20,11962.0,11962.0,11961.0,11961.0,78201056,6538,4,11960.0,11961.0
2003-04-21,11960.0,11961.0,11960.0,11961.0,47950649,4009,14,11961.0,11961.0
2003-04-22,11961.0,11961.0,11961.0,11961.0,15549300,1300,2,11961.0,11961.0
2003-04-27,11960.0,11961.0,11960.0,11961.0,57411357,4800,4,11961.0,11961.0
2003-04-28,11962.0,11962.0,11961.0,11962.0,24162320,2020,7,11961.0,11962.0
2003-04-30,12000.0,12000.0,12000.0,12000.0,10320000,860,3,11962.0,12000.0
2003-05-04,12120.0,12120.0,12000.0,12000.0,125403183,10379,37,12000.0,12000.0
2003-05-05,12120.0,12120.0,12000.0,12000.0,34117080,2839,6,12000.0,12000.0
2003-05-06,12000.0,12000.0,12000.0,12000.0,28272000,2356,6,12000.0,12000.0
2003-05-07,12000.0,12000.0,12000.0,12000.0,67644000,5637,11,12000.0,12000.0
2003-05-10,11997.0,11998.0,11900.0,11997.0,76508827,6399,11,12000.0,11997.0
2003-05-11,11989.0,11989.0,11985.0,11985.0,73251877,6111,8,11997.0,11985.0
2003-05-13,11866.0,11866.0,11866.0,11866.0,23732000,2000,3,11985.0,11866.0
2003-05-14,11748.0,11748.0,11748.0,11748.0,79533960,6770,9,11866.0,11748.0
2003-05-17,11741.0,11748.0,11640.0,11748.0,213000704,18151,32,11748.0,11748.0
2003-05-18,11752.0,11865.0,11750.0,11865.0,101817331,8650,13,11748.0,11865.0
2003-05-20,11868.0,11875.0,11866.0,11875.0,93369880,7867,12,11865.0,11875.0
2003-05-21,11878.0,11900.0,11877.0,11900.0,63552989,5347,10,11875.0,11900.0
2003-05-24,11993.0,12019.0,11993.0,12019.0,17749418,1478,3,11900.0,12019.0
2003-05-25,12139.0,12139.0,12139.0,12139.0,83346374,6866,12,12019.0,12139.0
2003-05-26,12260.0,12260.0,12260.0,12260.0,23159140,1889,10,12139.0,12260.0
2003-05-27,12301.0,12322.0,12301.0,12322.0,27299451,2217,7,12260.0,12322.0
2003-05-28,12322.0,12369.0,12322.0,12369.0,30912762,2502,7,12322.0,12369.0
2003-05-31,12733.0,12733.0,12375.0,12402.0,25466916,2048,6,12369.0,12402.0
2003-06-01,12408.0,12411.0,12405.0,12407.0,109240034,8804,19,12402.0,12407.0
2003-06-02,12405.0,12407.0,12405.0,12407.0,56101768,4522,7,12407.0,12407.0
2003-06-07,12350.0,12390.0,12321.0,12322.0,53387700,4320,9,12407.0,12322.0
2003-06-08,12318.0,12318.0,12297.0,12297.0,17052774,1386,4,12322.0,12297.0
2003-06-09,12295.0,12295.0,12150.0,12150.0,33865730,2778,7,12297.0,12150.0
2003-06-10,11801.0,11801.0,11800.0,11800.0,101764375,8624,13,12150.0,11800.0
2003-06-11,11800.0,11800.0,11500.0,11500.0,90503000,7802,9,11800.0,11500.0
2003-06-14,11200.0,11200.0,10925.0,10925.0,88112800,7976,9,11500.0,10925.0
2003-06-15,10924.0,10924.0,10379.0,10379.0,85853148,8257,14,10925.0,10379.0
2003-06-16,10379.0,10379.0,10379.0,10379.0,12527453,1207,4,10379.0,10379.0
2003-06-17,10380.0,10380.0,10380.0,10380.0,46689240,4498,7,10379.0,10380.0
2003-06-18,10390.0,10391.0,10390.0,10391.0,23253734,2238,3,10380.0,10391.0
2003-06-21,10391.0,10391.0,10389.0,10389.0,5912079,569,2,10391.0,10389.0
2003-06-22,10380.0,10389.0,10380.0,10389.0,32560945,3135,6,10389.0,10389.0
2003-06-23,10387.0,10387.0,10387.0,10387.0,2077400,200,1,10389.0,10387.0
2003-06-25,10367.0,10367.0,10347.0,10347.0,15091130,1458,4,10387.0,10347.0
2003-07-08,9830.0,9830.0,9830.0,9830.0,3165260,322,2,10347.0,9830.0
2003-07-09,9830.0,9830.0,9827.0,9827.0,39543021,4023,6,9830.0,9827.0
2003-07-12,9336.0,9336.0,9336.0,9336.0,86498040,9265,15,9827.0,9336.0
2003-09-03,10000.0,10000.0,9500.0,9711.0,46011211,4738,10,9336.0,9711.0
2003-09-06,9500.0,9896.0,9500.0,9711.0,57459162,5993,7,9711.0,9711.0
2003-09-08,9682.0,9711.0,9680.0,9711.0,2556138,264,3,9711.0,9711.0
2003-09-09,9400.0,9500.0,9400.0,9454.0,86942940,9196,11,9711.0,9454.0
2003-09-13,9000.0,9454.0,8990.0,9454.0,54064540,6010,10,9454.0,9454.0
2003-09-14,8990.0,9454.0,8990.0,9454.0,4347129,483,4,9454.0,9454.0
2003-09-15,9000.0,9300.0,8992.0,8999.0,81505990,9057,12,9454.0,8999.0
2003-09-16,8993.0,8998.0,8993.0,8998.0,2922775,325,2,8999.0,8998.0
2003-09-17,8979.0,8995.0,8979.0,8995.0,9068950,1010,2,8998.0,8995.0
2003-09-21,8947.0,9000.0,8947.0,8972.0,94523725,10535,13,8995.0,8972.0
2003-09-23,8972.0,8972.0,8972.0,8972.0,2278888,254,1,8972.0,8972.0
2003-09-27,8972.0,8972.0,8971.0,8971.0,15350952,1711,7,8972.0,8971.0
2003-09-29,8962.0,8970.0,8962.0,8970.0,2366048,264,2,8971.0,8970.0
2003-10-05,8522.0,8958.0,8522.0,8958.0,2075206,243,2,8970.0,8958.0
2003-10-07,8511.0,8522.0,8511.0,8520.0,168634679,19792,12,8958.0,8520.0
2003-10-08,8300.0,8300.0,8094.0,8193.0,55934650,6910,5,8520.0,8193.0
2003-10-11,8196.0,8500.0,8193.0,8261.0,51269912,6182,7,8193.0,8261.0
2003-10-14,8300.0,8674.0,8286.0,8286.0,10693526,1267,5,8261.0,8286.0
2003-10-15,8700.0,8700.0,8453.0,8453.0,31856930,3662,5,8286.0,8453.0
2003-10-18,8875.0,8875.0,8775.0,8855.0,236418810,26698,202,8453.0,8855.0
2003-10-19,8865.0,8865.0,8857.0,8857.0,21905235,2471,10,8855.0,8857.0
2003-10-20,8860.0,8860.0,8857.0,8857.0,10002910,1129,3,8857.0,8857.0
2003-10-21,8857.0,8857.0,8857.0,8857.0,39856500,4500,5,8857.0,8857.0
2003-10-22,8858.0,8858.0,8857.0,8857.0,7918494,894,2,8857.0,8857.0
2003-10-27,8850.0,8855.0,8849.0,8855.0,19318151,2183,4,8857.0,8855.0
2003-11-01,8826.0,8854.0,8826.0,8854.0,2074390,235,2,8855.0,8854.0
2003-11-03,8805.0,8847.0,8805.0,8847.0,10293710,1169,3,8854.0,8847.0
2003-11-05,8785.0,8839.0,8785.0,8839.0,10015440,1140,3,8847.0,8839.0
2003-11-08,8777.0,8832.0,8777.0,8832.0,8110498,924,2,8839.0,8832.0
2003-11-09,8698.0,8795.0,8693.0,8795.0,20360811,2342,6,8832.0,8795.0
2003-11-10,8388.0,8788.0,8388.0,8788.0,1346080,160,2,8795.0,8788.0
2003-11-15,8349.0,8770.0,8349.0,8770.0,3009850,360,3,8788.0,8770.0
2003-11-17,8332.0,8764.0,8332.0,8764.0,979164,117,2,8770.0,8764.0
2003-12-07,8319.0,8319.0,8319.0,8319.0,13859454,1666,3,8764.0,8319.0
2003-12-10,8250.0,8313.0,8200.0,8313.0,5021130,610,3,8319.0,8313.0
2003-12-14,8260.0,8298.0,8260.0,8298.0,23230990,2810,4,8313.0,8298.0
2003-12-31,7884.0,8288.0,7884.0,8288.0,1667564,211,2,8298.0,8288.0
2004-01-07,7874.0,8288.0,7874.0,8288.0,673430,85,2,8288.0,8288.0
2004-01-10,7874.0,8288.0,7874.0,8288.0,870280,110,2,8288.0,8288.0
2004-01-18,7874.0,8264.0,7874.0,8264.0,4137750,525,3,8288.0,8264.0
2004-02-24,7851.0,8034.0,7851.0,8034.0,39335340,5010,5,8264.0,8034.0
2004-02-25,7633.0,7984.0,7633.0,7984.0,8514305,1115,3,8034.0,7984.0
2004-03-03,7585.0,7939.0,7585.0,7939.0,7664390,1010,3,7984.0,7939.0
2004-03-08,7543.0,7910.0,7543.0,7910.0,8316056,1102,6,7939.0,7910.0
2004-03-10,7515.0,7910.0,7515.0,7910.0,913265,121,2,7910.0,7910.0
2004-03-17,7515.0,7906.0,7515.0,7906.0,1071040,142,2,7910.0,7906.0
2004-04-07,7511.0,7906.0,7511.0,7906.0,154170,20,2,7906.0,7906.0
2004-04-28,7511.0,7906.0,7511.0,7906.0,469632,62,2,7906.0,7906.0
2004-05-08,7511.0,7902.0,7511.0,7902.0,1558687,207,4,7906.0,7902.0
2004-05-09,7507.0,7896.0,7507.0,7896.0,2353581,313,2,7902.0,7896.0
2004-05-10,7502.0,7896.0,7502.0,7896.0,679120,90,2,7896.0,7896.0
2004-05-17,7502.0,7880.0,7502.0,7880.0,6027886,803,2,7896.0,7880.0
2004-05-24,7000.0,7000.0,7000.0,7000.0,5950000,850,1,7880.0,7000.0
2004-05-30,6650.0,6966.0,6650.0,6966.0,13050460,1962,4,7000.0,6966.0
2004-05-31,6618.0,6961.0,6618.0,6961.0,1717492,259,3,6966.0,6961.0
2004-06-01,6613.0,6953.0,6613.0,6953.0,3045380,460,3,6961.0,6953.0
2004-06-02,6606.0,6939.0,6606.0,6939.0,5162616,781,4,6953.0,6939.0
2004-06-06,6593.0,6939.0,6593.0,6939.0,135320,20,2,6939.0,6939.0
2004-06-09,6593.0,6593.0,6593.0,6593.0,659300,100,1,6939.0,6593.0
2004-06-13,6264.0,6264.0,6264.0,6264.0,939600,150,2,6593.0,6264.0
2004-06-14,5951.0,5951.0,5951.0,5951.0,5951000,1000,2,6264.0,5951.0
2004-06-20,5654.0,5654.0,5654.0,5654.0,11308000,2000,1,5951.0,5654.0
2004-06-21,5372.0,5372.0,5372.0,5372.0,6360448,1184,3,5654.0,5372.0
2004-06-22,5104.0,5104.0,5104.0,5104.0,2725536,534,2,5372.0,5104.0
2004-06-26,4849.0,4849.0,4849.0,4849.0,256997000,53000,14,5104.0,4849.0
2004-07-03,4847.0,4847.0,4844.0,4846.0,9571834,1975,4,4849.0,4846.0
2004-07-04,4800.0,4850.0,4799.0,4832.0,73755166,15276,18,4846.0,4832.0
2004-07-05,4832.0,5000.0,4831.0,4846.0,60783762,12516,15,4832.0,4846.0
2004-07-06,4846.0,4846.0,4846.0,4846.0,15381204,3174,7,4846.0,4846.0
2004-07-07,4840.0,4844.0,4840.0,4844.0,19432640,4015,2,4846.0,4844.0
2004-07-10,4833.0,4841.0,4829.0,4841.0,19012816,3936,3,4844.0,4841.0
2004-07-11,4816.0,4828.0,4813.0,4828.0,42116918,8749,4,4841.0,4828.0
2004-07-12,4590.0,4816.0,4589.0,4718.0,121286597,25704,19,4828.0,4718.0
2004-07-31,4717.0,4717.0,4717.0,4717.0,33514285,7105,4,4718.0,4717.0
2004-08-11,4482.0,4713.0,4482.0,4713.0,1535154,342,2,4717.0,4713.0
2004-08-14,4478.0,4700.0,4478.0,4700.0,5008624,1118,2,4713.0,4700.0
2004-08-21,4465.0,4678.0,4465.0,4678.0,8284705,1855,4,4700.0,4678.0
2004-09-11,4445.0,4666.0,4445.0,4666.0,4491660,1010,2,4678.0,4666.0
2004-09-14,4433.0,4480.0,4433.0,4447.0,631993245,142103,62,4666.0,4447.0
2004-09-15,4447.0,4450.0,4447.0,4447.0,39419920,8860,4,4447.0,4447.0
2004-09-18,4448.0,4448.0,4447.0,4447.0,7236269,1627,2,4447.0,4447.0
2004-09-19,4490.0,4502.0,4462.0,4462.0,28261894,6284,5,4447.0,4462.0
2004-09-20,4668.0,4668.0,4567.0,4567.0,48144742,10314,12,4462.0,4567.0
2004-09-25,4795.0,4795.0,4680.0,4680.0,47996800,10010,2,4567.0,4680.0
2004-09-26,4680.0,4686.0,4680.0,4681.0,52453906,11202,9,4680.0,4681.0
2004-09-27,4683.0,4683.0,4682.0,4682.0,49747499,10623,7,4681.0,4682.0
2004-09-28,4682.0,4700.0,4682.0,4683.0,21024876,4483,5,4682.0,4683.0
2004-09-29,4799.0,4917.0,4797.0,4797.0,57036750,11687,8,4683.0,4797.0
2004-10-02,5036.0,5036.0,4815.0,4815.0,7778410,1545,2,4797.0,4815.0
2004-10-04,5055.0,5055.0,5055.0,5055.0,207032580,40956,14,4815.0,5055.0
2004-10-05,5049.0,5054.0,5045.0,5054.0,4123155,817,3,5055.0,5054.0
2004-10-06,5044.0,5049.0,5030.0,5049.0,28524726,5661,7,5054.0,5049.0
2004-10-09,5030.0,5048.0,5030.0,5048.0,2671110,531,2,5049.0,5048.0
2004-10-10,5026.0,5042.0,5026.0,5042.0,25755979,5124,9,5048.0,5042.0
2004-10-11,5025.0,5044.0,5000.0,5028.0,150891533,30010,16,5042.0,5028.0
2004-10-12,5000.0,5026.0,5000.0,5026.0,5050260,1010,4,5028.0,5026.0
2004-10-13,4997.0,5021.0,4987.0,5021.0,12532710,2510,3,5026.0,5021.0
2004-10-16,4980.0,5017.0,4980.0,5017.0,9515059,1910,5,5021.0,5017.0
2004-10-17,4950.0,5015.0,4950.0,5015.0,2030590,410,3,5017.0,5015.0
2004-10-18,4929.0,5002.0,4929.0,5002.0,14848398,3010,4,5015.0,5002.0
2004-10-20,4752.0,5250.0,4752.0,5051.0,415938292,82346,32,5002.0,5051.0
2004-10-23,5051.0,5051.0,5051.0,5051.0,252550,50,1,5051.0,5051.0
2004-10-24,4999.0,5026.0,4993.0,5026.0,42829005,8577,5,5051.0,5026.0
2004-10-27,4958.0,4958.0,4958.0,4958.0,148740000,30000,3,5026.0,4958.0
2004-11-08,4711.0,4711.0,4711.0,4711.0,8932056,1896,1,4958.0,4711.0
2004-11-09,4476.0,4477.0,4476.0,4476.0,98696324,22049,16,4711.0,4476.0
2004-11-10,4476.0,4476.0,4476.0,4476.0,9565212,2137,1,4476.0,4476.0
2004-11-13,4477.0,4477.0,4476.0,4476.0,56476826,12616,17,4476.0,4476.0
2004-11-15,4477.0,4500.0,4477.0,4482.0,27099436,6024,5,4476.0,4482.0
2004-11-16,4505.0,4505.0,4486.0,4486.0,19503883,4333,5,4482.0,4486.0
2004-11-17,4550.0,4710.0,4480.0,4522.0,2196144824,485721,63,4486.0,4522.0
2004-11-20,4748.0,4748.0,4748.0,4748.0,505652504,106498,32,4522.0,4748.0
2004-11-21,4985.0,4985.0,4820.0,4820.0,30920305,6203,5,4748.0,4820.0
2004-11-22,5061.0,5061.0,4875.0,4875.0,23653254,4674,7,4820.0,4875.0
2004-11-27,5118.0,5118.0,4937.0,4937.0,26760212,5229,3,4875.0,4937.0
2004-11-28,5183.0,5183.0,4976.0,4976.0,16992987,3279,5,4937.0,4976.0
2004-11-29,5224.0,5224.0,5079.0,5079.0,44214486,8464,6,4976.0,5079.0
2004-11-30,5332.0,5332.0,5115.0,5115.0,15524614,2912,3,5079.0,5115.0
2004-12-01,5370.0,5370.0,5161.0,5161.0,19770250,3682,114,5115.0,5161.0
2004-12-04,5419.0,5419.0,5245.0,5245.0,35823269,6611,6,5161.0,5245.0
2004-12-05,5507.0,5507.0,5280.0,5280.0,15125459,2747,4,5245.0,5280.0
2004-12-11,5544.0,5544.0,5312.0,5312.0,13913120,2510,3,5280.0,5312.0
2004-12-12,5577.0,5577.0,5376.0,5376.0,27498177,4931,6,5312.0,5376.0
2004-12-13,5644.0,5644.0,5644.0,5644.0,196834500,34875,19,5376.0,5644.0
2004-12-14,5926.0,5926.0,5645.0,5891.0,1542923105,261909,123,5644.0,5891.0
2004-12-15,5926.0,6185.0,5926.0,6008.0,63918484,10449,8,5891.0,6008.0
2004-12-18,6308.0,6308.0,6308.0,6308.0,127169280,20160,7,6008.0,6308.0
2004-12-19,6623.0,6623.0,6298.0,6560.0,746873620,113849,74,6308.0,6560.0
2004-12-20,6398.0,6801.0,6232.0,6523.0,1191973210,182720,81,6560.0,6523.0
2004-12-21,6840.0,6849.0,3762.0,6737.0,502922957,104292,277,6523.0,6737.0
2004-12-22,6800.0,6800.0,6700.0,6743.0,231425140,34317,30,6737.0,6743.0
2004-12-25,6690.0,6690.0,6500.0,6637.0,81471752,12398,17,6743.0,6637.0
2004-12-26,6400.0,6467.0,6306.0,6467.0,83532329,13099,9,6637.0,6467.0
2004-12-27,6144.0,6338.0,6144.0,6338.0,49442708,8047,5,6467.0,6338.0
2004-12-28,6022.0,6023.0,6022.0,6022.0,510198376,84718,37,6338.0,6022.0
2004-12-29,5721.0,5899.0,5721.0,5723.0,388355215,67847,47,6022.0,5723.0
2005-01-01,5720.0,6009.0,5720.0,5854.0,180262681,30792,14,5723.0,5854.0
2005-01-02,5901.0,5901.0,5889.0,5889.0,93051642,15773,18,5854.0,5889.0
2005-01-03,5900.0,6170.0,5900.0,5987.0,82510534,13674,12,5889.0,5987.0
2005-01-04,5899.0,5939.0,5688.0,5939.0,31312606,5390,8,5987.0,5939.0
2005-01-05,5880.0,5936.0,5880.0,5936.0,5016650,853,3,5939.0,5936.0
2005-01-08,5850.0,5894.0,5850.0,5894.0,58584677,10010,8,5936.0,5894.0
2005-01-09,5601.0,5799.0,5601.0,5799.0,36352470,6490,5,5894.0,5799.0
2005-01-10,5776.0,5776.0,5510.0,5604.0,80744285,14600,11,5799.0,5604.0
2005-01-11,5604.0,5604.0,5324.0,5558.0,73446496,13269,7,5604.0,5558.0
2005-01-12,5281.0,5532.0,5281.0,5532.0,9988881,1891,4,5558.0,5532.0
2005-01-15,5256.0,5469.0,5256.0,5469.0,23874882,4542,7,5532.0,5469.0
2005-01-16,5196.0,5196.0,5196.0,5196.0,109375800,21050,13,5469.0,5196.0
2005-01-17,5195.0,5196.0,5195.0,5195.0,18547500,3570,4,5196.0,5195.0
2005-01-18,4950.0,5150.0,4941.0,5150.0,18619881,3757,9,5195.0,5150.0
2005-01-19,4893.0,4996.0,4893.0,4989.0,65006083,13248,11,5150.0,4989.0
2005-01-22,4851.0,4968.0,4851.0,4968.0,15086598,3106,5,4989.0,4968.0
2005-01-23,4894.0,4989.0,4890.0,4900.0,194904778,39769,21,4968.0,4900.0
2005-01-24,4850.0,4911.0,4850.0,4905.0,156039597,31807,13,4900.0,4905.0
2005-01-25,4921.0,4921.0,4910.0,4912.0,196546995,40010,9,4905.0,4912.0
2005-01-26,4913.0,4913.0,4910.0,4911.0,91982297,18727,10,4912.0,4911.0
2005-01-30,4900.0,4910.0,4800.0,4885.0,51772062,10647,7,4911.0,4885.0
2005-01-31,4885.0,4886.0,4885.0,4885.0,4934131,1010,3,4885.0,4885.0
2005-02-01,4876.0,4876.0,4790.0,4841.0,55713922,11581,9,4885.0,4841.0
2005-02-02,4798.0,4835.0,4795.0,4835.0,10936963,2280,6,4841.0,4835.0
2005-02-05,4770.0,4813.0,4765.0,4813.0,34875551,7303,6,4835.0,4813.0
2005-02-06,4779.0,4779.0,4644.0,4754.0,43283228,9237,6,4813.0,4754.0
2005-02-08,4754.0,4754.0,4754.0,4754.0,1901600,400,1,4754.0,4754.0
2005-02-12,4750.0,4754.0,4750.0,4753.0,5054158,1064,4,4754.0,4753.0
2005-02-14,4640.0,4749.0,4612.0,4749.0,3019350,651,4,4753.0,4749.0
2005-02-15,4520.0,4726.0,4520.0,4726.0,9087260,2010,3,4749.0,4726.0
2005-02-22,4490.0,4726.0,4490.0,4726.0,181960,40,2,4726.0,4726.0
2005-02-27,4490.0,4800.0,4490.0,4514.0,173443488,38419,27,4726.0,4514.0
2005-03-02,4701.0,4701.0,4553.0,4553.0,20400335,4340,7,4514.0,4553.0
2005-03-06,4560.0,4560.0,4501.0,4548.0,9677097,2147,5,4553.0,4548.0
2005-03-07,4505.0,4536.0,4501.0,4536.0,23751723,5273,3,4548.0,4536.0
2005-03-08,4500.0,4520.0,4400.0,4520.0,20097220,4500,7,4536.0,4520.0
2005-03-12,4493.0,4509.0,4400.0,4509.0,10047680,2270,3,4520.0,4509.0
2005-03-13,4482.0,4482.0,4294.0,4456.0,26072830,6015,6,4509.0,4456.0
2005-03-14,4472.0,4501.0,4472.0,4476.0,64669581,14422,14,4456.0,4476.0
2005-03-27,4476.0,4476.0,4476.0,4476.0,671400,150,1,4476.0,4476.0
2005-03-28,4476.0,4476.0,4476.0,4476.0,8280600,1850,1,4476.0,4476.0
2005-03-29,4476.0,4598.0,4476.0,4477.0,2175414,481,3,4476.0,4477.0
2005-04-04,4477.0,4477.0,4390.0,4469.0,7961165,1813,3,4477.0,4469.0
2005-04-05,4400.0,4445.0,4392.0,4445.0,28218542,6421,7,4469.0,4445.0
2005-04-06,4394.0,4401.0,4254.0,4401.0,48140582,11025,9,4445.0,4401.0
2005-04-10,4370.0,4370.0,4225.0,4303.0,59567683,13980,9,4401.0,4303.0
2005-04-11,4303.0,4303.0,4303.0,4303.0,8606000,2000,1,4303.0,4303.0
2005-04-12,4302.0,4303.0,4300.0,4301.0,44338630,10308,12,4303.0,4301.0
2005-04-13,4301.0,4301.0,4182.0,4274.0,172300928,40309,15,4301.0,4274.0
2005-04-16,4270.0,4487.0,4270.0,4279.0,15095555,3505,6,4274.0,4279.0
2005-04-17,4486.0,4487.0,4319.0,4319.0,17787138,3965,5,4279.0,4319.0
2005-04-18,4497.0,4534.0,4382.0,4382.0,30082657,6669,8,4319.0,4382.0
2005-04-19,4601.0,4601.0,4601.0,4601.0,176636991,38391,15,4382.0,4601.0
2005-04-20,4831.0,4831.0,4601.0,4697.0,80454264,17063,16,4601.0,4697.0
2005-04-23,4694.0,4696.0,4694.0,4696.0,43008664,9159,7,4697.0,4696.0
2005-04-24,4695.0,4830.0,4695.0,4704.0,24093076,5093,6,4696.0,4704.0
2005-04-27,4749.0,4750.0,4709.0,4709.0,22986207,4863,7,4704.0,4709.0
2005-05-01,4718.0,4718.0,4707.0,4713.0,67251057,14262,11,4709.0,4713.0
2005-05-02,4693.0,4695.0,4500.0,4695.0,11964258,2613,3,4713.0,4695.0
2005-05-04,4461.0,4690.0,4461.0,4464.0,89833779,20124,14,4695.0,4464.0
2005-05-07,4464.0,4464.0,4464.0,4464.0,30828384,6906,4,4464.0,4464.0
2005-05-08,4303.0,4399.0,4241.0,4399.0,31316240,7305,10,4464.0,4399.0
2005-05-09,4379.0,4398.0,4379.0,4397.0,17893512,4073,5,4399.0,4397.0
2005-05-10,4396.0,4397.0,4396.0,4396.0,21465609,4882,4,4397.0,4396.0
2005-05-11,4401.0,4401.0,4396.0,4396.0,5434185,1235,3,4396.0,4396.0
2005-05-14,4350.0,4395.0,4340.0,4395.0,1125545,259,5,4396.0,4395.0
2005-05-15,4395.0,4395.0,4395.0,4395.0,18683145,4251,3,4395.0,4395.0
2005-05-16,4394.0,4394.0,4394.0,4394.0,6744790,1535,2,4395.0,4394.0
2005-05-18,4180.0,4350.0,4175.0,4320.0,31945535,7606,7,4394.0,4320.0
2005-05-21,4105.0,4160.0,4105.0,4160.0,63061901,15340,11,4320.0,4160.0
2005-05-22,4160.0,4160.0,4108.0,4143.0,39027270,9462,9,4160.0,4143.0
2005-05-23,4270.0,4270.0,4041.0,4117.0,27182584,6682,7,4143.0,4117.0
2005-05-24,4100.0,4150.0,4100.0,4109.0,55813823,13592,12,4117.0,4109.0
2005-09-11,4000.0,4000.0,3750.0,3966.0,13764660,3470,3,4109.0,3966.0
2005-09-12,3768.0,3966.0,3768.0,3966.0,793260,210,3,3966.0,3966.0
2005-11-07,3768.0,3768.0,3768.0,3768.0,648096,172,1,3966.0,3768.0
2005-12-20,3580.0,3580.0,3580.0,3580.0,9379600,2620,1,3768.0,3580.0
2006-03-11,3401.0,3401.0,3401.0,3401.0,19725800,5800,1,3580.0,3401.0
2006-03-13,3333.0,3380.0,3333.0,3380.0,20388431,6117,6,3401.0,3380.0
2006-03-15,3313.0,3380.0,3313.0,3380.0,133190,40,2,3380.0,3380.0
2006-03-18,3313.0,3313.0,3313.0,3313.0,69573000,21000,10,3380.0,3313.0
2006-03-19,3247.0,3247.0,3247.0,3247.0,68187000,21000,8,3313.0,3247.0
2006-04-09,3247.0,3548.0,3247.0,3367.0,462633903,137367,117,3247.0,3367.0
2006-04-10,3434.0,3434.0,3380.0,3380.0,14010180,4080,4,3367.0,3380.0
2006-04-11,3447.0,3447.0,3403.0,3403.0,24431896,7088,7,3380.0,3403.0
2006-04-12,3471.0,3471.0,3457.0,3457.0,56150227,16177,17,3403.0,3457.0
2006-04-17,3526.0,3526.0,3460.0,3460.0,4149442,1177,2,3457.0,3460.0
2006-04-18,3529.0,3529.0,3499.0,3499.0,40618490,11510,8,3460.0,3499.0
2006-04-19,3568.0,3568.0,3525.0,3525.0,28140386,7887,8,3499.0,3525.0
2006-04-22,3595.0,3595.0,3532.0,3532.0,7861635,2187,4,3525.0,3532.0
2006-04-23,3602.0,3602.0,3554.0,3554.0,23826750,6615,65,3532.0,3554.0
2006-04-24,3625.0,3625.0,3565.0,3565.0,11407275,3147,3,3554.0,3565.0
2006-04-25,3636.0,3636.0,3573.0,3573.0,8718498,2398,3,3565.0,3573.0
2006-04-26,3644.0,3644.0,3590.0,3590.0,18408948,5052,4,3573.0,3590.0
2006-04-29,3661.0,3661.0,3612.0,3612.0,23301775,6365,5,3590.0,3612.0
2006-04-30,3684.0,3684.0,3615.0,3615.0,3462270,940,3,3612.0,3615.0
2006-05-01,3687.0,3687.0,3687.0,3687.0,82242222,22306,48,3615.0,3687.0
2006-05-02,3760.0,3760.0,3687.0,3756.0,377041040,100358,69,3687.0,3756.0
2006-05-03,3830.0,3831.0,3829.0,3830.0,137878636,35994,22,3756.0,3830.0
2006-05-06,3906.0,3906.0,3831.0,3861.0,94224037,24399,23,3830.0,3861.0
2006-05-07,3784.0,3784.0,3784.0,3784.0,94365392,24938,9,3861.0,3784.0
2006-05-09,3709.0,3776.0,3709.0,3776.0,7455760,2010,3,3784.0,3776.0
2006-05-10,3709.0,3725.0,3701.0,3706.0,230759917,62263,35,3776.0,3706.0
2006-05-13,3780.0,3780.0,3775.0,3775.0,72347150,19140,16,3706.0,3775.0
2006-05-14,3850.0,3850.0,3791.0,3791.0,23492960,6133,11,3775.0,3791.0
2006-05-15,3780.0,3780.0,3717.0,3749.0,57127646,15288,10,3791.0,3749.0
2006-05-16,3675.0,3739.0,3675.0,3739.0,9228565,2511,5,3749.0,3739.0
2006-05-17,3665.0,3715.0,3665.0,3715.0,23474825,6405,8,3739.0,3715.0
2006-05-20,3665.0,3715.0,3652.0,3692.0,73012284,19775,15,3715.0,3692.0
2006-05-21,3619.0,3676.0,3619.0,3676.0,15960360,4410,5,3692.0,3676.0
2006-05-22,3618.0,3668.0,3603.0,3668.0,8762774,2423,3,3676.0,3668.0
2006-05-23,3595.0,3625.0,3595.0,3625.0,42583075,11845,14,3668.0,3625.0
2006-05-24,3570.0,3587.0,3553.0,3563.0,72376036,20312,17,3625.0,3563.0
2006-05-27,3500.0,3556.0,3494.0,3556.0,7514238,2147,3,3563.0,3556.0
2006-05-28,3487.0,3520.0,3485.0,3488.0,150072908,43014,23,3556.0,3488.0
2006-05-29,3488.0,3520.0,3488.0,3506.0,449901079,128292,34,3488.0,3506.0
2006-05-30,3576.0,3576.0,3560.0,3560.0,56017880,15665,9,3506.0,3560.0
2006-05-31,3631.0,3631.0,3595.0,3595.0,36364105,10015,7,3560.0,3595.0
2006-06-03,3666.0,3666.0,3629.0,3629.0,35460848,9673,11,3595.0,3629.0
2006-06-06,3632.0,3701.0,3631.0,3652.0,33871013,9204,11,3629.0,3652.0
2006-06-07,3720.0,3725.0,3698.0,3698.0,48800105,13101,10,3652.0,3698.0
2006-06-10,3698.0,3771.0,3698.0,3746.0,104230972,27824,13,3698.0,3746.0
2006-06-11,3746.0,3820.0,3746.0,3784.0,57550490,15155,11,3746.0,3784.0
2006-06-12,3785.0,3859.0,3785.0,3849.0,156784328,40731,16,3784.0,3849.0
2006-06-13,3849.0,3849.0,3849.0,3849.0,150111,39,1,3849.0,3849.0
2006-06-14,3849.0,3900.0,3849.0,3849.0,8965803,2327,4,3849.0,3849.0
2006-06-17,3848.0,3848.0,3848.0,3848.0,2478112,644,1,3849.0,3848.0
2006-06-18,3847.0,3848.0,3772.0,3840.0,19852088,5196,5,3848.0,3840.0
2006-06-19,3800.0,3849.0,3764.0,3825.0,65556835,17147,12,3840.0,3825.0
2006-06-20,3773.0,3901.0,3773.0,3894.0,126796023,32557,14,3825.0,3894.0
2006-06-21,3970.0,3971.0,3970.0,3970.0,84056960,21168,5,3894.0,3970.0
2006-06-24,4049.0,4049.0,4049.0,4049.0,94114956,23244,6,3970.0,4049.0
2006-06-25,4129.0,4129.0,4129.0,4129.0,132805156,32164,12,4049.0,4129.0
2006-06-26,4211.0,4211.0,4181.0,4181.0,54384765,12915,13,4129.0,4181.0
2006-06-27,4264.0,4264.0,4201.0,4201.0,21362010,5010,2,4181.0,4201.0
2006-06-28,4285.0,4285.0,4205.0,4205.0,4327050,1010,2,4201.0,4205.0
2006-07-01,4289.0,4289.0,4219.0,4219.0,14547588,3392,5,4205.0,4219.0
2006-07-02,4303.0,4303.0,4250.0,4250.0,32465605,7545,8,4219.0,4250.0
2006-07-03,4335.0,4335.0,4335.0,4335.0,132581640,30584,21,4250.0,4335.0
2006-07-12,4853.0,6500.0,4850.0,5502.0,715966326,130121,79,4335.0,5502.0
2006-07-15,5406.0,5612.0,5401.0,5568.0,586158296,105259,45,5502.0,5568.0
2006-07-16,5457.0,5457.0,5457.0,5457.0,109369194,20042,15,5568.0,5457.0
2006-07-17,5348.0,5457.0,5348.0,5457.0,166878,31,2,5457.0,5457.0
2006-07-18,5348.0,5348.0,5348.0,5348.0,329276360,61570,17,5457.0,5348.0
2006-07-19,5396.0,5454.0,5242.0,5347.0,1333622611,249403,117,5348.0,5347.0
2006-07-29,4850.0,4982.0,4711.0,4829.0,850892651,176179,63,5347.0,4829.0
2006-07-30,4924.0,4925.0,4800.0,4896.0,468313953,95642,36,4829.0,4896.0
2006-07-31,4820.0,4822.0,4820.0,4821.0,185211410,38410,6,4896.0,4821.0
2006-08-01,4725.0,4784.0,4725.0,4784.0,35957840,7610,2,4821.0,4784.0
2006-08-02,4689.0,4769.0,4689.0,4769.0,14677370,3130,4,4784.0,4769.0
2006-08-05,4674.0,4698.0,4674.0,4698.0,70156980,15010,7,4769.0,4698.0
2006-08-06,4605.0,4665.0,4605.0,4665.0,32783595,7119,6,4698.0,4665.0
2006-08-07,4572.0,4605.0,4572.0,4582.0,533186868,116344,59,4665.0,4582.0
2006-08-09,4492.0,4510.0,4491.0,4495.0,114947516,25572,13,4582.0,4495.0
2006-08-12,4406.0,4411.0,4406.0,4406.0,146524500,33250,18,4495.0,4406.0
2006-08-13,4405.0,4405.0,4318.0,4339.0,180989526,41710,17,4406.0,4339.0
2006-08-15,4405.0,4424.0,4366.0,4366.0,30964303,7010,9,4339.0,4366.0
2006-08-16,4323.0,4323.0,4279.0,4302.0,63346416,14802,13,4366.0,4302.0
2006-08-19,4217.0,4217.0,4216.0,4216.0,101194000,24000,9,4302.0,4216.0
2006-08-20,4135.0,4200.0,4133.0,4153.0,137690720,33151,21,4216.0,4153.0
2006-08-21,4161.0,4236.0,4161.0,4186.0,39760196,9411,8,4153.0,4186.0
2006-08-23,4269.0,4269.0,4194.0,4194.0,8579940,2010,2,4186.0,4194.0
2006-08-26,4277.0,4277.0,4214.0,4214.0,21598220,5050,5,4194.0,4214.0
2006-08-27,4298.0,4298.0,4214.0,4214.0,282828,66,2,4214.0,4214.0
2006-08-28,4298.0,4298.0,4221.0,4221.0,8208410,1910,3,4214.0,4221.0
2006-08-29,4305.0,4305.0,4247.0,4247.0,27400745,6365,4,4221.0,4247.0
2006-08-30,4331.0,4331.0,4264.0,4264.0,17959987,4147,4,4247.0,4264.0
2006-09-02,4349.0,4349.0,4310.0,4310.0,47564623,10937,15,4264.0,4310.0
2006-09-03,4396.0,4396.0,4367.0,4367.0,58967654,13414,11,4310.0,4367.0
2006-09-04,4454.0,4454.0,4403.0,4403.0,37903030,8510,5,4367.0,4403.0
2006-09-05,4491.0,4491.0,4451.0,4451.0,49517366,11026,10,4403.0,4451.0
2006-09-06,4540.0,4540.0,4470.0,4470.0,20220460,4454,4,4451.0,4470.0
2006-09-10,4559.0,4559.0,4555.0,4555.0,88294113,19367,10,4470.0,4555.0
2006-09-11,4646.0,4646.0,4600.0,4600.0,46506000,10010,6,4555.0,4600.0
2006-09-12,4692.0,4692.0,4689.0,4689.0,92568438,19729,15,4600.0,4689.0
2006-09-13,4782.0,4782.0,4735.0,4735.0,47867350,10010,5,4689.0,4735.0
2006-09-16,4829.0,4829.0,4795.0,4795.0,62713883,12987,7,4735.0,4795.0
2006-09-17,4890.0,4890.0,4890.0,4890.0,366588630,74967,32,4795.0,4890.0
2006-09-18,4987.0,4987.0,4945.0,4979.0,267229043,53663,24,4890.0,4979.0
2006-09-19,4891.0,4964.0,4880.0,4964.0,15296240,3130,4,4979.0,4964.0
2006-09-20,4865.0,4865.0,4865.0,4865.0,196891415,40471,20,4964.0,4865.0
2006-09-23,4782.0,4877.0,4769.0,4852.0,108150484,22289,12,4865.0,4852.0
2006-09-24,4800.0,4877.0,4800.0,4840.0,24083820,5010,5,4852.0,4840.0
2006-09-25,4840.0,4840.0,4744.0,4806.0,36242500,7626,4,4840.0,4806.0
2006-09-26,4710.0,4782.0,4710.0,4782.0,23644920,5020,4,4806.0,4782.0
2006-09-27,4690.0,4777.0,4690.0,4743.0,49493290,10510,11,4782.0,4743.0
2006-09-30,4649.0,4728.0,4649.0,4728.0,14040770,3020,4,4743.0,4728.0
2006-10-01,4634.0,4725.0,4634.0,4725.0,2364250,510,2,4728.0,4725.0
2006-10-02,4631.0,4634.0,4631.0,4631.0,185046513,39950,24,4725.0,4631.0
2006-10-03,4539.0,4626.0,4539.0,4626.0,4585260,1010,2,4631.0,4626.0
2006-10-04,4534.0,4612.0,4534.0,4612.0,13648120,3010,2,4626.0,4612.0
2006-10-07,4520.0,4587.0,4520.0,4587.0,24078710,5327,3,4612.0,4587.0
2006-10-09,4660.0,4670.0,4496.0,4508.0,281912948,62527,28,4587.0,4508.0
2006-10-10,4420.0,4490.0,4418.0,4479.0,38697790,8710,6,4508.0,4479.0
2006-10-14,4390.0,4457.0,4390.0,4457.0,21994570,5010,3,4479.0,4457.0
2006-10-18,4368.0,4375.0,4368.0,4375.0,81559366,18672,18,4457.0,4375.0
2006-10-22,4372.0,4374.0,4372.0,4373.0,117676303,26909,8,4375.0,4373.0
2006-10-23,4400.0,4450.0,4400.0,4410.0,47141594,10607,11,4373.0,4410.0
2006-10-28,4498.0,4498.0,4469.0,4469.0,61217490,13610,7,4410.0,4469.0
2006-10-29,4455.0,4500.0,4455.0,4480.0,73298410,16352,11,4469.0,4480.0
2006-10-30,4455.0,4472.0,4455.0,4472.0,28302785,6353,6,4480.0,4472.0
2006-10-31,4451.0,4561.0,4451.0,4508.0,84597824,18752,16,4472.0,4508.0
2006-11-01,4598.0,4598.0,4526.0,4526.0,19067186,4147,4,4508.0,4526.0
2006-11-04,4616.0,4616.0,4566.0,4566.0,41589660,9010,3,4526.0,4566.0
2006-11-05,4657.0,4657.0,4615.0,4615.0,50425576,10828,8,4566.0,4615.0
2006-11-06,4707.0,4707.0,4635.0,4635.0,21147831,4493,4,4615.0,4635.0
2006-11-07,4727.0,4727.0,4708.0,4708.0,75258377,15921,12,4635.0,4708.0
2006-11-11,4802.0,4802.0,4774.0,4774.0,68490646,14263,12,4708.0,4774.0
2006-11-12,4869.0,4869.0,4829.0,4829.0,56402096,11584,7,4774.0,4829.0
2006-11-13,4925.0,4925.0,4924.0,4924.0,98549240,20010,12,4829.0,4924.0
2006-11-14,5022.0,5022.0,5022.0,5022.0,167016654,33257,18,4924.0,5022.0
2006-11-15,5122.0,5122.0,5109.0,5109.0,89686090,17510,8,5022.0,5109.0
2006-11-18,5211.0,5211.0,5211.0,5211.0,126601245,24295,18,5109.0,5211.0
2006-11-19,5315.0,5315.0,5243.0,5243.0,33398740,6284,4,5211.0,5243.0
2006-11-20,5347.0,5347.0,5279.0,5279.0,37481790,7010,3,5243.0,5279.0
2006-11-21,5384.0,5384.0,5350.0,5350.0,73808916,13709,11,5279.0,5350.0
2006-11-25,5457.0,5457.0,5371.0,5371.0,21576118,3954,6,5350.0,5371.0
2006-11-26,5478.0,5478.0,5372.0,5372.0,1149320,210,2,5371.0,5372.0
2006-11-27,5479.0,5479.0,5388.0,5388.0,16693603,3047,7,5372.0,5388.0
2006-11-28,5495.0,5495.0,5389.0,5389.0,603390,110,2,5388.0,5389.0
2006-11-29,5496.0,5496.0,5416.0,5416.0,28116736,5116,4,5389.0,5416.0
2006-12-02,5524.0,5524.0,5511.0,5511.0,97570282,17663,9,5416.0,5511.0
2006-12-03,5621.0,5621.0,5610.0,5610.0,101931104,18134,11,5511.0,5610.0
2006-12-04,5722.0,5722.0,5722.0,5722.0,236873634,41397,25,5610.0,5722.0
2006-12-05,5836.0,5836.0,5700.0,5800.0,1917303801,330554,174,5722.0,5800.0
2006-12-06,5916.0,5916.0,5916.0,5916.0,819993096,138606,60,5800.0,5916.0
2006-12-09,6034.0,6034.0,5921.0,5921.0,5513946,914,2,5916.0,5921.0
2006-12-10,6039.0,6039.0,5934.0,5934.0,12964683,2147,2,5921.0,5934.0
2006-12-11,6052.0,6052.0,5955.0,5955.0,21532046,3558,5,5934.0,5955.0
2006-12-12,6074.0,6074.0,6018.0,6018.0,64705762,10653,11,5955.0,6018.0
2006-12-13,6138.0,6138.0,6136.0,6137.0,1196920586,195002,93,6018.0,6137.0
2006-12-16,6259.0,6259.0,6165.0,6165.0,28984489,4631,4,6137.0,6165.0
2006-12-17,6288.0,6288.0,6288.0,6288.0,152961888,24326,15,6165.0,6288.0
2006-12-18,6413.0,6413.0,6289.0,6289.0,1133861,177,2,6288.0,6289.0
2006-12-19,6414.0,6414.0,6325.0,6325.0,37739086,5884,5,6289.0,6325.0
2006-12-20,6451.0,6451.0,6451.0,6451.0,217695446,33746,11,6325.0,6451.0
2006-12-23,6580.0,6580.0,6323.0,6525.0,528523528,80994,61,6451.0,6525.0
2006-12-24,6395.0,6415.0,6395.0,6415.0,108843100,17020,6,6525.0,6415.0
2006-12-25,6287.0,6301.0,6287.0,6301.0,113229010,18010,5,6415.0,6301.0
2006-12-27,6175.0,6291.0,6175.0,6291.0,9998485,1619,2,6301.0,6291.0
2006-12-30,6175.0,6287.0,6166.0,6287.0,4448219,721,3,6291.0,6287.0
2007-01-02,6162.0,6225.0,6162.0,6225.0,61682250,10010,5,6287.0,6225.0
2007-01-03,6101.0,6207.0,6101.0,6207.0,17785475,2915,4,6225.0,6207.0
2007-01-20,6083.0,6083.0,6083.0,6083.0,145992000,24000,6,6207.0,6083.0
2007-01-21,5962.0,5993.0,5962.0,5993.0,89489930,15010,6,6083.0,5993.0
2007-01-22,5874.0,5874.0,5874.0,5874.0,118419840,20160,7,5993.0,5874.0
2007-01-24,5757.0,5874.0,5757.0,5874.0,2044905,355,2,5874.0,5874.0
2007-01-31,5757.0,5816.0,5757.0,5816.0,57628160,10010,3,5874.0,5816.0
2007-02-10,5700.0,5816.0,5700.0,5816.0,343160,60,2,5816.0,5816.0
2007-02-18,5700.0,5803.0,5700.0,5803.0,12940030,2270,2,5816.0,5803.0
2007-02-21,5687.0,5722.0,5687.0,5722.0,79862891,14043,12,5803.0,5722.0
2007-02-25,5608.0,5694.0,5608.0,5694.0,28096940,5010,4,5722.0,5694.0
2007-02-26,5581.0,5663.0,5581.0,5663.0,30863750,5530,5,5694.0,5663.0
2007-02-28,5550.0,5663.0,5550.0,5663.0,84380,15,2,5663.0,5663.0
2007-03-04,5550.0,5659.0,5550.0,5659.0,4385590,790,2,5663.0,5659.0
2007-03-17,5840.0,6030.0,5545.0,5636.0,1526160267,270768,136,5659.0,5636.0
2007-03-19,5748.0,5748.0,5701.0,5701.0,66808534,11623,13,5636.0,5701.0
2007-03-25,5815.0,5815.0,5740.0,5740.0,39872705,6857,5,5701.0,5740.0
2007-03-26,5854.0,5854.0,5809.0,5809.0,71108088,12147,4,5740.0,5809.0
2007-03-27,5925.0,5925.0,5815.0,5815.0,6000925,1013,3,5809.0,5815.0
2007-03-31,5931.0,5931.0,5827.0,5827.0,12732817,2147,2,5815.0,5827.0
2007-04-03,5943.0,5943.0,5845.0,5845.0,18689755,3145,6,5827.0,5845.0
2007-04-04,5961.0,5961.0,5895.0,5895.0,51359316,8616,7,5845.0,5895.0
2007-04-07,6012.0,6012.0,5955.0,5955.0,62181546,10343,8,5895.0,5955.0
2007-04-08,6074.0,6074.0,5993.0,5993.0,38799902,6388,4,5955.0,5993.0
2007-04-09,6112.0,6112.0,6112.0,6112.0,237506208,38859,13,5993.0,6112.0
2007-04-10,6234.0,6234.0,6234.0,6234.0,125820822,20183,12,6112.0,6234.0
2007-04-11,6358.0,6358.0,6153.0,6345.0,3291543894,520099,164,6234.0,6345.0
2007-04-14,6364.0,6398.0,6300.0,6367.0,593265020,93174,51,6345.0,6367.0
2007-04-15,6367.0,6367.0,6241.0,6318.0,135904518,21510,15,6367.0,6318.0
2007-04-16,6318.0,6320.0,6245.0,6307.0,161650315,25630,19,6318.0,6307.0
2007-04-17,6427.0,6433.0,6302.0,6338.0,372520838,58773,27,6307.0,6338.0
2007-04-18,6464.0,6464.0,6464.0,6464.0,227474624,35191,20,6338.0,6464.0
2007-04-21,6590.0,6593.0,6564.0,6564.0,103767119,15740,23,6464.0,6564.0
2007-04-22,6695.0,6695.0,6650.0,6650.0,89123390,13312,7,6564.0,6650.0
2007-04-23,6783.0,6783.0,6780.0,6780.0,133469061,19677,12,6650.0,6780.0
2007-04-24,6915.0,6915.0,6907.0,6907.0,131198215,18973,12,6780.0,6907.0
2007-04-25,7045.0,7045.0,6915.0,7038.0,1221057592,173488,105,6907.0,7038.0
2007-04-28,7038.0,7170.0,7038.0,7112.0,523185636,73559,62,7038.0,7112.0
2007-04-29,7120.0,7120.0,6970.0,6989.0,352416499,50422,18,7112.0,6989.0
2007-04-30,6921.0,6967.0,6850.0,6967.0,22296540,3252,8,6989.0,6967.0
2007-05-01,6828.0,6947.0,6828.0,6947.0,20328146,2977,3,6967.0,6947.0
2007-05-02,6809.0,6912.0,6809.0,6912.0,34726930,5100,12,6947.0,6912.0
2007-05-05,6774.0,6869.0,6774.0,6869.0,42406190,6260,5,6912.0,6869.0
2007-05-06,6732.0,7000.0,6732.0,6832.0,989932315,144880,101,6869.0,6832.0
2007-05-07,6968.0,6968.0,6800.0,6935.0,372111848,53650,33,6832.0,6935.0
2007-05-08,7070.0,7073.0,6897.0,7013.0,185481035,26446,26,6935.0,7013.0
2007-05-09,7153.0,7153.0,7150.0,7152.0,291754117,40789,30,7013.0,7152.0
2007-05-12,7153.0,7294.0,7152.0,7240.0,234816447,32432,17,7152.0,7240.0
2007-05-13,7236.0,7236.0,7096.0,7099.0,185585555,26141,28,7240.0,7099.0
2007-05-14,6970.0,6981.0,6968.0,6981.0,127208592,18253,25,7099.0,6981.0
2007-05-15,6981.0,7120.0,6979.0,7054.0,381970899,54148,38,6981.0,7054.0
2007-05-16,7190.0,7195.0,7053.0,7190.0,253453590,35249,25,7054.0,7190.0
2007-05-19,7180.0,7289.0,7175.0,7218.0,129479106,17928,17,7190.0,7218.0
2007-05-20,7285.0,7286.0,7190.0,7232.0,74474620,10278,9,7218.0,7232.0
2007-05-21,7174.0,7280.0,7174.0,7204.0,84951300,11822,8,7232.0,7204.0
2007-05-22,7231.0,7231.0,7060.0,7151.0,176231347,24641,16,7204.0,7151.0
2007-05-23,7204.0,7210.0,7181.0,7181.0,76112398,10557,5,7151.0,7181.0
2007-05-26,7100.0,7181.0,7100.0,7131.0,269134540,37737,20,7181.0,7131.0
2007-05-27,7189.0,7273.0,7189.0,7214.0,668349657,92641,50,7131.0,7214.0
2007-05-28,7358.0,7358.0,7358.0,7358.0,153039042,20799,13,7214.0,7358.0
2007-05-29,7505.0,7505.0,7505.0,7505.0,413833205,55141,32,7358.0,7505.0
2007-05-30,7655.0,7655.0,7513.0,7642.0,711347607,93083,65,7505.0,7642.0
2007-06-02,7500.0,7634.0,7500.0,7634.0,8514436,1135,4,7642.0,7634.0
2007-06-06,7482.0,7634.0,7482.0,7634.0,1557776,208,2,7634.0,7634.0
2007-06-10,7482.0,7630.0,7482.0,7630.0,4550536,608,2,7634.0,7630.0
2007-06-11,7478.0,7570.0,7478.0,7570.0,59899700,8010,10,7630.0,7570.0
2007-06-12,7419.0,7559.0,7419.0,7559.0,11055710,1490,4,7570.0,7559.0
2007-06-16,7408.0,7559.0,7408.0,7559.0,3053606,412,2,7559.0,7559.0
2007-06-17,7408.0,7547.0,7408.0,7547.0,12009758,1621,2,7559.0,7547.0
2007-06-20,7397.0,7465.0,7397.0,7465.0,81515620,11020,10,7547.0,7465.0
2007-07-25,3163.0,3700.0,3026.0,3561.0,934412571,262374,112,7465.0,3561.0
2007-07-29,3630.0,3630.0,3490.0,3547.0,220699620,62211,24,3561.0,3547.0
2007-07-30,3477.0,3477.0,3477.0,3477.0,93931155,27015,11,3547.0,3477.0
2007-07-31,3408.0,3436.0,3408.0,3436.0,40930360,12010,6,3477.0,3436.0
2007-08-01,3368.0,3434.0,3368.0,3434.0,2021460,600,2,3436.0,3434.0
2007-08-05,3366.0,3431.0,3366.0,3431.0,3046880,905,3,3434.0,3431.0
2007-08-06,3363.0,3414.0,3363.0,3414.0,16849140,5010,4,3431.0,3414.0
2007-08-07,3346.0,3347.0,3346.0,3347.0,66953470,20010,5,3414.0,3347.0
2007-08-08,3281.0,3282.0,3281.0,3282.0,65652820,20010,9,3347.0,3282.0
2007-08-12,3217.0,3218.0,3217.0,3218.0,64372180,20010,9,3282.0,3218.0
2007-08-13,3178.0,3282.0,3154.0,3222.0,1244012914,386030,118,3218.0,3222.0
2007-08-14,3286.0,3286.0,3227.0,3227.0,4961270,1510,3,3222.0,3227.0
2007-08-15,3291.0,3291.0,3262.0,3262.0,36233620,11010,9,3227.0,3262.0
2007-08-18,3327.0,3327.0,3230.0,3324.0,1062220530,319556,109,3262.0,3324.0
2007-08-19,3390.0,3390.0,3390.0,3390.0,252348210,74439,18,3324.0,3390.0
2007-08-20,3457.0,3457.0,3399.0,3399.0,9844956,2848,3,3390.0,3399.0
2007-08-21,3466.0,3466.0,3432.0,3432.0,34829494,10049,7,3399.0,3432.0
2007-08-22,3500.0,3500.0,3500.0,3500.0,147434000,42124,15,3432.0,3500.0
2007-08-25,3570.0,3570.0,3570.0,3570.0,92045310,25783,14,3500.0,3570.0
2007-08-26,3641.0,3641.0,3499.0,3586.0,356786462,99471,56,3570.0,3586.0
2007-08-27,3585.0,3586.0,3515.0,3577.0,22849200,6422,7,3586.0,3577.0
2007-08-28,3506.0,3530.0,3506.0,3510.0,222600266,63406,34,3577.0,3510.0
2007-09-01,3510.0,3510.0,3440.0,3469.0,54279604,15697,10,3510.0,3469.0
2007-09-02,3469.0,3510.0,3469.0,3483.0,45181446,12942,11,3469.0,3483.0
2007-09-03,3511.0,3552.0,3483.0,3506.0,86854732,24773,18,3483.0,3506.0
2007-09-04,3510.0,3510.0,3500.0,3504.0,125670840,35862,11,3506.0,3504.0
2007-09-05,3497.0,3574.0,3497.0,3561.0,201027866,56445,20,3504.0,3561.0
2007-09-08,3632.0,3632.0,3585.0,3585.0,24733450,6810,6,3561.0,3585.0
2007-09-09,3632.0,3632.0,3586.0,3586.0,16771995,4670,7,3585.0,3586.0
2007-09-10,3586.0,3590.0,3515.0,3527.0,64286022,18254,11,3586.0,3527.0
2007-09-11,3556.0,3556.0,3457.0,3515.0,16825374,4838,5,3527.0,3515.0
2007-09-12,3445.0,3476.0,3445.0,3476.0,38918475,11297,8,3515.0,3476.0
2007-09-16,3499.0,3500.0,3490.0,3498.0,74531039,21303,11,3476.0,3498.0
2007-09-17,3456.0,3473.0,3456.0,3473.0,52004730,15010,4,3498.0,3473.0
2007-09-18,3404.0,3404.0,3404.0,3404.0,71484000,21000,5,3473.0,3404.0
2007-09-19,3445.0,3472.0,3404.0,3411.0,164530137,48206,23,3404.0,3411.0
2007-09-22,3421.0,3421.0,3410.0,3412.0,52951120,15510,11,3411.0,3412.0
2007-09-23,3400.0,3411.0,3399.0,3411.0,18971065,5580,5,3412.0,3411.0
2007-09-24,3478.0,3479.0,3416.0,3416.0,16619012,4778,4,3411.0,3416.0
2007-09-25,3416.0,3484.0,3416.0,3425.0,30113718,8650,9,3416.0,3425.0
2007-09-26,3425.0,3425.0,3425.0,3425.0,4274400,1248,2,3425.0,3425.0
2007-09-29,3360.0,3425.0,3360.0,3423.0,38507850,11282,7,3425.0,3423.0
2007-09-30,3490.0,3490.0,3424.0,3424.0,1779240,510,2,3423.0,3424.0
2007-10-01,3360.0,3489.0,3360.0,3424.0,1909435,556,3,3424.0,3424.0
2007-10-02,3425.0,3470.0,3425.0,3425.0,11606360,3373,8,3424.0,3425.0
2007-10-06,3483.0,3487.0,3431.0,3431.0,23876842,6858,11,3425.0,3431.0
2007-10-07,3456.0,3490.0,3434.0,3434.0,19042200,5503,8,3431.0,3434.0
2007-10-08,3460.0,3460.0,3372.0,3436.0,29978344,8685,9,3434.0,3436.0
2007-10-09,3370.0,3408.0,3368.0,3408.0,83824806,24875,9,3436.0,3408.0
2007-10-10,3340.0,3401.0,3340.0,3401.0,19452770,5824,6,3408.0,3401.0
2007-10-14,3340.0,3369.0,3333.0,3369.0,96239337,28854,15,3401.0,3369.0
2007-10-15,3302.0,3362.0,3302.0,3362.0,21496620,6510,4,3369.0,3362.0
2007-10-16,3295.0,3360.0,3295.0,3360.0,4976100,1510,2,3362.0,3360.0
2007-10-17,3293.0,3359.0,3293.0,3359.0,3958846,1202,2,3360.0,3359.0
2007-10-20,3293.0,3358.0,3292.0,3358.0,3500656,1063,3,3359.0,3358.0
2007-10-22,3291.0,3357.0,3291.0,3357.0,1790964,544,3,3358.0,3357.0
2007-10-24,3290.0,3345.0,3290.0,3345.0,34400790,10456,5,3357.0,3345.0
2007-10-28,3279.0,3344.0,3279.0,3344.0,3312440,1010,2,3345.0,3344.0
2007-11-07,3278.0,3278.0,3278.0,3278.0,327800,100,1,3344.0,3278.0
2007-11-10,3213.0,3213.0,3213.0,3213.0,321300,100,2,3278.0,3213.0
2007-11-13,3149.0,3211.0,3149.0,3211.0,5004381,1589,2,3213.0,3211.0
2007-11-14,3147.0,3147.0,3147.0,3147.0,314700,100,1,3211.0,3147.0
2007-11-17,3085.0,3085.0,3085.0,3085.0,6941250,2250,2,3147.0,3085.0
2007-11-18,3024.0,3024.0,3024.0,3024.0,302400,100,1,3085.0,3024.0
2007-11-19,2964.0,2964.0,2964.0,2964.0,2261532,763,2,3024.0,2964.0
2007-11-20,2905.0,2905.0,2905.0,2905.0,290500,100,1,2964.0,2905.0
2007-11-21,2847.0,2904.0,2847.0,2904.0,2876040,1010,3,2905.0,2904.0
2007-11-24,2846.0,2846.0,2846.0,2846.0,41363764,14534,8,2904.0,2846.0
2007-11-25,2790.0,2790.0,2790.0,2790.0,13950000,5000,3,2846.0,2790.0
2007-11-26,2735.0,2791.0,2735.0,2747.0,588833161,214327,72,2790.0,2747.0
2007-11-27,2801.0,2801.0,2755.0,2755.0,23925682,8542,12,2747.0,2755.0
2007-11-28,2810.0,2810.0,2810.0,2810.0,559282730,199033,50,2755.0,2810.0
2007-12-01,2845.0,2845.0,2754.0,2804.0,64382717,23043,14,2810.0,2804.0
2007-12-02,2748.0,2788.0,2748.0,2788.0,48598780,17685,12,2804.0,2788.0
2007-12-03,2733.0,2776.0,2733.0,2776.0,36562504,13378,5,2788.0,2776.0
2007-12-04,2721.0,2766.0,2721.0,2766.0,30494697,11207,5,2776.0,2766.0
2007-12-05,2711.0,2733.0,2711.0,2712.0,331423835,122168,38,2766.0,2712.0
2007-12-08,2658.0,2659.0,2658.0,2658.0,486047741,182854,57,2712.0,2658.0
2007-12-09,2617.0,2711.0,2617.0,2667.0,94145649,35211,14,2658.0,2667.0
2007-12-10,2720.0,2720.0,2670.0,2670.0,10158700,3735,2,2667.0,2670.0
2007-12-11,2723.0,2723.0,2620.0,2678.0,318206851,118788,38,2670.0,2678.0
2007-12-12,2700.0,2730.0,2631.0,2687.0,169066020,62914,16,2678.0,2687.0
2007-12-15,2740.0,2740.0,2702.0,2702.0,46607020,17010,6,2687.0,2702.0
2007-12-16,2756.0,2756.0,2750.0,2750.0,148382980,53840,16,2702.0,2750.0
2007-12-17,2805.0,2805.0,2700.0,2778.0,143782365,51679,18,2750.0,2778.0
2007-12-18,2729.0,2833.0,2724.0,2805.0,485776700,173182,52,2778.0,2805.0
2007-12-19,2861.0,2861.0,2861.0,2861.0,288408827,100807,32,2805.0,2861.0
2007-12-22,2823.0,2831.0,2804.0,2812.0,375121537,133377,35,2861.0,2812.0
2007-12-23,2772.0,2797.0,2759.0,2797.0,76493730,27515,6,2812.0,2797.0
2007-12-24,2790.0,2839.0,2790.0,2798.0,70505650,25183,6,2797.0,2798.0
2007-12-25,2801.0,2853.0,2798.0,2821.0,394824588,139932,35,2798.0,2821.0
2007-12-26,2877.0,2877.0,2849.0,2849.0,87336809,30357,8,2821.0,2849.0
2007-12-30,2905.0,2905.0,2905.0,2905.0,326687585,112457,28,2849.0,2905.0
2007-12-31,2963.0,2963.0,2908.0,2908.0,8932895,3015,4,2905.0,2908.0
2008-01-01,2966.0,2966.0,2914.0,2914.0,17825140,6010,3,2908.0,2914.0
2008-01-02,2972.0,2972.0,2915.0,2915.0,3298350,1110,3,2914.0,2915.0
2008-01-05,2973.0,2973.0,2916.0,2916.0,2443236,822,2,2915.0,2916.0
2008-01-06,2974.0,2974.0,2858.0,2972.0,298447968,100403,34,2916.0,2972.0
2008-01-08,3031.0,3031.0,2973.0,2973.0,3303210,1090,2,2972.0,2973.0
2008-01-12,3032.0,3032.0,3002.0,3002.0,88079300,29050,8,2973.0,3002.0
2008-01-13,3062.0,3062.0,3022.0,3022.0,61270220,20010,4,3002.0,3022.0
2008-01-14,3082.0,3082.0,3023.0,3023.0,4308046,1398,3,3022.0,3023.0
2008-01-15,3083.0,3083.0,3056.0,3056.0,103144578,33456,12,3023.0,3056.0
2008-01-16,3117.0,3117.0,3058.0,3058.0,7106170,2280,5,3056.0,3058.0
2008-01-20,3119.0,3119.0,3119.0,3119.0,371179714,119006,47,3058.0,3119.0
2008-01-21,3181.0,3181.0,3123.0,3123.0,12602542,3962,3,3119.0,3123.0
2008-01-23,3185.0,3185.0,3131.0,3131.0,23648085,7425,7,3123.0,3131.0
2008-01-26,3193.0,3193.0,3132.0,3132.0,3224320,1010,2,3131.0,3132.0
2008-01-27,3194.0,3194.0,3138.0,3138.0,17231070,5395,2,3132.0,3138.0
2008-01-30,3200.0,3200.0,3140.0,3140.0,4831400,1510,3,3138.0,3140.0
2008-02-02,3202.0,3202.0,3141.0,3141.0,3268632,1021,3,3140.0,3141.0
2008-02-04,3203.0,3203.0,3203.0,3203.0,24214680,7560,3,3141.0,3203.0
2008-02-05,3267.0,3267.0,3267.0,3267.0,229000365,70095,20,3203.0,3267.0
2008-02-06,3332.0,3332.0,3276.0,3276.0,26882016,8068,6,3267.0,3276.0
2008-02-09,3341.0,3341.0,3293.0,3293.0,52363013,15673,10,3276.0,3293.0
2008-02-10,3358.0,3358.0,3326.0,3326.0,100773260,30010,11,3293.0,3326.0
2008-02-12,3392.0,3392.0,3347.0,3347.0,66316542,19551,7,3326.0,3347.0
2008-02-13,3413.0,3413.0,3358.0,3358.0,33866649,9923,4,3347.0,3358.0
2008-02-16,3425.0,3425.0,3359.0,3359.0,3938090,1150,3,3358.0,3359.0
2008-02-17,3426.0,3426.0,3359.0,3359.0,372764,109,2,3359.0,3359.0
2008-02-18,3426.0,3426.0,3426.0,3426.0,205560000,60000,18,3359.0,3426.0
2008-02-19,3494.0,3494.0,3436.0,3436.0,30767584,8806,7,3426.0,3436.0
2008-02-20,3504.0,3504.0,3449.0,3449.0,39647210,11315,9,3436.0,3449.0
2008-02-23,3517.0,3517.0,3463.0,3463.0,42238630,12010,8,3449.0,3463.0
2008-02-24,3532.0,3532.0,3469.0,3469.0,17694690,5010,2,3463.0,3469.0
2008-02-25,3538.0,3538.0,3469.0,3469.0,388490,110,2,3469.0,3469.0
2008-02-26,3538.0,3538.0,3484.0,3484.0,45445070,12845,10,3469.0,3484.0
2008-02-27,3553.0,3553.0,3484.0,3484.0,390140,110,2,3484.0,3484.0
2008-03-01,3553.0,3553.0,3500.0,3500.0,49777000,14010,6,3484.0,3500.0
2008-03-02,3570.0,3570.0,3504.0,3504.0,11841030,3317,4,3500.0,3504.0
2008-03-03,3574.0,3574.0,3510.0,3510.0,18262500,5110,4,3504.0,3510.0
2008-03-04,3580.0,3580.0,3531.0,3531.0,64833310,18110,14,3510.0,3531.0
2008-03-05,3601.0,3601.0,3532.0,3532.0,1763800,490,2,3531.0,3532.0
2008-03-09,3602.0,3602.0,3553.0,3553.0,65440646,18168,8,3532.0,3553.0
2008-03-10,3624.0,3624.0,3555.0,3555.0,7461126,2059,4,3553.0,3555.0
2008-03-11,3626.0,3626.0,3573.0,3573.0,54748444,15099,9,3555.0,3573.0
2008-03-12,3644.0,3644.0,3592.0,3592.0,59156176,16234,9,3573.0,3592.0
2008-03-29,3803.0,3999.0,3760.0,3791.0,2434089497,641927,192,3592.0,3791.0
2008-03-30,3730.0,3773.0,3716.0,3773.0,59218050,15900,15,3791.0,3773.0
2008-04-02,3698.0,3698.0,3698.0,3698.0,268881580,72710,17,3773.0,3698.0
2008-04-05,3625.0,3641.0,3625.0,3641.0,170886285,47141,18,3698.0,3641.0
2008-04-06,3569.0,3641.0,3569.0,3641.0,1653167,463,2,3641.0,3641.0
2008-04-07,3569.0,3639.0,3569.0,3639.0,7174390,2010,2,3641.0,3639.0
2008-04-12,3567.0,3638.0,3567.0,3638.0,3795998,1064,3,3639.0,3638.0
2008-04-13,3566.0,3631.0,3566.0,3631.0,21432310,6010,4,3638.0,3631.0
2008-04-15,3559.0,3623.0,3559.0,3623.0,23447332,6588,5,3631.0,3623.0
2008-04-16,3551.0,3551.0,3551.0,3551.0,230815000,65000,15,3623.0,3551.0
2008-04-22,3480.0,3550.0,3480.0,3550.0,3515500,1010,2,3551.0,3550.0
2008-04-26,3479.0,3479.0,3479.0,3479.0,200070332,57508,16,3550.0,3479.0
2008-04-27,3410.0,3548.0,3410.0,3441.0,1823962292,530010,151,3479.0,3441.0
2008-04-29,3509.0,3509.0,3475.0,3475.0,106066203,30227,14,3441.0,3475.0
2008-04-30,3544.0,3544.0,3544.0,3544.0,402229824,113496,35,3475.0,3544.0
2008-05-03,3614.0,3614.0,3480.0,3588.0,1836137255,511676,166,3544.0,3588.0
2008-05-04,3517.0,3520.0,3517.0,3517.0,343693213,97721,46,3588.0,3517.0
2008-05-05,3587.0,3587.0,3485.0,3533.0,231867963,65623,33,3517.0,3533.0
2008-05-06,3603.0,3603.0,3575.0,3575.0,851638352,236370,23,3533.0,3575.0
2008-05-07,3646.0,3646.0,3646.0,3646.0,218756354,59999,15,3575.0,3646.0
2008-05-10,3750.0,3755.0,3650.0,3728.0,1562933524,419195,103,3646.0,3728.0
2008-05-11,3839.0,3839.0,3830.0,3838.0,592945193,154477,46,3728.0,3838.0
2008-05-12,3953.0,3953.0,3900.0,3940.0,942090473,239081,74,3838.0,3940.0
2008-05-13,3945.0,3950.0,3856.0,3905.0,1116109439,285781,61,3940.0,3905.0
2008-05-14,3823.0,3851.0,3788.0,3799.0,618888876,162904,46,3905.0,3799.0
2008-05-17,3798.0,3798.0,3722.0,3788.0,59232966,15767,6,3799.0,3788.0
2008-05-18,3716.0,3786.0,3710.0,3738.0,257774695,68946,26,3788.0,3738.0
2008-05-19,3676.0,3703.0,3664.0,3688.0,213336274,57874,20,3738.0,3688.0
2008-05-20,3677.0,3679.0,3586.0,3611.0,365467010,101199,31,3688.0,3611.0
2008-05-21,3719.0,3719.0,3610.0,3679.0,265543417,72167,24,3611.0,3679.0
2008-05-24,3789.0,3789.0,3764.0,3764.0,175604744,46346,18,3679.0,3764.0
2008-05-25,3876.0,3876.0,3800.0,3869.0,224526924,57969,23,3764.0,3869.0
2008-05-26,3875.0,3940.0,3875.0,3884.0,68926162,17584,12,3869.0,3884.0
2008-05-27,3800.0,3920.0,3795.0,3881.0,45672410,11810,6,3884.0,3881.0
2008-05-28,3801.0,3806.0,3765.0,3806.0,162640610,43064,19,3881.0,3806.0
2008-05-31,3800.0,3900.0,3790.0,3821.0,1739812008,458451,29,3806.0,3821.0
2008-06-01,3890.0,3898.0,3849.0,3849.0,107110987,27597,15,3821.0,3849.0
2008-06-02,3899.0,3964.0,3899.0,3937.0,288500242,73262,27,3849.0,3937.0
2008-06-08,4055.0,4055.0,3995.0,3995.0,132984472,32889,14,3937.0,3995.0
2008-06-09,4050.0,4050.0,3883.0,4023.0,212340415,52718,25,3995.0,4023.0
2008-06-10,3904.0,3949.0,3903.0,3949.0,144679469,37066,13,4023.0,3949.0
2008-06-11,3833.0,3840.0,3833.0,3836.0,407437894,106194,37,3949.0,3836.0
2008-06-14,3731.0,3890.0,3724.0,3774.0,170850240,45510,20,3836.0,3774.0
2008-06-15,3800.0,3887.0,3788.0,3854.0,849895089,220489,66,3774.0,3854.0
2008-06-16,3969.0,3969.0,3969.0,3969.0,521923500,131500,22,3854.0,3969.0
2008-06-17,4056.0,4056.0,3970.0,4031.0,410937615,101939,34,3969.0,4031.0
2008-06-18,4050.0,4059.0,3915.0,4012.0,448158118,111686,33,4031.0,4012.0
2008-06-21,4012.0,4090.0,3892.0,3998.0,1271056452,317921,69,4012.0,3998.0
2008-06-22,4090.0,4100.0,4045.0,4045.0,116055034,28318,12,3998.0,4045.0
2008-06-23,4038.0,4150.0,4038.0,4122.0,443535876,107597,27,4045.0,4122.0
2008-06-24,3999.0,4245.0,3999.0,4184.0,427424800,102152,26,4122.0,4184.0
2008-06-25,4220.0,4280.0,4059.0,4250.0,373319089,87828,21,4184.0,4250.0
2008-06-28,4220.0,4289.0,4219.0,4261.0,382675236,89802,29,4250.0,4261.0
2008-06-29,4134.0,4261.0,4134.0,4261.0,1117450,270,5,4261.0,4261.0
2008-06-30,4134.0,4257.0,4134.0,4257.0,7669800,1855,5,4261.0,4257.0
2008-07-02,4130.0,4181.0,4130.0,4181.0,147780170,35782,14,4257.0,4181.0
2008-07-06,4056.0,4179.0,4056.0,4179.0,3095958,763,4,4181.0,4179.0
2008-07-07,4054.0,4177.0,4054.0,4177.0,3147134,776,4,4179.0,4177.0
2008-08-19,3649.0,3700.0,3451.0,3532.0,385453160,109110,23,4177.0,3532.0
2008-08-20,3434.0,3637.0,3427.0,3567.0,285462803,80026,23,3532.0,3567.0
2008-08-23,3674.0,3674.0,3611.0,3611.0,91412164,24881,12,3567.0,3611.0
2008-08-24,3719.0,3719.0,3615.0,3615.0,8589850,2310,3,3611.0,3615.0
2008-08-25,3719.0,3719.0,3707.0,3707.0,197980845,53235,22,3615.0,3707.0
2008-08-26,3733.0,3734.0,3600.0,3715.0,230096440,61921,20,3707.0,3715.0
2008-08-27,3700.0,3780.0,3700.0,3725.0,400497265,107495,24,3715.0,3725.0
2008-08-30,3824.0,3836.0,3766.0,3766.0,92613089,24206,15,3725.0,3766.0
2008-08-31,3878.0,3878.0,3826.0,3826.0,127881992,32986,18,3766.0,3826.0
2008-09-01,3799.0,3800.0,3779.0,3798.0,222093379,58491,16,3826.0,3798.0
2008-09-03,3685.0,3795.0,3685.0,3787.0,23186600,6284,6,3798.0,3787.0
2008-09-10,3674.0,3782.0,3674.0,3782.0,9987012,2718,2,3787.0,3782.0
2008-09-13,3669.0,3773.0,3669.0,3773.0,17942450,4890,5,3782.0,3773.0
2008-09-15,3660.0,3773.0,3660.0,3773.0,1029590,281,2,3773.0,3773.0
2008-09-27,3660.0,3660.0,3660.0,3660.0,6990600,1910,1,3773.0,3660.0
2008-09-28,3551.0,3551.0,3551.0,3551.0,2982840,840,1,3660.0,3551.0
2008-09-29,3445.0,3445.0,3445.0,3445.0,23877295,6931,3,3551.0,3445.0
2008-09-30,3343.0,3343.0,3342.0,3342.0,606746793,181552,57,3445.0,3342.0
2008-10-04,3250.0,3342.0,3244.0,3309.0,79730430,24455,15,3342.0,3309.0
2008-10-05,3210.0,3298.0,3210.0,3298.0,22172350,6907,4,3309.0,3298.0
2008-10-06,3210.0,3396.0,3200.0,3214.0,167575716,52332,17,3298.0,3214.0
2008-10-07,3210.0,3210.0,3118.0,3171.0,87216498,27936,13,3214.0,3171.0
2008-10-08,3077.0,3159.0,3077.0,3159.0,24075004,7823,6,3171.0,3159.0
2008-10-14,3065.0,3158.0,3065.0,3158.0,1564080,510,2,3159.0,3158.0
2008-10-15,3064.0,3065.0,3064.0,3064.0,217252944,70903,24,3158.0,3064.0
2008-10-18,3155.0,3155.0,3056.0,3097.0,138732577,44630,16,3064.0,3097.0
2008-10-19,3096.0,3096.0,3005.0,3034.0,129391649,42996,19,3097.0,3034.0
2008-10-20,3000.0,3033.0,2943.0,3000.0,87429814,29493,16,3034.0,3000.0
2008-10-21,2910.0,2944.0,2910.0,2943.0,114130012,39182,12,3000.0,2943.0
2008-10-22,2915.0,2924.0,2900.0,2924.0,100606680,34567,9,2943.0,2924.0
2008-10-26,2840.0,2877.0,2837.0,2877.0,92324153,32529,14,2924.0,2877.0
2008-10-27,2791.0,2815.0,2791.0,2815.0,119834616,42936,12,2877.0,2815.0
2008-10-28,2793.0,2814.0,2793.0,2814.0,4999680,1790,2,2815.0,2814.0
2008-11-01,2752.0,2799.0,2730.0,2799.0,33752228,12311,7,2814.0,2799.0
2008-11-02,2716.0,2716.0,2716.0,2716.0,177612820,65395,18,2799.0,2716.0
2008-11-03,2797.0,2797.0,2717.0,2717.0,2824170,1010,2,2716.0,2717.0
2008-11-04,2798.0,2798.0,2733.0,2733.0,34202685,12225,6,2717.0,2733.0
2008-11-05,2814.0,2814.0,2741.0,2741.0,17192810,6110,3,2733.0,2741.0
2008-11-08,2823.0,2823.0,2745.0,2745.0,8496450,3010,2,2741.0,2745.0
2008-11-09,2827.0,2827.0,2748.0,2748.0,5681480,2010,2,2745.0,2748.0
2008-11-12,2830.0,2830.0,2749.0,2749.0,2857490,1010,2,2748.0,2749.0
2008-11-17,2831.0,2831.0,2758.0,2758.0,18032740,6370,3,2749.0,2758.0
2008-11-18,2840.0,2840.0,2764.0,2764.0,13460840,4740,3,2758.0,2764.0
2008-11-19,2846.0,2846.0,2846.0,2846.0,284600,100,1,2764.0,2846.0
2008-11-22,2931.0,2931.0,2931.0,2931.0,293100,100,1,2846.0,2931.0
2008-11-23,3018.0,3018.0,3018.0,3018.0,908418,301,3,2931.0,3018.0
2008-11-24,3108.0,3108.0,3108.0,3108.0,395318952,127194,55,3018.0,3108.0
2008-11-25,3201.0,3201.0,3142.0,3142.0,69653170,21760,7,3108.0,3142.0
2008-11-26,3236.0,3236.0,3165.0,3165.0,47361386,14636,9,3142.0,3165.0
2008-11-29,3259.0,3259.0,3124.0,3253.0,622315727,191255,67,3165.0,3253.0
2008-11-30,3157.0,3250.0,3156.0,3250.0,6724220,2130,4,3253.0,3250.0
2008-12-01,3153.0,3248.0,3153.0,3248.0,3015218,956,2,3250.0,3248.0
2008-12-03,3151.0,3248.0,3151.0,3248.0,196332,62,3,3248.0,3248.0
2009-01-19,3151.0,3151.0,3151.0,3247.0,2205700,700,1,3248.0,3151.0
2009-01-20,3150.0,3150.0,3150.0,3203.0,85050000,27000,4,3247.0,3150.0
2009-01-21,3107.0,3107.0,3107.0,3201.0,3156712,1016,1,3203.0,3107.0
2009-01-28,3105.0,3105.0,3105.0,3105.0,190181250,61250,23,3201.0,3105.0
2009-01-31,3012.0,3012.0,3012.0,3095.0,19894260,6605,1,3105.0,3012.0
2009-02-01,3003.0,3003.0,3003.0,3003.0,180180000,60000,15,3095.0,3003.0
2009-02-08,2913.0,2913.0,2913.0,2985.0,35101650,12050,7,3003.0,2913.0
2009-02-09,2896.0,2896.0,2896.0,2984.0,993328,343,1,2985.0,2896.0
2009-02-11,2895.0,2895.0,2895.0,2954.0,58227135,20113,6,2984.0,2895.0
2009-02-14,2866.0,2866.0,2866.0,2925.0,57320000,20000,2,2954.0,2866.0
2009-02-21,2838.0,2838.0,2838.0,2896.0,56760000,20000,2,2925.0,2838.0
2009-02-22,2810.0,2910.0,2810.0,2818.0,981358827,348225,91,2896.0,2811.0
2009-02-23,2781.0,2870.0,2734.0,2747.0,465337048,169376,36,2818.0,2865.0
2009-02-25,2670.0,2829.0,2670.0,2757.0,33953568,12134,7,2747.0,2829.0
2009-02-28,2839.0,2839.0,2839.0,2758.0,2839000,1000,1,2757.0,2839.0
2009-03-02,2840.0,2840.0,2840.0,2791.0,68353120,24068,3,2758.0,2840.0
2009-03-04,2874.0,2874.0,2874.0,2841.0,103308804,35946,6,2791.0,2874.0
2009-03-07,2926.0,2926.0,2926.0,2845.0,8634626,2951,1,2841.0,2926.0
2009-03-08,2930.0,2930.0,2930.0,2865.0,41017070,13999,5,2845.0,2930.0
2009-03-09,2950.0,2950.0,2950.0,2882.0,36237800,12284,4,2865.0,2950.0
2009-03-11,2968.0,2968.0,2968.0,2905.0,48230000,16250,2,2882.0,2968.0
2009-03-14,2992.0,2992.0,2992.0,2943.0,77468864,25892,4,2905.0,2992.0
2009-03-16,3031.0,3031.0,2858.0,3014.0,515950025,171188,59,2943.0,2885.0
2009-03-17,2924.0,3098.0,2924.0,2963.0,260432598,87902,33,3014.0,3098.0
2009-03-18,3051.0,3051.0,3051.0,3004.0,85122900,27900,6,2963.0,3051.0
2009-04-06,3300.0,3460.0,3300.0,3403.0,1137234889,334186,123,3004.0,3408.0
2009-04-07,3499.0,3499.0,3301.0,3310.0,873331928,263853,65,3403.0,3307.0
2009-04-08,3241.0,3409.0,3211.0,3299.0,534575029,162032,45,3310.0,3333.0
2009-04-11,3397.0,3397.0,3397.0,3397.0,471180885,138705,37,3299.0,3397.0
2009-04-12,3480.0,3480.0,3330.0,3404.0,262760720,77194,25,3397.0,3330.0
2009-04-13,3350.0,3351.0,3302.0,3314.0,387189093,116818,36,3404.0,3302.0
2009-04-14,3319.0,3409.0,3250.0,3293.0,250431537,76048,20,3314.0,3250.0
2009-04-15,3293.0,3361.0,3293.0,3329.0,112775280,33596,13,3293.0,3301.0
2009-04-18,3390.0,3428.0,3390.0,3420.0,192817278,56284,15,3329.0,3428.0
2009-04-19,3522.0,3522.0,3521.0,3522.0,777705997,220818,101,3420.0,3522.0
2009-04-20,3624.0,3627.0,3590.0,3618.0,317563300,87770,22,3522.0,3627.0
2009-04-21,3726.0,3726.0,3510.0,3660.0,661255858,180650,38,3618.0,3570.0
2009-04-22,3660.0,3660.0,3600.0,3652.0,104542412,28687,12,3660.0,3650.0
2009-04-25,3761.0,3761.0,3670.0,3752.0,281936196,75141,23,3652.0,3678.0
2009-04-26,3640.0,3640.0,3640.0,3640.0,370133400,101685,30,3752.0,3640.0
2009-04-27,3551.0,3650.0,3531.0,3547.0,232358160,65500,21,3640.0,3650.0
2009-04-28,3541.0,3649.0,3540.0,3556.0,106562160,29887,8,3547.0,3649.0
2009-04-29,3501.0,3600.0,3501.0,3551.0,250930243,70669,28,3556.0,3599.0
2009-05-02,3644.0,3657.0,3644.0,3653.0,363834800,99610,32,3551.0,3657.0
2009-05-03,3700.0,3700.0,3648.0,3657.0,39921952,10866,10,3653.0,3660.0
2009-05-04,3554.0,3554.0,3548.0,3635.0,43973967,12384,10,3657.0,3549.0
2009-05-05,3660.0,3699.0,3600.0,3631.0,83506015,23034,16,3635.0,3622.0
2009-05-06,3631.0,3739.0,3631.0,3721.0,500257353,134449,37,3631.0,3739.0
2009-05-09,3760.0,3832.0,3760.0,3819.0,219650673,57452,20,3721.0,3832.0
2009-05-10,3933.0,3933.0,3825.0,3929.0,293681286,74746,33,3819.0,3825.0
2009-05-11,3900.0,3900.0,3812.0,3836.0,191401600,50140,18,3929.0,3812.0
2009-05-12,3835.0,3835.0,3724.0,3824.0,33421505,8903,4,3836.0,3724.0
2009-05-13,3830.0,3937.0,3710.0,3757.0,202684050,54060,18,3824.0,3710.0
2009-05-16,3670.0,3670.0,3645.0,3737.0,46382150,12670,4,3757.0,3645.0
2009-05-17,3630.0,3733.0,3630.0,3700.0,99902090,27326,11,3737.0,3635.0
2009-05-18,3778.0,3778.0,3778.0,3700.0,755600,200,1,3700.0,3778.0
2009-05-19,3601.0,3601.0,3589.0,3613.0,187172877,51993,13,3700.0,3589.0
2009-05-20,3505.0,3611.0,3505.0,3580.0,110300251,31076,12,3613.0,3600.0
2009-05-23,3506.0,3687.0,3506.0,3687.0,984524411,267058,123,3580.0,3687.0
2009-05-24,3747.0,3750.0,3747.0,3699.0,42946996,11460,7,3687.0,3750.0
2009-05-25,3601.0,3602.0,3601.0,3686.0,28878951,8019,4,3699.0,3602.0
2009-05-26,3697.0,3697.0,3697.0,3686.0,976008,264,1,3686.0,3697.0
2009-05-27,3694.0,3702.0,3694.0,3696.0,171782649,46441,15,3686.0,3700.0
2009-05-31,3710.0,3789.0,3701.0,3723.0,190555906,51113,18,3696.0,3706.0
2009-06-01,3750.0,3790.0,3750.0,3751.0,113797910,30119,10,3723.0,3780.0
2009-06-02,3770.0,3770.0,3770.0,3753.0,18224180,4834,1,3751.0,3770.0
2009-06-03,3777.0,3778.0,3777.0,3774.0,196008135,51895,13,3753.0,3778.0
2009-06-06,3780.0,3780.0,3661.0,3768.0,34438503,9218,6,3774.0,3750.0
2009-06-07,3740.0,3750.0,3739.0,3745.0,189313368,50604,10,3768.0,3750.0
2009-06-08,3750.0,3770.0,3750.0,3747.0,66925000,17836,3,3745.0,3750.0
2009-06-09,3780.0,3859.0,3780.0,3830.0,330020168,86169,20,3747.0,3859.0
2009-06-10,3944.0,3944.0,3830.0,3943.0,1670336743,423602,104,3830.0,3830.0
2009-06-13,3825.0,3825.0,3825.0,3825.0,229117500,59900,13,3943.0,3825.0
2009-06-14,3711.0,3730.0,3711.0,3718.0,920072459,247469,54,3825.0,3711.0
2009-06-22,3123.0,3262.0,3123.0,3173.0,49811400,15700,3,3368.0,3262.0
2009-06-23,3268.0,3268.0,3268.0,3268.0,1703807748,521361,111,3173.0,3268.0
2009-06-24,3366.0,3366.0,3366.0,3276.0,16830000,5000,2,3268.0,3366.0
2009-06-27,3374.0,3374.0,3373.0,3374.0,541581732,160518,46,3276.0,3374.0
2009-06-28,3400.0,3473.0,3400.0,3435.0,210331500,61223,16,3374.0,3412.0
2009-06-29,3360.0,3360.0,3332.0,3369.0,142637407,42670,13,3435.0,3332.0
2009-06-30,3400.0,3470.0,3400.0,3466.0,973560830,280853,63,3369.0,3470.0
2009-07-01,3566.0,3568.0,3560.0,3530.0,138475717,38853,10,3466.0,3560.0
2009-07-04,3427.0,3599.0,3427.0,3517.0,85249698,24374,4,3530.0,3599.0
2009-07-05,3499.0,3579.0,3470.0,3535.0,134540230,37939,10,3517.0,3470.0
2009-07-07,3431.0,3431.0,3431.0,3532.0,6625261,1931,1,3535.0,3431.0
2009-07-11,3500.0,3500.0,3500.0,3530.0,14000000,4000,1,3532.0,3500.0
2009-07-12,3455.0,3550.0,3455.0,3529.0,12656385,3598,4,3530.0,3550.0
2009-07-13,3549.0,3630.0,3499.0,3548.0,94844930,26560,11,3529.0,3630.0
2009-07-14,3625.0,3625.0,3625.0,3551.0,7279000,2008,1,3548.0,3625.0
2009-07-15,3623.0,3624.0,3620.0,3571.0,61611224,17018,4,3551.0,3620.0
2009-07-18,3550.0,3550.0,3549.0,3566.0,51562490,14525,3,3571.0,3549.0
2009-07-19,3460.0,3560.0,3460.0,3537.0,87430200,25000,6,3566.0,3560.0
2009-07-22,3613.0,3620.0,3432.0,3556.0,65334738,18154,5,3537.0,3437.0
2009-07-25,3565.0,3565.0,3565.0,3559.0,59688795,16743,4,3556.0,3565.0
2009-07-27,3453.0,3453.0,3453.0,3540.0,36256500,10500,2,3559.0,3453.0
2009-07-29,3434.0,3453.0,3434.0,3490.0,102770448,29872,8,3540.0,3453.0
2009-08-01,3433.0,3594.0,3433.0,3524.0,176561393,50000,12,3490.0,3594.0
2009-08-02,3432.0,3432.0,3419.0,3513.0,21414037,6260,3,3524.0,3420.0
2009-08-03,3420.0,3420.0,3408.0,3409.0,204540000,60000,16,3513.0,3408.0
2009-08-04,3310.0,3310.0,3310.0,3392.0,34215470,10337,2,3409.0,3310.0
2009-08-05,3340.0,3378.0,3340.0,3384.0,91092000,27000,11,3392.0,3378.0
2009-08-08,3374.0,3374.0,3291.0,3363.0,53330864,16136,6,3384.0,3291.0
2009-08-09,3374.0,3400.0,3374.0,3372.0,101433536,30000,7,3363.0,3400.0
2009-08-10,3361.0,3361.0,3350.0,3371.0,20151000,6000,3,3372.0,3350.0
2009-08-11,3279.0,3279.0,3277.0,3358.0,28507792,8696,5,3371.0,3277.0
2009-08-12,3434.0,3434.0,3275.0,3305.0,1093541082,330893,33,3358.0,3400.0
2009-08-15,3404.0,3404.0,3404.0,3307.0,3404000,1000,1,3305.0,3404.0
2009-08-16,3406.0,3406.0,3406.0,3363.0,116171848,34108,9,3307.0,3406.0
2009-08-17,3455.0,3462.0,3450.0,3415.0,111475800,32220,5,3363.0,3450.0
2009-08-18,3415.0,3416.0,3415.0,3415.0,35713949,10456,5,3415.0,3416.0
2009-08-19,3415.0,3415.0,3415.0,3415.0,11238765,3291,2,3415.0,3415.0
2009-08-22,3400.0,3400.0,3313.0,3412.0,8635257,2589,3,3415.0,3313.0
2009-08-23,3337.0,3337.0,3310.0,3311.0,390513152,117932,25,3412.0,3310.0
2009-08-24,3380.0,3410.0,3380.0,3383.0,157179310,46173,15,3311.0,3400.0
2009-08-25,3390.0,3390.0,3282.0,3323.0,162560856,49108,14,3383.0,3282.0
2009-08-26,3323.0,3422.0,3280.0,3321.0,48941428,14772,6,3323.0,3349.0
2009-08-29,3419.0,3419.0,3389.0,3323.0,4570778,1342,2,3321.0,3389.0
2009-08-30,3286.0,3300.0,3280.0,3317.0,34121850,10382,5,3323.0,3287.0
2009-08-31,3218.0,3218.0,3218.0,3300.0,32180000,10000,4,3317.0,3218.0
2009-09-02,3300.0,3300.0,3300.0,3300.0,458700,139,1,3300.0,3300.0
2009-09-05,3379.0,3379.0,3306.0,3301.0,16249019,4899,3,3300.0,3306.0
2009-09-06,3371.0,3400.0,3371.0,3395.0,323533996,95302,36,3301.0,3400.0
2009-09-07,3496.0,3496.0,3480.0,3495.0,234222616,67014,19,3395.0,3496.0
2009-09-08,3599.0,3599.0,3599.0,3544.0,102665074,28526,7,3495.0,3599.0
2009-09-09,3650.0,3650.0,3650.0,3590.0,94235700,25818,8,3544.0,3650.0
2009-09-13,3697.0,3697.0,3696.0,3697.0,863378289,233537,56,3590.0,3696.0
2009-09-14,3600.0,3690.0,3587.0,3653.0,151222228,41621,14,3697.0,3603.0
2009-09-15,3544.0,3550.0,3544.0,3642.0,21037142,5933,4,3653.0,3544.0
2009-09-16,3533.0,3640.0,3533.0,3616.0,125730161,34952,11,3642.0,3600.0
2009-09-19,3670.0,3670.0,3508.0,3545.0,198239000,56000,25,3616.0,3508.0
2009-09-22,3500.0,3520.0,3500.0,3519.0,124758764,35632,6,3545.0,3501.0
2009-09-23,3620.0,3623.0,3596.0,3570.0,123811273,34306,23,3519.0,3623.0
2009-09-26,3483.0,3676.0,3482.0,3604.0,203703342,56481,19,3570.0,3600.0
2009-09-27,3650.0,3711.0,3525.0,3616.0,217862166,60253,19,3604.0,3711.0
2009-09-28,3724.0,3724.0,3616.0,3647.0,66423802,17857,9,3616.0,3616.0
2009-09-29,3560.0,3740.0,3560.0,3702.0,470453520,127091,32,3647.0,3740.0
2009-09-30,3750.0,3799.0,3750.0,3703.0,4809400,1275,3,3702.0,3799.0
2009-10-03,3814.0,3814.0,3730.0,3717.0,74064742,19775,8,3703.0,3730.0
2009-10-04,3717.0,3718.0,3717.0,3717.0,42951272,11555,8,3717.0,3717.0
2009-10-05,3827.0,3827.0,3717.0,3752.0,132994389,35222,15,3717.0,3717.0
2009-10-06,3799.0,3799.0,3780.0,3771.0,103506594,27291,10,3752.0,3789.0
2009-10-07,3800.0,3800.0,3720.0,3775.0,56374540,14880,7,3771.0,3720.0
2009-10-10,3700.0,3700.0,3662.0,3695.0,167227058,45566,10,3775.0,3662.0
2009-10-11,3600.0,3600.0,3585.0,3638.0,115295115,32133,14,3695.0,3585.0
2009-10-12,3565.0,3690.0,3565.0,3636.0,8352375,2325,2,3638.0,3690.0
2009-10-13,3532.0,3532.0,3531.0,3625.0,22462160,6360,2,3636.0,3531.0
2009-10-17,3578.0,3670.0,3517.0,3605.0,71794725,20133,12,3625.0,3520.0
2009-10-18,3534.0,3534.0,3501.0,3577.0,75077866,21292,8,3605.0,3501.0
2009-10-19,3500.0,3560.0,3492.0,3548.0,138661218,39248,12,3577.0,3560.0
2009-10-20,3548.0,3599.0,3520.0,3568.0,125156717,34937,14,3548.0,3520.0
2009-10-21,3675.0,3675.0,3674.0,3675.0,231523000,63000,17,3568.0,3675.0
2009-10-24,3650.0,3661.0,3574.0,3644.0,160961403,44309,16,3675.0,3574.0
2009-10-25,3535.0,3563.0,3535.0,3536.0,731612446,206895,50,3644.0,3562.0
2009-10-26,3642.0,3642.0,3564.0,3546.0,51337746,14344,9,3536.0,3564.0
2009-10-27,3652.0,3652.0,3650.0,3557.0,23396600,6410,2,3546.0,3650.0
2009-10-28,3530.0,3639.0,3530.0,3557.0,49816497,14008,7,3557.0,3639.0
2009-10-31,3520.0,3661.0,3520.0,3564.0,18417180,5059,4,3557.0,3661.0
2009-11-01,3662.0,3670.0,3600.0,3607.0,102295865,27972,12,3564.0,3670.0
2009-11-02,3715.0,3715.0,3715.0,3613.0,12389525,3335,2,3607.0,3715.0
2009-11-03,3721.0,3721.0,3715.0,3714.0,209677485,56361,17,3613.0,3721.0
2009-11-04,3825.0,3825.0,3721.0,3762.0,120702345,31723,10,3714.0,3721.0
2009-11-07,3721.0,3789.0,3721.0,3756.0,36206639,9723,5,3762.0,3721.0
2009-11-08,3721.0,3721.0,3650.0,3730.0,55201801,15115,6,3756.0,3650.0
2009-11-09,3650.0,3699.0,3600.0,3703.0,51555925,14260,5,3730.0,3699.0
2009-11-10,3610.0,3610.0,3610.0,3700.0,7220000,2000,1,3703.0,3610.0
2009-11-11,3620.0,3620.0,3613.0,3692.0,20830232,5757,3,3700.0,3613.0
2009-11-14,3614.0,3614.0,3563.0,3676.0,31815308,8876,8,3692.0,3592.0
2009-11-15,3567.0,3567.0,3549.0,3629.0,83520652,23488,12,3676.0,3550.0
2009-11-16,3531.0,3531.0,3530.0,3613.0,35305000,10000,3,3629.0,3530.0
2009-11-17,3522.0,3620.0,3521.0,3586.0,143827648,40262,7,3613.0,3620.0
2009-11-18,3600.0,3629.0,3529.0,3584.0,94122251,26288,9,3586.0,3629.0
2009-11-21,3660.0,3660.0,3500.0,3532.0,343347570,97197,19,3584.0,3580.0
2009-11-22,3461.0,3499.0,3412.0,3481.0,163184016,47068,7,3532.0,3499.0
2009-11-24,3601.0,3601.0,3384.0,3479.0,5734067,1677,3,3481.0,3384.0
2009-11-25,3478.0,3600.0,3478.0,3500.0,60113064,16921,6,3479.0,3600.0
2009-11-29,3381.0,3381.0,3378.0,3455.0,74647776,22092,9,3500.0,3379.0
2009-11-30,3400.0,3400.0,3400.0,3452.0,12260400,3606,2,3455.0,3400.0
2009-12-01,3374.0,3374.0,3374.0,3449.0,8435000,2500,1,3452.0,3374.0
2009-12-02,3400.0,3400.0,3400.0,3448.0,2811800,827,1,3449.0,3400.0
2009-12-05,3450.0,3450.0,3450.0,3448.0,1311000,380,1,3448.0,3450.0
2009-12-07,3454.0,3568.0,3453.0,3468.0,40515206,11400,3,3448.0,3568.0
2009-12-08,3589.0,3589.0,3589.0,3474.0,10767000,3000,2,3468.0,3589.0
2009-12-09,3595.0,3595.0,3595.0,3478.0,7190000,2000,1,3474.0,3595.0
2009-12-12,3597.0,3598.0,3597.0,3514.0,65519178,18211,5,3478.0,3598.0
2009-12-13,3402.0,3403.0,3402.0,3487.0,48779474,14337,6,3514.0,3402.0
2009-12-14,3580.0,3580.0,3580.0,3489.0,3633700,1015,1,3487.0,3580.0
2009-12-15,3370.0,3417.0,3370.0,3461.0,56022916,16534,5,3489.0,3417.0
2009-12-16,3340.0,3558.0,3340.0,3459.0,8169260,2390,4,3461.0,3558.0
2009-12-19,3338.0,3338.0,3338.0,3457.0,3358028,1006,1,3459.0,3338.0
2009-12-21,3422.0,3423.0,3399.0,3429.0,129028583,37803,20,3457.0,3400.0
2009-12-23,3350.0,3350.0,3350.0,3420.0,22491900,6714,1,3429.0,3350.0
2009-12-29,3301.0,3301.0,3301.0,3301.0,210607101,63801,10,3420.0,3301.0
2010-01-03,3350.0,3350.0,3350.0,3305.0,14783550,4413,1,3301.0,3350.0
2010-01-04,3301.0,3400.0,3301.0,3332.0,74384585,22011,7,3305.0,3400.0
2010-01-05,3448.0,3448.0,3399.0,3339.0,18066700,5300,3,3332.0,3400.0
2010-01-11,3402.0,3402.0,3402.0,3368.0,95256000,28000,1,3339.0,3402.0
2010-01-12,3485.0,3485.0,3485.0,3377.0,15682500,4500,2,3368.0,3485.0
2010-01-13,3495.0,3495.0,3495.0,3383.0,10485000,3000,1,3377.0,3495.0
2010-01-16,3501.0,3501.0,3501.0,3389.0,10503000,3000,1,3383.0,3501.0
2010-01-19,3507.0,3507.0,3507.0,3393.0,6656286,1898,1,3389.0,3507.0
2010-01-24,3511.0,3511.0,3511.0,3393.0,266836,76,1,3393.0,3511.0
2010-01-26,3511.0,3511.0,3511.0,3511.0,35110000,10000,1,3393.0,3511.0
2010-01-27,3633.0,3633.0,3633.0,3633.0,29064,8,1,3511.0,3633.0
2010-01-30,3758.0,3758.0,3511.0,3729.0,1126396213,302093,42,3633.0,3600.0
2010-01-31,3604.0,3830.0,3604.0,3739.0,869667902,232597,42,3729.0,3740.0
2010-02-01,3711.0,3739.0,3700.0,3737.0,45868612,12296,13,3739.0,3739.0
2010-02-02,3749.0,3769.0,3726.0,3756.0,152320141,40456,20,3737.0,3769.0
2010-02-03,3799.0,3799.0,3760.0,3786.0,176452281,46503,15,3756.0,3760.0
2010-02-06,3800.0,3829.0,3800.0,3804.0,232901893,61229,16,3786.0,3800.0
2010-02-07,3755.0,3937.0,3755.0,3885.0,1676814969,431558,60,3804.0,3937.0
2010-02-08,3920.0,3959.0,3901.0,3946.0,282360628,71556,25,3885.0,3916.0
2010-02-09,3946.0,4011.0,3946.0,3971.0,133233684,33390,18,3946.0,3990.0
2010-02-10,3999.0,3999.0,3909.0,3952.0,403349247,102050,23,3971.0,3909.0
2010-02-14,3950.0,3950.0,3903.0,3932.0,500987850,127429,39,3952.0,3924.0
2010-02-16,3990.0,4069.0,3941.0,4041.0,696890080,172464,41,3932.0,4069.0
2010-02-20,4250.0,4250.0,4004.0,4033.0,735208436,182284,58,4041.0,4004.0
2010-02-21,4027.0,4027.0,3892.0,3944.0,200324000,51000,15,4033.0,3999.0
2010-02-22,3841.0,3900.0,3841.0,3926.0,90948328,23338,8,3944.0,3900.0
2010-02-23,3825.0,3871.0,3825.0,3874.0,191589362,49596,13,3926.0,3870.0
2010-02-24,3920.0,3920.0,3890.0,3911.0,428027000,109453,21,3874.0,3900.0
2010-02-27,3940.0,3940.0,3866.0,3910.0,42847260,10969,5,3911.0,3902.0
2010-02-28,3900.0,3900.0,3817.0,3886.0,71043826,18539,7,3910.0,3820.0
2010-03-01,3851.0,3903.0,3851.0,3896.0,230514288,59165,18,3886.0,3900.0
2010-03-02,3950.0,3960.0,3900.0,3926.0,246213880,62712,17,3896.0,3960.0
2010-03-03,3999.0,4020.0,3991.0,4006.0,449922141,112315,27,3926.0,4000.0
2010-03-06,4020.0,4070.0,4020.0,4056.0,627789492,154762,14,4006.0,4032.0
2010-03-07,4070.0,4071.0,4025.0,4043.0,323462045,80000,13,4056.0,4042.0
2010-03-08,4022.0,4050.0,4020.0,4033.0,182384778,45263,11,4043.0,4050.0
2010-03-09,4020.0,4022.0,4020.0,4028.0,95828375,23832,10,4033.0,4021.0
2010-03-10,4025.0,4025.0,4020.0,4025.0,165503640,41132,6,4028.0,4021.0
2010-03-13,4060.0,4165.0,4060.0,4129.0,790368190,191410,33,4025.0,4165.0
2010-03-14,4174.0,4174.0,4100.0,4125.0,87528565,21250,6,4129.0,4121.0
2010-03-15,4050.0,4050.0,4035.0,4115.0,27058000,6700,3,4125.0,4035.0
2010-03-16,4051.0,4052.0,4050.0,4082.0,123575755,30505,6,4115.0,4050.0
2010-03-17,4050.0,4100.0,4044.0,4061.0,235219110,57934,16,4082.0,4050.0
2010-03-27,4199.0,4199.0,4197.0,4067.0,10423511,2483,2,4061.0,4197.0
2010-03-28,4156.0,4203.0,4156.0,4092.0,62631554,15035,8,4067.0,4203.0
2010-03-29,4200.0,4235.0,4200.0,4234.0,359998776,85035,28,4092.0,4235.0
2010-03-30,4382.0,4382.0,4382.0,4251.0,29661758,6769,3,4234.0,4382.0
2010-03-31,4398.0,4399.0,4398.0,4399.0,489906226,111374,45,4251.0,4399.0
2010-04-03,4552.0,4552.0,4552.0,4552.0,321407616,70608,16,4399.0,4552.0
2010-04-04,4709.0,4711.0,4695.0,4710.0,341778036,72562,21,4552.0,4695.0
2010-04-05,4695.0,4695.0,4546.0,4675.0,63310324,13882,8,4710.0,4546.0
2010-04-06,4512.0,4599.0,4512.0,4561.0,206823784,45699,15,4675.0,4599.0
2010-04-07,4560.0,4618.0,4560.0,4580.0,174495970,38005,17,4561.0,4580.0
2010-04-10,4600.0,4600.0,4499.0,4540.0,182695152,40419,12,4580.0,4500.0
2010-04-11,4402.0,4403.0,4400.0,4402.0,428164813,97275,11,4540.0,4403.0
2010-04-12,4403.0,4500.0,4403.0,4406.0,124389909,28206,12,4402.0,4411.0
2010-04-13,4405.0,4410.0,4370.0,4394.0,171051113,38991,13,4406.0,4370.0
2010-04-14,4384.0,4384.0,4251.0,4389.0,17025076,3939,5,4394.0,4251.0
2010-04-17,4251.0,4251.0,4236.0,4383.0,9710288,2288,3,4389.0,4236.0
2010-04-18,4231.0,4300.0,4230.0,4231.0,325780060,77000,22,4383.0,4300.0
2010-04-19,4231.0,4251.0,4200.0,4234.0,116612250,27517,9,4231.0,4251.0
2010-04-20,4329.0,4329.0,4329.0,4275.0,110770452,25588,9,4234.0,4329.0
2010-04-21,4329.0,4340.0,4281.0,4315.0,435959680,101040,21,4275.0,4281.0
2010-04-24,4280.0,4301.0,4250.0,4266.0,281294200,65943,15,4315.0,4250.0
2010-04-25,4250.0,4250.0,4211.0,4235.0,430738710,101709,16,4266.0,4230.0
2010-04-26,4210.0,4380.0,4210.0,4226.0,186752983,44221,9,4235.0,4380.0
2010-04-27,4211.0,4224.0,4200.0,4211.0,269978484,64120,13,4226.0,4224.0
2010-04-28,4355.0,4355.0,4210.0,4242.0,150318901,35261,11,4211.0,4210.0
2010-05-01,4251.0,4251.0,4251.0,4243.0,18615129,4379,2,4242.0,4251.0
2010-05-03,4250.0,4250.0,4220.0,4242.0,25930890,6130,5,4243.0,4220.0
2010-05-04,4300.0,4390.0,4300.0,4372.0,278928220,63796,10,4242.0,4390.0
2010-05-05,4380.0,4525.0,4380.0,4457.0,877532720,196910,22,4372.0,4525.0
2010-05-08,4599.0,4612.0,4457.0,4573.0,637454377,139397,28,4457.0,4612.0
2010-05-09,4627.0,4700.0,4627.0,4658.0,512364876,110000,12,4573.0,4699.0
2010-05-10,4690.0,4690.0,4501.0,4639.0,935534476,201655,16,4658.0,4501.0
2010-05-11,4480.0,4480.0,4477.0,4630.0,15722959,3511,4,4639.0,4477.0
2010-05-12,4468.0,4468.0,4468.0,4629.0,1474440,330,1,4630.0,4468.0
2010-05-15,4467.0,4467.0,4467.0,4624.0,9014406,2018,2,4629.0,4467.0
2010-05-16,4463.0,4463.0,4463.0,4515.0,180497109,40443,8,4624.0,4463.0
2010-05-18,4463.0,4515.0,4463.0,4506.0,91596382,20411,9,4515.0,4515.0
2010-05-19,4401.0,4450.0,4349.0,4456.0,145265830,32900,13,4506.0,4349.0
2010-05-23,4449.0,4500.0,4449.0,4473.0,103567020,23156,7,4456.0,4460.0
2010-05-24,4460.0,4460.0,4320.0,4369.0,625763899,143238,25,4473.0,4350.0
2010-05-25,4350.0,4373.0,4350.0,4363.0,152303847,34938,8,4369.0,4371.0
2010-05-26,4439.0,4513.0,4400.0,4444.0,280051898,63023,12,4363.0,4513.0
2010-05-29,4549.0,4599.0,4376.0,4469.0,465475237,104163,22,4444.0,4376.0
2010-05-30,4450.0,4450.0,4381.0,4463.0,19993750,4555,4,4469.0,4381.0
2010-05-31,4450.0,4450.0,4400.0,4461.0,34406500,7732,3,4463.0,4400.0
2010-06-01,4370.0,4460.0,4350.0,4428.0,131858800,30000,8,4461.0,4460.0
2010-06-02,4428.0,4428.0,4361.0,4426.0,9754071,2235,2,4428.0,4361.0
2010-06-06,4400.0,4400.0,4350.0,4407.0,77982114,17874,8,4426.0,4350.0
2010-06-07,4321.0,4321.0,4321.0,4402.0,13650039,3159,1,4407.0,4321.0
2010-06-08,4271.0,4272.0,4271.0,4382.0,39566002,9262,3,4402.0,4272.0
2010-06-09,4229.0,4350.0,4229.0,4336.0,167321955,38820,9,4382.0,4350.0
2010-06-22,4200.0,4200.0,4200.0,4200.0,22936200,5461,3,3936.0,4200.0
2010-06-23,4347.0,4347.0,4344.0,4346.0,569516357,131051,25,4200.0,4347.0
2010-06-27,4498.0,4498.0,4479.0,4496.0,1454835802,323550,46,4346.0,4498.0
2010-06-28,4675.0,4675.0,4496.0,4668.0,1735622294,371798,109,4496.0,4675.0
2010-06-29,4854.0,4854.0,4711.0,4834.0,2351737108,486457,76,4668.0,4841.0
2010-06-30,4800.0,4800.0,4663.0,4719.0,642810115,136225,23,4834.0,4663.0
2010-07-03,4687.0,4697.0,4650.0,4684.0,216335776,46290,22,4719.0,4695.0
2010-07-04,4675.0,4675.0,4499.0,4602.0,290646188,63156,23,4684.0,4601.0
2010-07-05,4551.0,4745.0,4540.0,4604.0,487647081,105913,24,4602.0,4740.0
2010-07-06,4700.0,4700.0,4511.0,4579.0,101624692,22404,8,4604.0,4550.0
2010-07-07,4555.0,4650.0,4555.0,4615.0,235894884,51044,18,4579.0,4649.0
2010-07-11,4690.0,4739.0,4690.0,4645.0,85720090,18188,12,4615.0,4712.0
2010-07-12,4700.0,4700.0,4610.0,4650.0,122446580,26300,11,4645.0,4610.0
2010-07-13,4600.0,4660.0,4571.0,4643.0,80821774,17471,9,4650.0,4660.0
2010-07-14,4600.0,4699.0,4600.0,4648.0,201016780,43226,16,4643.0,4699.0
2010-07-17,4700.0,4718.0,4670.0,4673.0,159196094,33930,11,4648.0,4700.0
2010-07-18,4716.0,4799.0,4700.0,4751.0,1027060928,216192,58,4673.0,4798.0
2010-07-19,4800.0,4849.0,4800.0,4832.0,543851762,112562,38,4751.0,4830.0
2010-07-20,4820.0,4820.0,4639.0,4775.0,209167569,43993,21,4832.0,4639.0
2010-07-24,4660.0,4660.0,4586.0,4725.0,95665862,20667,12,4775.0,4592.0
2010-07-25,4552.0,4690.0,4552.0,4696.0,88729330,19153,9,4725.0,4680.0
2010-07-26,4581.0,4660.0,4568.0,4643.0,200559054,43391,13,4696.0,4610.0
2010-07-28,4645.0,4645.0,4610.0,4643.0,35633420,7680,5,4643.0,4610.0
2010-07-31,4600.0,4600.0,4569.0,4625.0,82115048,17924,11,4643.0,4574.0
2010-08-01,4560.0,4580.0,4501.0,4577.0,165576407,36425,19,4625.0,4580.0
2010-08-02,4531.0,4673.0,4531.0,4580.0,42101681,9158,8,4577.0,4613.0
2010-08-03,4590.0,4590.0,4400.0,4486.0,509445194,113556,30,4580.0,4450.0
2010-08-04,4403.0,4599.0,4403.0,4542.0,182211621,39871,13,4486.0,4580.0
2010-08-07,4426.0,4723.0,4426.0,4686.0,752430764,160556,32,4542.0,4722.0
2010-08-08,4749.0,4860.0,4730.0,4799.0,234907594,48686,15,4686.0,4730.0
2010-08-09,4839.0,4843.0,4680.0,4762.0,294994026,61947,25,4799.0,4680.0
2010-08-10,4750.0,4788.0,4640.0,4760.0,51716623,10886,6,4762.0,4640.0
2010-08-11,4761.0,4761.0,4700.0,4731.0,802345620,169587,15,4760.0,4700.0
2010-08-14,4700.0,4700.0,4691.0,4723.0,71784300,15279,5,4731.0,4700.0
2010-08-15,4651.0,4670.0,4620.0,4712.0,48303964,10373,6,4723.0,4670.0
2010-08-16,4580.0,4590.0,4551.0,4624.0,183693260,40100,12,4712.0,4590.0
2010-08-17,4600.0,4600.0,4588.0,4615.0,92082268,20026,8,4624.0,4600.0
2010-08-18,4600.0,4799.0,4600.0,4711.0,847211398,179830,28,4615.0,4740.0
2010-08-21,4750.0,4899.0,4750.0,4874.0,1369228799,280907,61,4711.0,4899.0
2010-08-22,4950.0,5068.0,4950.0,5021.0,1322616178,263402,54,4874.0,5068.0
2010-08-23,5219.0,5221.0,5100.0,5198.0,969846604,186596,60,5021.0,5221.0
2010-08-24,5404.0,5405.0,5399.0,5404.0,1515657619,280470,100,5198.0,5405.0
2010-08-25,5620.0,5620.0,5504.0,5602.0,1768885545,315776,87,5404.0,5620.0
2010-08-28,5826.0,5826.0,5581.0,5786.0,717401768,123986,43,5602.0,5750.0
2010-08-29,5670.0,5670.0,5555.0,5717.0,109294000,19600,20,5786.0,5555.0
2010-08-30,5489.0,5489.0,5489.0,5702.0,21626660,3940,3,5717.0,5489.0
2010-08-31,5474.0,5474.0,5474.0,5689.0,19016676,3474,5,5702.0,5474.0
2010-09-04,5462.0,5462.0,5462.0,5681.0,11470200,2100,3,5689.0,5462.0
2010-09-05,5454.0,5454.0,5454.0,5454.0,833043960,152740,30,5681.0,5454.0
2010-09-06,5236.0,5500.0,5236.0,5350.0,1016960112,190089,48,5454.0,5500.0
2010-09-07,5410.0,5412.0,5400.0,5404.0,400626594,74140,15,5350.0,5401.0
2010-09-08,5564.0,5564.0,5400.0,5484.0,324478602,59158,21,5404.0,5400.0
2010-09-12,5540.0,5540.0,5265.0,5438.0,152123503,28248,12,5484.0,5265.0
2010-09-13,5251.0,5300.0,5251.0,5399.0,73912858,14026,5,5438.0,5253.0
2010-09-14,5448.0,5448.0,5250.0,5388.0,41330696,7782,6,5399.0,5350.0
2010-09-15,5173.0,5181.0,5173.0,5374.0,21069451,4071,3,5388.0,5181.0
2010-09-18,5190.0,5190.0,5160.0,5284.0,137832110,26657,20,5374.0,5161.0
2010-09-19,5073.0,5100.0,5073.0,5231.0,85338520,16750,9,5284.0,5100.0
2010-09-20,5150.0,5150.0,5027.0,5158.0,126263916,24980,12,5231.0,5100.0
2010-09-21,5100.0,5101.0,5100.0,5143.0,77020100,15101,3,5158.0,5100.0
2010-09-22,5139.0,5143.0,5061.0,5142.0,31805666,6198,5,5143.0,5061.0
2010-09-25,5101.0,5200.0,5101.0,5143.0,35053784,6804,5,5142.0,5200.0
2010-09-26,5200.0,5200.0,5124.0,5146.0,102213368,19841,10,5143.0,5124.0
2010-09-27,5150.0,5150.0,5080.0,5139.0,48767888,9562,7,5146.0,5080.0
2010-09-29,5001.0,5010.0,4934.0,5078.0,118622288,23795,12,5139.0,4935.0
2010-10-02,4900.0,4901.0,4875.0,4942.0,202554908,41490,22,5078.0,4880.0
2010-10-03,4942.0,4942.0,4882.0,4935.0,124237483,25223,13,4942.0,4942.0
2010-10-05,4941.0,4950.0,4941.0,4938.0,64028778,12938,7,4935.0,4950.0
2010-10-06,5000.0,5000.0,4881.0,4935.0,101322909,20551,14,4938.0,4881.0
2010-10-09,4800.0,4800.0,4738.0,4828.0,165880238,34918,14,4935.0,4738.0
2010-10-10,4636.0,4636.0,4635.0,4809.0,27813000,6000,6,4828.0,4635.0
2010-10-11,4651.0,4651.0,4617.0,4726.0,135982206,29306,8,4809.0,4617.0
2010-10-12,4538.0,4550.0,4537.0,4658.0,99653070,21954,14,4726.0,4537.0
2010-10-13,4472.0,4472.0,4472.0,4655.0,4472000,1000,1,4658.0,4472.0
2010-10-16,4469.0,4469.0,4469.0,4649.0,8938000,2000,2,4655.0,4469.0
2010-10-17,4464.0,4649.0,4464.0,4532.0,207524889,46143,17,4649.0,4500.0
2010-10-18,4700.0,4713.0,4700.0,4712.0,323416042,68634,24,4532.0,4713.0
2010-10-19,4890.0,4890.0,4702.0,4737.0,57490670,11877,5,4712.0,4702.0
2010-10-20,4551.0,4600.0,4548.0,4697.0,62996340,13800,9,4737.0,4551.0
2010-10-23,4600.0,4695.0,4580.0,4674.0,132465447,28500,8,4697.0,4695.0
2010-10-24,4631.0,4631.0,4488.0,4628.0,94026349,20706,9,4674.0,4488.0
2010-10-25,4443.0,4443.0,4443.0,4614.0,20464458,4606,3,4628.0,4443.0
2010-10-27,4430.0,4430.0,4430.0,4430.0,268015000,60500,5,4614.0,4430.0
2010-10-30,4260.0,4310.0,4253.0,4279.0,1325210310,309708,38,4430.0,4253.0
2010-11-01,4200.0,4200.0,4130.0,4259.0,43171020,10368,5,4279.0,4130.0
2010-11-02,4398.0,4398.0,4300.0,4267.0,43098000,10000,7,4259.0,4300.0
2010-11-03,4111.0,4350.0,4111.0,4299.0,171740217,39797,13,4267.0,4350.0
2010-11-06,4419.0,4420.0,4300.0,4328.0,109294105,25021,12,4299.0,4390.0
2010-11-07,4380.0,4380.0,4230.0,4306.0,121889986,28475,10,4328.0,4230.0
2010-11-08,4142.0,4142.0,4142.0,4305.0,2071000,500,1,4306.0,4142.0
2010-11-09,4300.0,4300.0,4300.0,4305.0,4966500,1155,1,4305.0,4300.0
2010-11-13,4289.0,4289.0,4133.0,4266.0,88440621,21087,6,4305.0,4133.0
2010-11-14,4110.0,4133.0,4100.0,4178.0,135646823,33034,12,4266.0,4120.0
2010-11-15,4133.0,4255.0,4133.0,4177.0,25245189,6053,3,4178.0,4255.0
2010-11-16,4255.0,4255.0,4255.0,4179.0,6935650,1630,1,4177.0,4255.0
2010-11-20,4033.0,4040.0,4033.0,4080.0,167476000,41500,12,4179.0,4034.0
2010-11-21,4100.0,4100.0,4022.0,4053.0,153620842,38046,21,4080.0,4030.0
2010-11-22,4023.0,4032.0,4020.0,4042.0,106907998,26547,9,4053.0,4020.0
2010-11-23,4070.0,4070.0,4010.0,4044.0,66789330,16494,6,4042.0,4010.0
2010-11-24,4190.0,4205.0,4190.0,4205.0,740792230,176177,29,4044.0,4205.0
2010-11-27,4300.0,4373.0,4300.0,4349.0,247034348,56688,14,4205.0,4373.0
2010-11-28,4522.0,4522.0,4522.0,4522.0,493730048,109184,19,4349.0,4522.0
2010-11-29,4700.0,4700.0,4489.0,4571.0,248240523,54249,30,4522.0,4550.0
2010-11-30,4597.0,4597.0,4389.0,4482.0,655518752,146270,23,4571.0,4500.0
2010-12-01,4390.0,4500.0,4390.0,4499.0,1563638040,347561,24,4482.0,4500.0
2010-12-04,4400.0,4400.0,4400.0,4482.0,44000000,10000,1,4499.0,4400.0
2010-12-05,4400.0,4590.0,4400.0,4485.0,114712400,25560,7,4482.0,4400.0
2010-12-06,4350.0,4400.0,4350.0,4415.0,213074600,48449,8,4485.0,4400.0
2010-12-07,4410.0,4417.0,4410.0,4415.0,36911240,8364,5,4415.0,4410.0
2010-12-08,4499.0,4500.0,4499.0,4431.0,52327600,11629,9,4415.0,4500.0
2010-12-11,4431.0,4442.0,4431.0,4431.0,17966550,4050,3,4431.0,4442.0
2010-12-12,4558.0,4608.0,4558.0,4537.0,172982229,37610,15,4431.0,4608.0
2010-12-13,4500.0,4500.0,4500.0,4537.0,2250000,500,1,4537.0,4500.0
2010-12-14,4500.0,4500.0,4500.0,4532.0,36045000,8010,3,4537.0,4500.0
2010-12-18,4400.0,4400.0,4390.0,4514.0,36542730,8307,9,4532.0,4390.0
2010-12-19,4352.0,4352.0,4350.0,4495.0,30983872,7121,5,4514.0,4350.0
2010-12-20,4354.0,4354.0,4352.0,4481.0,25608618,5884,4,4495.0,4352.0
2010-12-21,4360.0,4381.0,4360.0,4474.0,15270500,3500,2,4481.0,4381.0
2010-12-22,4360.0,4371.0,4360.0,4454.0,47213760,10816,7,4474.0,4366.0
2010-12-25,4400.0,4400.0,4400.0,4451.0,14348400,3261,3,4454.0,4400.0
2010-12-26,4420.0,4421.0,4400.0,4433.0,98988904,22477,9,4451.0,4400.0
2010-12-27,4450.0,4600.0,4450.0,4491.0,119629737,26199,14,4433.0,4599.0
2010-12-28,4455.0,4670.0,4455.0,4523.0,122243240,26792,10,4491.0,4670.0
2010-12-29,4699.0,4700.0,4650.0,4599.0,123260200,26241,8,4523.0,4650.0
2011-01-01,4599.0,4782.0,4599.0,4754.0,304410248,64029,23,4599.0,4782.0
2011-01-02,4944.0,4944.0,4944.0,4884.0,203129184,41086,16,4754.0,4944.0
2011-01-03,5079.0,5079.0,5079.0,4991.0,166890861,32859,10,4884.0,5079.0
2011-01-04,5190.0,5190.0,5190.0,5129.0,216573510,41729,15,4991.0,5190.0
2011-01-05,5334.0,5334.0,5130.0,5308.0,1354490170,255159,75,5129.0,5330.0
2011-01-08,5250.0,5269.0,5150.0,5192.0,467528182,90044,31,5308.0,5150.0
2011-01-09,5185.0,5185.0,5001.0,5112.0,238012016,46763,20,5192.0,5001.0
2011-01-10,5140.0,5185.0,5021.0,5128.0,162243260,31550,14,5112.0,5030.0
2011-01-11,4931.0,4952.0,4923.0,4961.0,267037623,54033,21,5128.0,4923.0
2011-01-12,4942.0,4942.0,4771.0,4921.0,163066273,33351,11,4961.0,4771.0
2011-01-15,4725.0,4775.0,4725.0,4825.0,144008225,30437,12,4921.0,4725.0
2011-01-16,4640.0,4830.0,4640.0,4790.0,105784000,22365,9,4825.0,4830.0
2011-01-17,4800.0,4940.0,4800.0,4892.0,405691958,82924,15,4790.0,4900.0
2011-01-18,4999.0,5000.0,4820.0,4904.0,129783100,26378,15,4892.0,5000.0
2011-01-19,4911.0,4911.0,4767.0,4896.0,197440784,40358,11,4904.0,4767.0
2011-01-22,4760.0,4800.0,4705.0,4755.0,437226150,91957,25,4896.0,4720.0
2011-01-23,4755.0,4755.0,4567.0,4750.0,67093140,14174,9,4755.0,4567.0
2011-01-24,4652.0,4850.0,4600.0,4695.0,135203325,29164,15,4750.0,4650.0
2011-01-26,4671.0,4671.0,4601.0,4687.0,40597316,8746,3,4695.0,4601.0
2011-01-29,4627.0,4627.0,4621.0,4675.0,53123190,11490,5,4687.0,4621.0
2011-01-30,4635.0,4635.0,4590.0,4605.0,867920166,188481,35,4675.0,4600.0
2011-01-31,4610.0,4730.0,4571.0,4677.0,252583737,53907,23,4605.0,4571.0
2011-02-01,4699.0,4699.0,4699.0,4679.0,29838650,6350,1,4677.0,4699.0
2011-02-05,4700.0,4700.0,4492.0,4585.0,937619859,204476,56,4679.0,4492.0
2011-02-06,4492.0,4600.0,4492.0,4508.0,424325050,94136,34,4585.0,4600.0
2011-02-07,4679.0,4679.0,4550.0,4538.0,131788204,28829,12,4508.0,4570.0
2011-02-08,4600.0,4600.0,4570.0,4551.0,80732789,17622,14,4538.0,4572.0
2011-02-09,4600.0,4609.0,4600.0,4577.0,140892826,30617,18,4551.0,4601.0
2011-02-12,4698.0,4698.0,4601.0,4589.0,88784899,19242,18,4577.0,4613.0
2011-02-13,4697.0,4697.0,4660.0,4615.0,71249170,15181,7,4589.0,4660.0
2011-02-14,4670.0,4679.0,4431.0,4488.0,1231557374,274436,63,4615.0,4431.0
2011-02-15,4321.0,4456.0,4309.0,4328.0,1972026059,455681,82,4488.0,4309.0
2011-02-16,4200.0,4399.0,4200.0,4329.0,70589379,16302,11,4328.0,4399.0
2011-02-19,4329.0,4500.0,4329.0,4368.0,75709887,16953,14,4329.0,4494.0
2011-02-20,4460.0,4460.0,4405.0,4388.0,78464737,17686,16,4368.0,4405.0
2011-02-22,4450.0,4489.0,4450.0,4412.0,85354728,19128,6,4388.0,4453.0
2011-02-23,4460.0,4588.0,4460.0,4539.0,283295237,62407,31,4412.0,4588.0
2011-02-26,4600.0,4669.0,4580.0,4548.0,35555877,7711,7,4539.0,4669.0
2011-02-27,4669.0,4700.0,4577.0,4596.0,228641063,49645,21,4548.0,4600.0
2011-02-28,4595.0,4595.0,4505.0,4587.0,56230310,12358,8,4596.0,4505.0
2011-03-01,4502.0,4549.0,4413.0,4561.0,75142294,16728,10,4587.0,4413.0
2011-03-02,4500.0,4500.0,4415.0,4552.0,18186500,4100,4,4561.0,4415.0
2011-03-05,4500.0,4500.0,4420.0,4537.0,55131910,12306,11,4552.0,4420.0
2011-03-06,4419.0,4456.0,4371.0,4438.0,211784689,47989,16,4537.0,4416.0
2011-03-07,4498.0,4499.0,4378.0,4435.0,75418950,17028,9,4438.0,4480.0
2011-03-08,4450.0,4500.0,4450.0,4436.0,4466750,1000,2,4435.0,4500.0
2011-03-09,4401.0,4401.0,4400.0,4433.0,24643000,5600,2,4436.0,4400.0
2011-03-12,4421.0,4421.0,4390.0,4419.0,110538144,25124,16,4433.0,4390.0
2011-03-14,4450.0,4490.0,4450.0,4428.0,33262200,7410,5,4419.0,4489.0
2011-03-15,4401.0,4500.0,4401.0,4455.0,129693825,28921,17,4428.0,4490.0
2011-03-16,4500.0,4500.0,4490.0,4471.0,98162500,21825,7,4455.0,4500.0
2011-03-19,4500.0,4649.0,4500.0,4590.0,546455996,119056,27,4471.0,4649.0
2011-03-26,4590.0,4700.0,4590.0,4605.0,50301150,10759,10,4590.0,4700.0
2011-03-27,4605.0,4700.0,4605.0,4692.0,652669306,139097,69,4605.0,4675.0
2011-03-28,4670.0,4670.0,4670.0,4692.0,4670000,1000,1,4692.0,4670.0
2011-03-29,4601.0,4650.0,4601.0,4638.0,279688987,60307,19,4692.0,4650.0
2011-03-30,4600.0,4610.0,4600.0,4626.0,92818930,20173,6,4638.0,4600.0
2011-04-03,4445.0,4598.0,4445.0,4529.0,165401911,37016,17,4626.0,4594.0
2011-04-04,4471.0,4560.0,4470.0,4517.0,108895350,24197,15,4529.0,4560.0
2011-04-05,4526.0,4533.0,4526.0,4525.0,140690004,31047,10,4517.0,4532.0
2011-04-06,4522.0,4560.0,4520.0,4527.0,197797280,43692,20,4525.0,4522.0
2011-04-09,4530.0,4625.0,4530.0,4560.0,196692690,43007,19,4527.0,4563.0
2011-04-10,4552.0,4630.0,4551.0,4584.0,446458471,97405,32,4560.0,4600.0
2011-04-11,4610.0,4699.0,4600.0,4626.0,250519229,54095,25,4584.0,4621.0
2011-04-12,4699.0,4700.0,4640.0,4655.0,817500175,175615,55,4626.0,4670.0
2011-04-13,4600.0,4605.0,4552.0,4595.0,322149869,70105,29,4655.0,4600.0
2011-04-16,4561.0,4696.0,4560.0,4639.0,271617740,58541,31,4595.0,4560.0
2011-04-17,4699.0,4699.0,4561.0,4659.0,269324677,57799,34,4639.0,4689.0
2011-04-18,4700.0,4700.0,4563.0,4656.0,179069189,38478,11,4659.0,4678.0
2011-04-19,4580.0,4637.0,4550.0,4607.0,162440577,35519,16,4656.0,4600.0
2011-04-20,4649.0,4660.0,4590.0,4654.0,273900132,58836,21,4607.0,4590.0
2011-04-23,4645.0,4839.0,4645.0,4765.0,578114638,121315,38,4654.0,4833.0
2011-04-24,4721.0,4845.0,4721.0,4789.0,256870235,53603,20,4765.0,4845.0
2011-04-25,4840.0,4840.0,4750.0,4799.0,68919500,14270,3,4789.0,4750.0
2011-04-26,4700.0,4701.0,4700.0,4778.0,60862300,12949,9,4799.0,4700.0
2011-04-27,4650.0,4689.0,4626.0,4706.0,169734128,36430,16,4778.0,4680.0
2011-04-30,4626.0,4626.0,4518.0,4602.0,150421770,33287,17,4706.0,4518.0
2011-05-01,4450.0,4450.0,4418.0,4510.0,137939940,31170,9,4602.0,4418.0
2011-05-02,4684.0,4690.0,4520.0,4686.0,283733708,60543,19,4510.0,4520.0
2011-05-03,4530.0,4532.0,4521.0,4662.0,41237988,9110,6,4686.0,4530.0
2011-05-04,4550.0,4730.0,4533.0,4629.0,95844987,20986,6,4662.0,4533.0
2011-05-08,4550.0,4600.0,4536.0,4611.0,72353699,15870,10,4629.0,4537.0
2011-05-09,4560.0,4601.0,4560.0,4606.0,37555660,8210,4,4611.0,4590.0
2011-05-10,4551.0,4560.0,4533.0,4567.0,169911939,37395,17,4606.0,4535.0
2011-05-11,4537.0,4537.0,4389.0,4545.0,78618988,17500,8,4567.0,4389.0
2011-05-14,4382.0,4402.0,4382.0,4501.0,77177663,17558,6,4545.0,4401.0
2011-05-15,4401.0,4500.0,4401.0,4485.0,101868412,22852,6,4501.0,4500.0
2011-05-16,4523.0,4523.0,4411.0,4478.0,55175150,12390,9,4485.0,4450.0
2011-05-17,4638.0,4638.0,4450.0,4478.0,50828138,11351,10,4478.0,4450.0
2011-05-18,4480.0,4481.0,4452.0,4476.0,120513280,26945,14,4478.0,4452.0
2011-05-21,4450.0,4590.0,4400.0,4477.0,116410720,26000,13,4476.0,4400.0
2011-05-22,4470.0,4470.0,4450.0,4476.0,16471500,3690,6,4477.0,4450.0
2011-05-23,4405.0,4500.0,4402.0,4465.0,807502338,180867,23,4476.0,4500.0
2011-05-24,4372.0,4470.0,4372.0,4434.0,214110855,48366,11,4465.0,4441.0
2011-05-25,4431.0,4440.0,4431.0,4431.0,405469200,91500,22,4434.0,4431.0
2011-05-28,4412.0,4412.0,4412.0,4428.0,37784368,8564,4,4431.0,4412.0
2011-05-29,4312.0,4605.0,4312.0,4476.0,440180825,98336,24,4428.0,4401.0
2011-05-30,4400.0,4450.0,4400.0,4458.0,79342400,17961,5,4476.0,4415.0
2011-05-31,4311.0,4400.0,4301.0,4396.0,141994000,32690,9,4458.0,4400.0
2011-06-01,4312.0,4412.0,4311.0,4387.0,147938103,33782,10,4396.0,4400.0
2011-06-06,4342.0,4342.0,4342.0,4385.0,9183330,2115,1,4387.0,4342.0
2011-06-07,4400.0,4400.0,4385.0,4386.0,56619000,12900,4,4385.0,4400.0
2011-06-08,4498.0,4498.0,4400.0,4393.0,62434150,14140,7,4386.0,4495.0
2011-06-11,4320.0,4449.0,4258.0,4307.0,285313658,66243,33,4393.0,4420.0
2011-06-12,4460.0,4479.0,4460.0,4431.0,206190745,46145,16,4307.0,4479.0
2011-06-13,4529.0,4540.0,4529.0,4457.0,69439640,15326,6,4431.0,4540.0
2011-06-14,4388.0,4499.0,4279.0,4440.0,54858803,12536,12,4457.0,4499.0
2011-06-15,4402.0,4498.0,4402.0,4438.0,89876321,20263,8,4440.0,4498.0
2011-06-18,4500.0,4520.0,4439.0,4456.0,84382161,18767,16,4438.0,4439.0
2011-06-19,4381.0,4450.0,4350.0,4449.0,65497420,14787,9,4456.0,4450.0
2011-06-20,4400.0,4400.0,4400.0,4448.0,4400000,1000,1,4449.0,4400.0
2011-06-22,4310.0,4515.0,4302.0,4415.0,202748812,46033,17,4448.0,4515.0
2011-06-25,4400.0,4530.0,4400.0,4417.0,44710080,10096,4,4415.0,4530.0
2011-06-26,4402.0,4495.0,4400.0,4410.0,136733960,31047,8,4417.0,4405.0
2011-06-28,4459.0,4470.0,4459.0,4428.0,83809670,18761,3,4410.0,4470.0
2011-06-29,4400.0,4605.0,4400.0,4533.0,237927370,52314,24,4428.0,4567.0
2011-07-09,3920.0,3934.0,3920.0,4001.0,119142600,30380,10,4083.0,3934.0
2011-07-10,3906.0,3915.0,3906.0,3995.0,14875839,3807,4,4001.0,3915.0
2011-07-11,3921.0,4154.0,3921.0,4015.0,68391682,16820,6,3995.0,4154.0
2011-07-12,3920.0,4175.0,3920.0,4174.0,428177299,102571,30,4015.0,4175.0
2011-07-13,4110.0,4110.0,4020.0,4154.0,40946145,10099,6,4174.0,4020.0
2011-07-16,3988.0,4000.0,3988.0,4069.0,122950076,30827,13,4154.0,3988.0
2011-07-18,3910.0,3910.0,3907.0,3929.0,204478962,52318,21,4069.0,3907.0
2011-07-19,3775.0,3970.0,3775.0,3913.0,25001500,6610,2,3929.0,3970.0
2011-07-20,3901.0,3901.0,3901.0,3913.0,2956958,758,2,3913.0,3901.0
2011-07-23,3979.0,3980.0,3951.0,3930.0,83014700,20947,13,3913.0,3951.0
2011-07-24,3912.0,3932.0,3912.0,3930.0,30298080,7715,3,3930.0,3931.0
2011-07-25,3916.0,4000.0,3916.0,3952.0,110116300,27676,8,3930.0,4000.0
2011-07-26,4000.0,4050.0,3998.0,4005.0,209647774,52251,10,3952.0,4030.0
2011-07-30,3965.0,4050.0,3965.0,4008.0,28469840,7067,4,4005.0,4050.0
2011-07-31,4100.0,4100.0,4050.0,4018.0,33105500,8105,4,4008.0,4100.0
2011-08-01,3957.0,3957.0,3956.0,4013.0,17460828,4413,2,4018.0,3956.0
2011-08-03,4070.0,4078.0,4070.0,4015.0,6924600,1700,2,4013.0,4078.0
2011-08-06,4000.0,4000.0,4000.0,4014.0,8000000,2000,2,4015.0,4000.0
2011-08-07,3999.0,4174.0,3999.0,4155.0,348908650,83964,22,4014.0,4174.0
2011-08-08,4150.0,4150.0,4121.0,4146.0,188668856,45536,17,4155.0,4150.0
2011-08-09,4100.0,4100.0,3981.0,4047.0,148739234,37315,11,4146.0,3981.0
2011-08-10,3950.0,4100.0,3950.0,4029.0,71415156,17912,7,4047.0,4100.0
2011-08-14,3980.0,3980.0,3950.0,3975.0,170000000,43000,9,4029.0,3950.0
2011-08-15,3911.0,3911.0,3911.0,3974.0,4345121,1111,1,3975.0,3911.0
2011-08-16,3911.0,3911.0,3910.0,3963.0,40178250,10275,3,3974.0,3910.0
2011-08-17,3952.0,3952.0,3910.0,3952.0,174570330,44218,14,3963.0,3910.0
2011-08-20,4000.0,4000.0,3922.0,3952.0,54566262,13800,8,3952.0,3922.0
2011-08-21,3980.0,3980.0,3980.0,3955.0,27860000,7000,1,3952.0,3980.0
2011-08-23,3970.0,3970.0,3811.0,3954.0,15311064,3882,9,3955.0,3922.0
2011-08-24,3955.0,4112.0,3955.0,3992.0,70774735,17317,5,3954.0,4112.0
2011-08-27,3986.0,3986.0,3986.0,3992.0,7972000,2000,1,3992.0,3986.0
2011-08-28,4050.0,4050.0,4050.0,3995.0,11084850,2737,3,3992.0,4050.0
2011-08-29,4100.0,4100.0,4100.0,3998.0,6150000,1500,1,3995.0,4100.0
2011-08-30,3961.0,3961.0,3961.0,3997.0,3802560,960,1,3998.0,3961.0
2011-09-03,4149.0,4149.0,4149.0,3998.0,2074500,500,1,3997.0,4149.0
2011-09-04,4144.0,4157.0,4100.0,4071.0,128265756,30986,12,3998.0,4157.0
2011-09-05,4232.0,4233.0,4232.0,4146.0,117630070,27790,12,4071.0,4233.0
2011-09-07,4105.0,4311.0,4105.0,4223.0,152625445,35704,10,4146.0,4311.0
2011-09-10,4391.0,4391.0,4391.0,4251.0,43910000,10000,1,4223.0,4391.0
2011-09-11,4421.0,4421.0,4421.0,4292.0,64745545,14645,4,4251.0,4421.0
2011-09-12,4463.0,4463.0,4463.0,4311.0,30201121,6767,1,4292.0,4463.0
2011-09-14,4483.0,4483.0,4483.0,4357.0,71243836,15892,1,4311.0,4483.0
2011-09-17,4531.0,4531.0,4531.0,4377.0,31757779,7009,2,4357.0,4531.0
2011-09-18,4552.0,4552.0,4552.0,4380.0,4729528,1039,1,4377.0,4552.0
2011-09-19,4555.0,4555.0,4387.0,4539.0,1088399587,239797,67,4380.0,4450.0
2011-09-20,4365.0,4498.0,4365.0,4453.0,244354102,54968,16,4539.0,4480.0
2011-09-21,4450.0,4590.0,4450.0,4539.0,271142800,59735,22,4453.0,4590.0
2011-09-25,4470.0,4500.0,4400.0,4525.0,33775598,7624,7,4539.0,4500.0
2011-09-26,4402.0,4402.0,4401.0,4506.0,40938701,9301,4,4525.0,4401.0
2011-09-27,4410.0,4449.0,4410.0,4503.0,11992800,2700,2,4506.0,4449.0
2011-09-28,4583.0,4583.0,4350.0,4468.0,93453455,21225,7,4503.0,4380.0
2011-10-01,4361.0,4440.0,4361.0,4394.0,319719358,72762,15,4468.0,4400.0
2011-10-02,4231.0,4360.0,4231.0,4380.0,41079755,9541,7,4394.0,4360.0
2011-10-03,4364.0,4371.0,4364.0,4379.0,22713800,5200,2,4380.0,4371.0
2011-10-04,4499.0,4499.0,4400.0,4398.0,47015950,10475,5,4379.0,4400.0
2011-10-05,4357.0,4357.0,4320.0,4394.0,26121344,6000,4,4398.0,4320.0
2011-10-08,4350.0,4543.0,4350.0,4413.0,49995375,11125,5,4394.0,4543.0
2011-10-09,4490.0,4490.0,4490.0,4416.0,11934420,2658,2,4413.0,4490.0
2011-10-10,4282.0,4282.0,4281.0,4402.0,27232160,6360,2,4416.0,4281.0
2011-10-11,4400.0,4400.0,4231.0,4364.0,85323617,19907,8,4402.0,4231.0
2011-10-12,4232.0,4329.0,4232.0,4312.0,128495014,30164,7,4364.0,4329.0
2011-10-15,4255.0,4255.0,4253.0,4306.0,28681473,6741,2,4312.0,4253.0
2011-10-16,4260.0,4260.0,4250.0,4301.0,28155250,6613,4,4306.0,4250.0
2011-10-17,4252.0,4252.0,4129.0,4161.0,261790957,62918,13,4301.0,4140.0
2011-10-18,4100.0,4123.0,4090.0,4144.0,62402370,15241,6,4161.0,4123.0
2011-10-19,4161.0,4161.0,4161.0,4144.0,4161000,1000,1,4144.0,4161.0
2011-10-22,4300.0,4309.0,4300.0,4155.0,17442000,4050,2,4144.0,4309.0
2011-10-23,4321.0,4321.0,4321.0,4162.0,10880278,2518,1,4155.0,4321.0
2011-10-24,4321.0,4328.0,4321.0,4222.0,93585625,21625,15,4162.0,4327.0
2011-10-25,4360.0,4390.0,4360.0,4234.0,19114540,4357,7,4222.0,4390.0
2011-10-26,4400.0,4403.0,4250.0,4385.0,306106736,69803,15,4234.0,4250.0
2011-10-29,4550.0,4550.0,4210.0,4366.0,29971680,7098,6,4385.0,4210.0
2011-10-30,4200.0,4202.0,4200.0,4343.0,35122360,8360,3,4366.0,4201.0
2011-10-31,4440.0,4440.0,4170.0,4330.0,32455200,7656,6,4343.0,4212.0
2011-11-02,4330.0,4330.0,4220.0,4330.0,4342660,1003,2,4330.0,4220.0
2011-11-05,4157.0,4330.0,4157.0,4274.0,127180691,30152,9,4330.0,4160.0
2011-11-06,4104.0,4105.0,4104.0,4265.0,12725400,3100,2,4274.0,4105.0
2011-11-08,4100.0,4101.0,4095.0,4147.0,174179223,42494,15,4265.0,4095.0
2011-11-09,4021.0,4021.0,4021.0,4146.0,2010500,500,1,4147.0,4021.0
2011-11-12,4041.0,4042.0,4041.0,4144.0,4057920,1004,2,4146.0,4042.0
2011-11-16,4100.0,4140.0,4100.0,4141.0,22030400,5360,2,4144.0,4140.0
2011-11-19,4101.0,4102.0,4071.0,4111.0,108735987,26687,3,4141.0,4071.0
2011-11-20,4010.0,4015.0,4010.0,4096.0,36125000,9000,2,4111.0,4015.0
2011-11-21,4016.0,4099.0,4016.0,4083.0,62005862,15327,5,4096.0,4099.0
2011-11-22,4005.0,4020.0,3984.0,4004.0,270742920,67619,15,4083.0,4020.0
2011-11-26,3844.0,3844.0,3844.0,3983.0,29571892,7693,2,4004.0,3844.0
2011-11-27,3831.0,3833.0,3831.0,3956.0,40318179,10523,2,3983.0,3833.0
2011-11-28,3802.0,3804.0,3802.0,3853.0,154059000,40500,4,3956.0,3804.0
2011-11-30,4007.0,4007.0,4007.0,3879.0,40070000,10000,3,3853.0,4007.0
2011-12-03,3830.0,3864.0,3813.0,3864.0,55968856,14663,3,3879.0,3864.0
2011-12-04,4018.0,4018.0,4018.0,3868.0,6830600,1700,2,3864.0,4018.0
2011-12-07,4022.0,4022.0,4022.0,3905.0,57369808,14264,14,3868.0,4022.0
2011-12-10,4061.0,4061.0,4061.0,3972.0,105049948,25868,3,3905.0,4061.0
2011-12-11,4130.0,4130.0,4130.0,3979.0,10940370,2649,1,3972.0,4130.0
2011-12-13,4138.0,4138.0,4138.0,4032.0,82760000,20000,1,3979.0,4138.0
2011-12-14,4193.0,4193.0,4193.0,4193.0,251580000,60000,2,4032.0,4193.0
2011-12-17,4200.0,4357.0,4080.0,4209.0,536332752,127421,26,4193.0,4357.0
2011-12-18,4360.0,4360.0,4270.0,4283.0,223779970,52111,11,4209.0,4271.0
2011-12-19,4235.0,4449.0,4235.0,4350.0,190274498,43486,12,4283.0,4449.0
2011-12-20,4351.0,4524.0,4351.0,4519.0,1721845805,381016,91,4350.0,4524.0
2011-12-21,4499.0,4499.0,4339.0,4344.0,521092796,119964,26,4519.0,4339.0
2011-12-24,4500.0,4500.0,4271.0,4332.0,56228415,13114,8,4344.0,4271.0
2011-12-25,4270.0,4270.0,4161.0,4242.0,194315728,46104,16,4332.0,4205.0
2011-12-26,4107.0,4146.0,4080.0,4166.0,147147468,35758,13,4242.0,4145.0
2011-12-27,4145.0,4300.0,4145.0,4252.0,254162290,59766,9,4166.0,4300.0
2011-12-28,4151.0,4200.0,4151.0,4230.0,56429380,13580,4,4252.0,4200.0
2011-12-31,4076.0,4290.0,4075.0,4186.0,200771415,48082,8,4230.0,4180.0
2012-01-01,4150.0,4250.0,4081.0,4167.0,217643442,52270,17,4186.0,4081.0
2012-01-03,4003.0,4100.0,4001.0,4010.0,515836180,128650,25,4167.0,4100.0
2012-01-04,3880.0,4081.0,3880.0,4023.0,71335062,17593,18,4010.0,4081.0
2012-01-08,3900.0,4021.0,3900.0,4023.0,16380828,4074,5,4023.0,4021.0
2012-01-09,3927.0,4183.0,3927.0,4095.0,234621534,57242,20,4023.0,4183.0
2012-01-10,4150.0,4258.0,4150.0,4239.0,231237448,54355,27,4095.0,4258.0
2012-01-11,4406.0,4406.0,4220.0,4238.0,120859014,28520,12,4239.0,4228.0
2012-01-15,4085.0,4085.0,4085.0,4235.0,4085000,1000,1,4238.0,4085.0
2012-01-16,4066.0,4300.0,4066.0,4209.0,39115622,9608,5,4235.0,4100.0
2012-01-17,4050.0,4050.0,4050.0,4201.0,12150000,3000,2,4209.0,4050.0
2012-01-18,4040.0,4097.0,4040.0,4173.0,46894400,11568,3,4201.0,4097.0
2012-01-21,4101.0,4200.0,4100.0,4163.0,79745750,19255,12,4173.0,4200.0
2012-01-23,4100.0,4100.0,3997.0,4018.0,990573985,246505,23,4163.0,3998.0
2012-01-25,3900.0,3900.0,3861.0,3969.0,83104560,21422,8,4018.0,3870.0
2012-01-28,4127.0,4127.0,3950.0,3970.0,1006103,244,2,3969.0,3950.0
2012-01-29,3870.0,4100.0,3870.0,3978.0,22797850,5622,7,3970.0,4100.0
2012-01-30,3841.0,4137.0,3841.0,4137.0,384371031,92911,29,3978.0,4137.0
2012-01-31,4200.0,4200.0,4200.0,4165.0,113400000,27000,2,4137.0,4200.0
2012-02-01,4198.0,4198.0,4001.0,4112.0,78435796,19598,5,4165.0,4002.0
2012-02-06,4000.0,4000.0,4000.0,4081.0,65512000,16378,9,4112.0,4000.0
2012-02-08,4080.0,4080.0,4080.0,4081.0,208080,51,1,4081.0,4080.0
2012-02-12,4230.0,4230.0,3921.0,3939.0,383927810,97468,27,4081.0,3921.0
2012-02-13,3831.0,3835.0,3831.0,3910.0,62303757,16263,3,3939.0,3831.0
2012-02-14,4000.0,4000.0,3828.0,3907.0,24666000,6360,4,3910.0,3828.0
2012-02-15,4010.0,4010.0,3907.0,3907.0,39585,10,2,3907.0,3907.0
2012-02-18,3810.0,3810.0,3810.0,3889.0,41567100,10910,3,3907.0,3810.0
2012-02-19,3827.0,3827.0,3827.0,3887.0,8178299,2137,1,3889.0,3827.0
2012-02-21,3853.0,4042.0,3853.0,3885.0,20477600,5300,2,3887.0,4042.0
2012-02-22,3901.0,3901.0,3901.0,3885.0,3901000,1000,1,3885.0,3901.0
2012-02-25,3901.0,3901.0,3901.0,3888.0,39208951,10051,3,3885.0,3901.0
2012-02-26,3880.0,3880.0,3830.0,3881.0,50770060,13160,11,3888.0,3860.0
2012-02-28,3881.0,3891.0,3881.0,3881.0,26550840,6840,2,3881.0,3891.0
2012-02-29,3838.0,4036.0,3838.0,3935.0,139610744,35140,6,3881.0,4036.0
2012-03-03,4040.0,4092.0,4000.0,3968.0,95045360,23657,11,3935.0,4000.0
2012-03-04,4126.0,4126.0,3975.0,3975.0,12298550,2992,5,3968.0,3976.0
2012-03-05,4020.0,4020.0,3980.0,3987.0,79767040,19888,4,3975.0,4020.0
2012-03-06,4000.0,4000.0,3930.0,3982.0,39893163,10079,3,3987.0,3931.0
2012-03-07,3982.0,3982.0,3982.0,3982.0,53876460,13530,2,3982.0,3982.0
2012-03-10,3902.0,3982.0,3902.0,3982.0,593300,150,2,3982.0,3982.0
2012-03-11,3920.0,4140.0,3920.0,4098.0,196402531,47579,10,3982.0,4140.0
2012-03-12,4250.0,4250.0,4081.0,4133.0,131608500,31600,8,4098.0,4081.0
2012-03-13,4249.0,4249.0,4081.0,4129.0,20413659,5001,4,4133.0,4081.0
2012-03-14,4250.0,4294.0,4230.0,4140.0,21377329,5020,5,4129.0,4294.0
2012-03-18,4052.0,4052.0,4052.0,4124.0,43210528,10664,3,4140.0,4052.0
2012-03-24,4054.0,4054.0,4054.0,4124.0,40540,10,1,4124.0,4054.0
2012-03-25,4124.0,4124.0,4124.0,4124.0,39582152,9598,3,4124.0,4124.0
2012-03-26,3982.0,3982.0,3982.0,4124.0,159280,40,1,4124.0,3982.0
2012-03-28,3982.0,4150.0,3982.0,4110.0,34780730,8643,3,4124.0,4150.0
2012-04-02,4000.0,4000.0,4000.0,4110.0,80000,20,1,4110.0,4000.0
2012-04-03,4001.0,4001.0,4001.0,4105.0,9922480,2480,2,4110.0,4001.0
2012-04-07,4110.0,4110.0,3941.0,4091.0,20774147,5267,3,4105.0,3941.0
2012-04-09,4000.0,4005.0,4000.0,4055.0,95250080,23806,11,4091.0,4005.0
2012-04-10,4005.0,4005.0,4005.0,4051.0,20025000,5000,3,4055.0,4005.0
2012-04-11,4030.0,4100.0,4030.0,4049.0,41862800,10360,6,4051.0,4100.0
2012-04-14,4006.0,4011.0,4006.0,4043.0,37732560,9410,5,4049.0,4010.0
2012-04-15,4080.0,4080.0,4044.0,4045.0,27828921,6855,9,4043.0,4080.0
2012-04-17,4080.0,4080.0,4080.0,4048.0,24480000,6000,2,4045.0,4080.0
2012-04-18,4200.0,4200.0,4200.0,4081.0,54843600,13058,3,4048.0,4200.0
2012-04-21,4200.0,4244.0,4200.0,4094.0,21508600,5075,4,4081.0,4244.0
2012-04-22,4250.0,4250.0,4250.0,4095.0,1929500,454,2,4094.0,4250.0
2012-04-24,4001.0,4001.0,4001.0,4084.0,28007000,7000,2,4095.0,4001.0
2012-04-28,4000.0,4247.0,4000.0,4082.0,92365838,22649,8,4084.0,4240.0
2012-04-29,4245.0,4245.0,4245.0,4210.0,200380980,47204,13,4082.0,4245.0
2012-04-30,4300.0,4378.0,4299.0,4374.0,2027893394,463653,61,4210.0,4378.0
2012-05-01,4378.0,4378.0,4300.0,4342.0,127890600,29684,11,4374.0,4300.0
2012-05-02,4300.0,4300.0,4200.0,4330.0,51809965,12097,3,4342.0,4200.0
2012-05-05,4300.0,4300.0,4300.0,4327.0,21500000,5000,1,4330.0,4300.0
2012-05-06,4181.0,4200.0,4180.0,4315.0,22683033,5403,4,4327.0,4200.0
2012-05-07,4200.0,4350.0,4200.0,4321.0,390187465,90300,15,4315.0,4350.0
2012-05-09,4300.0,4300.0,4200.0,4307.0,32389600,7688,3,4321.0,4200.0
2012-05-13,4135.0,4430.0,4135.0,4305.0,15054125,3520,4,4307.0,4430.0
2012-05-16,4250.0,4260.0,4250.0,4302.0,13523250,3177,2,4305.0,4260.0
2012-05-19,4261.0,4310.0,4261.0,4301.0,38933226,9066,4,4302.0,4301.0
2012-05-20,4350.0,4350.0,4350.0,4316.0,80910000,18600,8,4301.0,4350.0
2012-05-21,4414.0,4414.0,4301.0,4397.0,229213865,51975,4,4316.0,4379.0
2012-05-22,4370.0,4370.0,4369.0,4385.0,117966155,26995,3,4397.0,4370.0
2012-05-23,4310.0,4310.0,4261.0,4365.0,41491374,9734,3,4385.0,4261.0
2012-05-26,4301.0,4399.0,4301.0,4365.0,111777610,25610,6,4365.0,4399.0
2012-05-27,4360.0,4360.0,4360.0,4365.0,8720000,2000,2,4365.0,4360.0
2012-05-28,4300.0,4320.0,4300.0,4356.0,40369760,9368,2,4365.0,4320.0
2012-05-29,4360.0,4390.0,4320.0,4362.0,264463440,60632,9,4356.0,4320.0
2012-05-30,4350.0,4350.0,4321.0,4355.0,73396970,16919,4,4362.0,4321.0
2012-06-02,4368.0,4368.0,4320.0,4354.0,9030140,2087,5,4355.0,4320.0
2012-06-05,4320.0,4320.0,4320.0,4353.0,4838400,1120,3,4354.0,4320.0
2012-06-06,4240.0,4240.0,4179.0,4330.0,35189000,8400,2,4353.0,4179.0
2012-06-09,4181.0,4181.0,4161.0,4241.0,146206000,35000,5,4330.0,4180.0
2012-06-10,4360.0,4360.0,4100.0,4180.0,111719000,27200,3,4241.0,4100.0
2012-06-11,4100.0,4200.0,4100.0,4185.0,83896000,20000,3,4180.0,4200.0
2012-06-12,4018.0,4091.0,4018.0,4169.0,22883605,5695,4,4185.0,4091.0
2012-06-13,4052.0,4100.0,4052.0,4160.0,30550300,7463,3,4169.0,4100.0
2012-06-16,4101.0,4101.0,4101.0,4159.0,2870700,700,1,4160.0,4101.0
2012-06-17,4110.0,4230.0,3993.0,4017.0,213383244,53358,5,4159.0,4230.0
2012-06-23,4176.0,4176.0,4149.0,4033.0,29097000,7000,2,4017.0,4149.0
2012-06-24,4136.0,4136.0,3900.0,4035.0,8213082,2000,5,4033.0,3900.0
2012-06-25,4000.0,4149.0,4000.0,4073.0,87434900,21110,4,4035.0,4000.0
2012-06-26,4000.0,4095.0,3911.0,3920.0,424566145,108295,22,4073.0,3911.0
2012-06-27,3774.0,3774.0,3774.0,3908.0,18870000,5000,1,3920.0,3774.0
2012-06-30,3800.0,3850.0,3800.0,3889.0,43278150,11359,2,3908.0,3850.0
2012-07-01,3801.0,3801.0,3801.0,3888.0,3040800,800,1,3889.0,3801.0
2012-07-02,3836.0,3851.0,3836.0,3874.0,66294676,17268,5,3888.0,3851.0
2012-07-03,3852.0,3852.0,3852.0,3873.0,11101464,2882,1,3874.0,3852.0
2012-07-07,3720.0,3752.0,3720.0,3856.0,30558720,8160,2,3873.0,3752.0
2012-07-08,3900.0,3900.0,3900.0,3858.0,11700000,3000,1,3856.0,3900.0
2012-07-10,3800.0,3879.0,3800.0,3858.0,33311177,8638,4,3858.0,3879.0
2012-07-11,3705.0,3940.0,3705.0,3851.0,31091855,8172,7,3858.0,3801.0
2012-07-18,3300.0,3329.0,3300.0,3231.0,54598552,16488,3,3201.0,3329.0
2012-07-21,3360.0,3360.0,3360.0,3249.0,27484800,8180,1,3231.0,3360.0
2012-07-22,3365.0,3365.0,3360.0,3311.0,111193385,33085,6,3249.0,3361.0
2012-07-23,3443.0,3443.0,3443.0,3443.0,696446597,202279,13,3311.0,3443.0
2012-07-24,3580.0,3580.0,3500.0,3572.0,759028600,212500,26,3443.0,3574.0
2012-07-25,3709.0,3709.0,3695.0,3701.0,562583000,152000,8,3572.0,3700.0
2012-07-28,3700.0,3848.0,3700.0,3719.0,30714736,8000,4,3701.0,3700.0
2012-07-29,3630.0,3630.0,3571.0,3640.0,113948219,31909,8,3719.0,3571.0
2012-08-01,3495.0,3495.0,3495.0,3628.0,17475000,5000,1,3640.0,3495.0
2012-08-04,3495.0,3495.0,3495.0,3625.0,4194000,1200,1,3628.0,3495.0
2012-08-05,3480.0,3480.0,3480.0,3597.0,40089600,11520,2,3625.0,3480.0
2012-08-06,3454.0,3454.0,3454.0,3571.0,37745312,10928,3,3597.0,3454.0
2012-08-13,3429.0,3429.0,3429.0,3564.0,9954387,2903,1,3571.0,3429.0
2012-08-15,3422.0,3422.0,3422.0,3563.0,1711000,500,1,3564.0,3422.0
2012-08-18,3421.0,3450.0,3421.0,3549.0,20191100,5900,5,3563.0,3422.0
2012-08-27,3408.0,3408.0,3408.0,3549.0,68160,20,2,3549.0,3408.0
2012-09-02,3480.0,3480.0,3480.0,3549.0,174000,50,2,3549.0,3480.0
2012-09-03,3412.0,3600.0,3412.0,3574.0,108226372,30066,3,3549.0,3530.0
2012-09-04,3438.0,3600.0,3438.0,3575.0,18509332,5158,6,3574.0,3600.0
2012-09-05,3575.0,3600.0,3550.0,3579.0,154948758,43273,10,3575.0,3600.0
2012-09-08,3436.0,3500.0,3436.0,3579.0,313080,90,4,3579.0,3500.0
2012-09-09,3437.0,3437.0,3437.0,3579.0,17185,5,1,3579.0,3437.0
2012-09-11,3500.0,3500.0,3450.0,3567.0,20225000,5850,2,3579.0,3450.0
2012-09-16,3500.0,3500.0,3440.0,3565.0,5564000,1600,2,3567.0,3440.0
2012-09-18,3435.0,3435.0,3435.0,3548.0,26793000,7800,1,3565.0,3435.0
2012-09-19,3426.0,3426.0,3426.0,3535.0,22269000,6500,1,3548.0,3426.0
2012-09-22,3530.0,3670.0,3530.0,3634.0,165928390,45263,3,3535.0,3670.0
2012-09-23,3700.0,3779.0,3700.0,3711.0,170228500,45570,8,3634.0,3779.0
2012-09-24,3780.0,3780.0,3779.0,3711.0,993887,263,2,3711.0,3779.0
2012-09-25,3859.0,3859.0,3859.0,3712.0,976327,253,1,3711.0,3859.0
2012-09-26,3800.0,3800.0,3800.0,3716.0,9948400,2618,1,3712.0,3800.0
2012-09-29,3810.0,3864.0,3730.0,3794.0,139339356,36240,17,3716.0,3730.0
2012-09-30,3851.0,3899.0,3643.0,3753.0,73410211,20000,17,3794.0,3644.0
2012-10-01,3700.0,3700.0,3650.0,3752.0,4977380,1348,5,3753.0,3700.0
2012-10-02,3647.0,3700.0,3647.0,3745.0,26512129,7177,6,3752.0,3700.0
2012-10-03,3750.0,3750.0,3749.0,3747.0,74027750,19741,9,3745.0,3750.0
2012-10-06,3647.0,3647.0,3647.0,3747.0,25529,7,1,3747.0,3647.0
2012-10-08,3660.0,3661.0,3660.0,3746.0,1321611,361,2,3747.0,3661.0
2012-10-09,3750.0,3895.0,3750.0,3818.0,127673875,32925,9,3746.0,3890.0
2012-10-15,3800.0,3800.0,3800.0,3818.0,38000,10,1,3818.0,3800.0
2012-10-16,3818.0,3970.0,3818.0,3872.0,94747280,23960,3,3818.0,3970.0
2012-10-17,3718.0,4010.0,3718.0,3874.0,5556866,1397,4,3872.0,3850.0
2012-10-22,3851.0,3900.0,3801.0,3870.0,16816123,4407,14,3874.0,3801.0
2012-10-23,3718.0,3718.0,3716.0,3775.0,137451658,36983,7,3870.0,3716.0
2012-10-24,3701.0,3926.0,3701.0,3862.0,135155672,34427,12,3775.0,3926.0
2012-10-27,3980.0,4016.0,3950.0,3984.0,193631494,48245,15,3862.0,4016.0
2012-10-28,3825.0,4143.0,3825.0,4055.0,166717350,40776,9,3984.0,4143.0
2012-10-29,3893.0,4217.0,3893.0,4211.0,283311026,67273,17,4055.0,4217.0
2012-10-30,4379.0,4379.0,4222.0,4321.0,181569932,41556,13,4211.0,4375.0
2012-10-31,4399.0,4399.0,4217.0,4321.0,3549585,818,11,4321.0,4290.0
2012-11-04,4300.0,4300.0,4300.0,4321.0,430000,100,1,4321.0,4300.0
2012-11-05,4149.0,4149.0,4149.0,4203.0,170092404,40996,15,4321.0,4149.0
2012-11-06,4035.0,4035.0,4035.0,4035.0,244896255,60693,15,4203.0,4035.0
2012-11-07,3874.0,3878.0,3874.0,3895.0,202322470,52219,6,4035.0,3878.0
2012-11-11,3850.0,3850.0,3850.0,3886.0,47343450,12297,2,3895.0,3850.0
2012-11-14,3886.0,3886.0,3751.0,3859.0,45657708,12168,6,3886.0,3756.0
2012-11-19,3840.0,3860.0,3770.0,3859.0,31055800,8055,7,3859.0,3770.0
2012-11-20,3705.0,3705.0,3705.0,3848.0,16350165,4413,1,3859.0,3705.0
2012-11-26,3700.0,3930.0,3700.0,3841.0,23713240,6268,3,3848.0,3930.0
2012-11-27,3700.0,3700.0,3700.0,3841.0,74000,20,1,3841.0,3700.0
2012-11-28,3899.0,3994.0,3850.0,3888.0,95893155,24224,6,3841.0,3994.0
2012-12-01,3733.0,4043.0,3733.0,3943.0,86091305,21296,11,3888.0,3840.0
2012-12-02,3786.0,3800.0,3786.0,3943.0,94790,25,2,3943.0,3800.0
2012-12-03,4000.0,4000.0,3900.0,3942.0,12075700,3077,2,3943.0,3900.0
2012-12-04,3786.0,3800.0,3786.0,3926.0,24917552,6572,6,3942.0,3786.0
2012-12-05,3769.0,3769.0,3769.0,3854.0,103308290,27410,10,3926.0,3769.0
2012-12-08,3700.0,3701.0,3700.0,3853.0,1609925,435,2,3854.0,3701.0
2012-12-10,3700.0,3700.0,3700.0,3853.0,37000,10,1,3853.0,3700.0
2012-12-11,3700.0,4000.0,3700.0,3837.0,30277294,8108,8,3853.0,3850.0
2012-12-12,3900.0,3900.0,3700.0,3822.0,24172000,6527,9,3837.0,3700.0
2012-12-15,3671.0,3671.0,3671.0,3821.0,1835500,500,1,3822.0,3671.0
2012-12-16,3670.0,3670.0,3669.0,3820.0,1695480,462,3,3821.0,3669.0
2012-12-17,3972.0,3972.0,3668.0,3820.0,764000,200,2,3820.0,3668.0
2012-12-19,3820.0,3820.0,3700.0,3820.0,725060,193,3,3820.0,3700.0
2012-12-22,3671.0,3849.0,3671.0,3791.0,97061730,25857,18,3820.0,3810.0
2012-12-23,3640.0,3750.0,3640.0,3789.0,2184550,600,3,3791.0,3750.0
2012-12-24,3940.0,3940.0,3820.0,3826.0,58560540,14865,16,3789.0,3940.0
2012-12-25,3750.0,3800.0,3750.0,3824.0,19037500,5010,3,3826.0,3800.0
2012-12-30,3790.0,3800.0,3790.0,3813.0,72780000,19200,2,3824.0,3800.0
2012-12-31,3800.0,3965.0,3800.0,3964.0,287767225,72595,13,3813.0,3965.0
2013-01-01,3806.0,3958.0,3806.0,3957.0,48517060,12340,7,3964.0,3958.0
2013-01-08,3810.0,0.0,0.0,3956.0,1905000,500,1,3957.0,3810.0
2013-01-09,3798.0,3900.0,3798.0,3926.0,48282774,12663,6,3956.0,3900.0
2013-01-13,3769.0,3769.0,3769.0,3916.0,15076000,4000,3,3926.0,3769.0
2013-01-14,3760.0,3800.0,3760.0,3914.0,2298100,610,3,3916.0,3800.0
2013-01-15,3758.0,3800.0,3758.0,3913.0,1215160,320,2,3914.0,3800.0
2013-01-16,3801.0,3850.0,3801.0,3899.0,34664745,9073,6,3913.0,3850.0
2013-01-19,3802.0,3802.0,3802.0,3802.0,886531350,233175,18,3899.0,3802.0
2013-01-20,3811.0,3954.0,3811.0,3846.0,69659970,17620,10,3802.0,3830.0
2013-01-21,3811.0,3999.0,3811.0,3891.0,76223126,19112,9,3846.0,3999.0
2013-01-22,3811.0,4046.0,3811.0,3952.0,95301738,23557,10,3891.0,4046.0
2013-01-23,4110.0,4110.0,4110.0,3979.0,42678240,10384,3,3952.0,4110.0
2013-01-26,4110.0,4138.0,4110.0,4031.0,81882000,19800,3,3979.0,4138.0
2013-01-27,4150.0,4192.0,4150.0,4189.0,303723644,72506,11,4031.0,4192.0
2013-01-28,4356.0,4356.0,4220.0,4247.0,159104847,37145,17,4189.0,4280.0
2013-01-30,4100.0,4100.0,4100.0,4246.0,2070500,505,1,4247.0,4100.0
2013-02-02,4250.0,4250.0,4077.0,4177.0,102379971,25091,6,4246.0,4077.0
2013-02-03,4100.0,4250.0,4100.0,4172.0,19752750,4800,2,4177.0,4250.0
2013-02-04,4100.0,4219.0,4099.0,4174.0,66797664,15985,10,4172.0,4219.0
2013-02-05,4300.0,4300.0,4200.0,4175.0,1487300,346,2,4174.0,4200.0
2013-02-06,4151.0,4151.0,4060.0,4175.0,1031500,250,4,4175.0,4120.0
2013-02-09,4150.0,4342.0,4150.0,4201.0,73389979,17203,13,4175.0,4342.0
2013-02-11,4369.0,4369.0,4369.0,4229.0,44126900,10100,2,4201.0,4369.0
2013-02-12,4398.0,4398.0,4398.0,4398.0,397847478,90461,20,4229.0,4398.0
2013-03-03,2217.0,2217.0,2101.0,2200.0,127556427,57921,10,2132.0,2101.0
2013-03-04,2133.0,2210.0,2112.0,2120.0,257739816,121553,29,2200.0,2130.0
2013-03-05,2204.0,2204.0,2111.0,2150.0,49594432,22533,22,2120.0,2203.0
2013-03-06,2159.0,2236.0,2159.0,2202.0,115533394,52287,25,2150.0,2236.0
2013-03-09,2280.0,2285.0,2200.0,2206.0,10655235,4721,11,2202.0,2280.0
2013-03-10,2294.0,2294.0,2294.0,2211.0,7971650,3475,6,2206.0,2294.0
2013-03-11,2298.0,2299.0,2280.0,2214.0,6120510,2674,5,2211.0,2289.0
2013-03-12,2302.0,2302.0,2126.0,2198.0,43943221,20286,15,2214.0,2250.0
2013-03-13,2285.0,2285.0,2283.0,2238.0,63780548,27930,9,2198.0,2285.0
2013-03-16,2327.0,2327.0,2149.0,2230.0,27766867,12624,10,2238.0,2270.0
2013-03-17,2250.0,2250.0,2180.0,2229.0,30536089,13720,11,2230.0,2200.0
2013-03-18,2141.0,2246.0,2140.0,2211.0,27927000,13000,9,2229.0,2140.0
2013-03-25,2247.0,2247.0,2247.0,2213.0,8504895,3785,3,2211.0,2247.0
2013-03-26,2301.0,2301.0,2300.0,2301.0,337597118,146718,18,2213.0,2301.0
2013-03-27,2393.0,2393.0,2301.0,2365.0,230532542,97466,23,2301.0,2301.0
2013-03-30,2459.0,2459.0,2419.0,2453.0,455909235,185890,28,2365.0,2459.0
2013-03-31,2551.0,2551.0,2550.0,2512.0,92114810,36111,16,2453.0,2550.0
2013-04-03,2612.0,2612.0,2412.0,2487.0,51397925,21069,17,2512.0,2412.0
2013-04-07,2388.0,2500.0,2388.0,2484.0,6360660,2636,6,2487.0,2450.0
2013-04-08,2460.0,2460.0,2385.0,2473.0,16948100,7100,17,2484.0,2385.0
2013-04-09,2400.0,2480.0,2375.0,2392.0,176918250,73952,24,2473.0,2375.0
2013-04-10,2356.0,2487.0,2355.0,2480.0,561221706,226287,27,2392.0,2487.0
2013-04-13,2579.0,2579.0,2579.0,2488.0,12895000,5000,1,2480.0,2579.0
2013-04-15,2587.0,2587.0,2587.0,2503.0,22744904,8792,3,2488.0,2587.0
2013-04-16,2603.0,2603.0,2603.0,2603.0,189154804,72668,9,2503.0,2603.0
2013-04-17,2707.0,2707.0,2587.0,2700.0,1524350156,564512,110,2603.0,2690.0
2013-04-20,2807.0,2807.0,2613.0,2712.0,125732038,46302,23,2700.0,2670.0
2013-04-21,2699.0,2699.0,2604.0,2607.0,674072104,258576,24,2712.0,2604.0
2013-04-22,2699.0,2699.0,2579.0,2628.0,78755579,29726,21,2607.0,2649.0
2013-04-23,2690.0,2733.0,2650.0,2678.0,122261157,45377,19,2628.0,2733.0
2013-04-24,2785.0,2785.0,2650.0,2749.0,442787889,161070,37,2678.0,2779.0
2013-04-27,2750.0,2793.0,2641.0,2725.0,94704119,34967,16,2749.0,2641.0
2013-04-28,2616.0,2616.0,2616.0,2682.0,61253640,23415,8,2725.0,2616.0
2013-04-29,2575.0,2575.0,2575.0,2653.0,42531275,16517,8,2682.0,2575.0
2013-04-30,2547.0,2547.0,2547.0,2653.0,20376,8,2,2653.0,2547.0
2013-05-01,2547.0,2547.0,2547.0,2652.0,1273500,500,1,2653.0,2547.0
2013-05-04,2546.0,2546.0,2546.0,2640.0,17412094,6839,4,2652.0,2546.0
2013-05-19,2546.0,2546.0,2445.0,2546.0,321355786,126232,12,2640.0,2445.0
2013-05-20,2445.0,2500.0,2445.0,2445.0,684292800,279822,58,2546.0,2500.0
2013-05-21,2465.0,2542.0,2465.0,2539.0,980940090,386284,57,2445.0,2542.0
2013-06-18,2814.0,2820.0,2702.0,2762.0,654009208,236768,46,2539.0,2820.0
2013-06-19,2762.0,2872.0,2762.0,2869.0,271087192,94486,28,2762.0,2872.0
2013-06-22,2983.0,2983.0,2983.0,2900.0,48452869,16243,11,2869.0,2983.0
2013-06-23,3016.0,3016.0,3016.0,2929.0,45194760,14985,7,2900.0,3016.0
2013-06-25,3046.0,3046.0,3046.0,2929.0,694488,228,1,2929.0,3046.0
2013-06-26,3046.0,3046.0,3046.0,2984.0,85242310,27985,4,2929.0,3046.0
2013-06-29,3103.0,3103.0,3103.0,3038.0,85118393,27431,6,2984.0,3103.0
2013-06-30,3159.0,3159.0,3159.0,3074.0,56691414,17946,6,3038.0,3159.0
2013-07-01,3196.0,3196.0,3196.0,3098.0,38352000,12000,2,3074.0,3196.0
2013-07-02,3221.0,3221.0,3221.0,3129.0,49281300,15300,3,3098.0,3221.0
2013-07-03,3254.0,3254.0,3254.0,3173.0,69378534,21321,5,3129.0,3254.0
2013-07-06,3299.0,3299.0,3299.0,3197.0,37938500,11500,2,3173.0,3299.0
2013-07-07,3324.0,3324.0,3324.0,3324.0,200473764,60311,4,3197.0,3324.0
2013-07-08,3456.0,3456.0,3456.0,3456.0,206734464,59819,7,3324.0,3456.0
2013-07-09,3594.0,3594.0,3594.0,3588.0,205936200,57300,4,3456.0,3594.0
2013-07-10,3731.0,3731.0,3731.0,3589.0,1869231,501,2,3588.0,3731.0
2013-07-13,3732.0,3732.0,3732.0,3716.0,198325944,53142,4,3589.0,3732.0
2013-07-14,3864.0,3864.0,3731.0,3862.0,2888726661,747956,112,3716.0,3864.0
2013-07-15,4016.0,4016.0,4016.0,4016.0,288641968,71873,19,3862.0,4016.0
2013-07-16,4176.0,4176.0,4176.0,4022.0,9517104,2279,2,4016.0,4176.0
2013-07-17,4182.0,4182.0,4182.0,4071.0,76137492,18206,1,4022.0,4182.0
2013-07-29,4233.0,4233.0,4000.0,4212.0,777978021,184717,98,4071.0,4000.0
2013-07-31,4050.0,4130.0,4044.0,4081.0,1464545661,358843,110,4212.0,4119.0
2013-08-03,4005.0,4244.0,4005.0,4171.0,1608267333,385545,74,4081.0,4244.0
2013-08-04,4336.0,4337.0,4173.0,4335.0,2114525861,487759,80,4171.0,4337.0
2013-08-05,4508.0,4508.0,4508.0,4508.0,1797177312,398664,67,4335.0,4508.0
2013-08-06,4688.0,4688.0,4688.0,4688.0,1454292608,310216,64,4508.0,4688.0
2013-08-07,4870.0,4870.0,4503.0,4742.0,1712659058,361190,72,4688.0,4503.0
2013-08-11,4749.0,4874.0,4559.0,4741.0,2671115964,563384,81,4742.0,4559.0
2013-08-12,4750.0,4930.0,4552.0,4798.0,1824819404,380357,84,4741.0,4897.0
2013-08-13,4930.0,4980.0,4700.0,4824.0,439653282,91133,37,4798.0,4899.0
2013-08-14,4820.0,4820.0,4635.0,4741.0,135913148,29212,13,4824.0,4635.0
2013-08-17,4552.0,4600.0,4552.0,4653.0,129838200,28500,23,4741.0,4552.0
2013-08-18,4552.0,4552.0,4467.0,4471.0,317275138,70967,30,4653.0,4467.0
2013-08-19,4630.0,4649.0,4471.0,4624.0,2210044493,477957,25,4471.0,4500.0
2013-08-20,4441.0,4780.0,4440.0,4677.0,909004093,194356,49,4624.0,4490.0
2013-08-21,4500.0,4500.0,4500.0,4671.0,9000000,2000,1,4677.0,4500.0
2013-08-27,4485.0,4485.0,4485.0,4633.0,54268500,12100,6,4671.0,4485.0
2013-08-28,4448.0,4448.0,4448.0,4448.0,266924480,60010,10,4633.0,4448.0
2013-08-31,4271.0,4271.0,4271.0,4271.0,256302710,60010,8,4448.0,4271.0
2013-09-01,4101.0,4200.0,4101.0,4102.0,369442992,90075,33,4271.0,4101.0
2013-09-03,3938.0,4000.0,3938.0,3952.0,216790900,55051,42,4102.0,3938.0
2013-09-04,3794.0,3794.0,3794.0,3794.0,229537000,60500,14,3952.0,3794.0
2013-09-07,3643.0,3643.0,3643.0,3643.0,218762150,60050,5,3794.0,3643.0
2013-09-08,3498.0,3643.0,3498.0,3605.0,56140720,16040,8,3643.0,3643.0
2013-09-09,3642.0,3739.0,3641.0,3628.0,68564482,18632,18,3605.0,3739.0
2013-09-10,3773.0,3773.0,3773.0,3628.0,37730,10,1,3628.0,3773.0
2013-09-11,3773.0,3773.0,3773.0,3629.0,1248863,331,2,3628.0,3773.0
2013-09-14,3774.0,3774.0,3774.0,3660.0,48722340,12910,4,3629.0,3774.0
2013-09-15,3806.0,3806.0,3806.0,3670.0,16114604,4234,1,3660.0,3806.0
2013-09-16,3816.0,3816.0,3816.0,3711.0,190800000,50000,3,3670.0,3816.0
2013-09-17,3859.0,3859.0,3859.0,3757.0,214463925,55575,2,3711.0,3859.0
2013-09-18,3907.0,3907.0,3907.0,3757.0,1148658,294,1,3757.0,3907.0
2013-09-21,3907.0,3907.0,3818.0,3863.0,501194754,128317,48,3757.0,3907.0
2013-09-22,4017.0,4017.0,4017.0,3879.0,77118366,19198,21,3863.0,4017.0
2013-09-23,4034.0,4034.0,4034.0,3886.0,34635924,8586,7,3879.0,4034.0
2013-09-24,4041.0,4041.0,4041.0,3896.0,46863477,11597,3,3886.0,4041.0
2013-09-25,4051.0,4051.0,4051.0,3903.0,32671315,8065,5,3896.0,4051.0
2013-09-28,4059.0,4059.0,4059.0,3907.0,16832673,4147,12,3903.0,4059.0
2013-09-29,4063.0,4063.0,4059.0,4063.0,792039623,194947,38,3907.0,4063.0
2013-09-30,4224.0,4224.0,3901.0,4074.0,156782907,38088,25,4063.0,4140.0
2013-10-01,4000.0,4001.0,3912.0,4051.0,167617385,42147,21,4074.0,3912.0
2013-10-02,4090.0,4213.0,4090.0,4136.0,576237095,138460,62,4051.0,4213.0
2013-10-05,4280.0,4301.0,4279.0,4299.0,773843596,180000,39,4136.0,4301.0
2013-10-06,4470.0,4470.0,4470.0,4329.0,142038720,31776,11,4299.0,4470.0
2013-10-07,4502.0,4502.0,4190.0,4495.0,1079700089,240195,67,4329.0,4489.0
2013-10-08,4502.0,4502.0,4317.0,4473.0,175382618,39896,24,4495.0,4352.0
2013-10-09,4295.0,4640.0,4295.0,4548.0,1350150539,296840,63,4473.0,4404.0
2013-10-12,4600.0,4600.0,4368.0,4541.0,62994967,14140,19,4548.0,4401.0
2013-10-13,4360.0,4539.0,4360.0,4481.0,358717692,81356,33,4541.0,4374.0
2013-10-14,4450.0,4491.0,4302.0,4433.0,412414226,93976,37,4481.0,4310.0
2013-10-15,4500.0,4500.0,4320.0,4431.0,151647695,34280,26,4433.0,4320.0
2013-10-19,4500.0,4500.0,4255.0,4379.0,256621370,60013,57,4431.0,4390.0
2013-10-20,4370.0,4370.0,4204.0,4357.0,103403905,24520,14,4379.0,4349.0
2013-10-21,4210.0,4250.0,4183.0,4312.0,195799218,46799,23,4357.0,4183.0
2013-10-22,4140.0,4484.0,4140.0,4458.0,938496375,210497,48,4312.0,4484.0
2013-10-23,4550.0,4550.0,4300.0,4439.0,325864614,73866,38,4458.0,4300.0
2013-10-26,4500.0,4500.0,4262.0,4384.0,248943000,58302,16,4439.0,4262.0
2013-10-27,4300.0,4350.0,4209.0,4352.0,148268135,35115,10,4384.0,4209.0
2013-10-28,4518.0,4518.0,4178.0,4260.0,433794137,103467,25,4352.0,4180.0
2013-10-29,4279.0,4279.0,4090.0,4104.0,897451445,218655,42,4260.0,4090.0
2013-10-30,4089.0,4220.0,4080.0,4112.0,115747920,27851,15,4104.0,4220.0
2013-11-02,4276.0,4276.0,4276.0,4276.0,1492469384,349034,23,4112.0,4276.0
2013-11-03,4447.0,4447.0,4447.0,4307.0,147342451,33133,13,4276.0,4447.0
2013-11-04,4479.0,4479.0,4300.0,4471.0,2810387342,628629,100,4307.0,4479.0
2013-11-05,4649.0,4649.0,4501.0,4642.0,1427395748,307465,83,4471.0,4649.0
2013-11-06,4826.0,4827.0,4751.0,4826.0,1131044726,234354,54,4642.0,4827.0
2013-11-09,5015.0,5019.0,5000.0,5018.0,4458165477,888387,184,4826.0,5019.0
2013-11-10,5218.0,5218.0,5200.0,5218.0,3430215233,657401,148,5018.0,5218.0
2013-11-11,5426.0,5426.0,5426.0,5304.0,405343904,74704,28,5218.0,5426.0
2013-11-12,5516.0,5516.0,5516.0,5405.0,474662832,86052,19,5304.0,5516.0
2013-11-16,5621.0,5621.0,5621.0,5424.0,87384066,15546,9,5405.0,5621.0
2013-11-17,5640.0,5640.0,5640.0,5480.0,262756320,46588,6,5424.0,5640.0
2013-11-18,5699.0,5699.0,5699.0,5509.0,137277512,24088,11,5480.0,5699.0
2013-11-19,5729.0,5729.0,5729.0,5650.0,661435966,115454,13,5509.0,5729.0
2013-11-20,5876.0,5876.0,5876.0,5870.0,1028106092,174967,36,5650.0,5876.0
2013-11-23,6104.0,6104.0,6104.0,5909.0,183553384,30071,8,5870.0,6104.0
2013-11-24,6145.0,6145.0,6145.0,5969.0,279173495,45431,17,5909.0,6145.0
2013-11-25,6207.0,6207.0,6207.0,6131.0,759463692,122356,21,5969.0,6207.0
2013-11-26,6376.0,6376.0,5886.0,6235.0,7642128684,1225686,341,6131.0,6376.0
2013-11-27,6398.0,6398.0,5986.0,6174.0,933569880,151498,91,6235.0,6100.0
2013-11-30,6149.0,6300.0,5928.0,6126.0,2679346783,437387,152,6174.0,6190.0
2013-12-01,6300.0,6300.0,5881.0,5976.0,2114044109,353763,141,6126.0,5930.0
2013-12-02,5737.0,5985.0,5737.0,5918.0,395302446,67904,46,5976.0,5900.0
2013-12-03,5990.0,5990.0,5682.0,5755.0,779790266,136720,45,5918.0,5683.0
2013-12-04,5975.0,5985.0,5700.0,5843.0,525912424,88631,56,5755.0,5970.0
2013-12-07,6076.0,6076.0,6000.0,5915.0,351683446,57958,47,5843.0,6076.0
2013-12-08,6151.0,6151.0,6151.0,5965.0,232274062,37762,14,5915.0,6151.0
2013-12-09,6203.0,6203.0,6203.0,6105.0,657753714,106038,19,5965.0,6203.0
2013-12-10,6349.0,6349.0,6349.0,6293.0,880987240,138760,46,6105.0,6349.0
2013-12-11,6544.0,6544.0,6544.0,6402.0,511668816,78189,28,6293.0,6544.0
2013-12-14,6658.0,6658.0,6658.0,6511.0,510129302,76619,38,6402.0,6658.0
2013-12-15,6771.0,6771.0,6771.0,6569.0,271347825,40075,11,6511.0,6771.0
2013-12-16,6831.0,6831.0,6831.0,6632.0,295269975,43225,21,6569.0,6831.0
2013-12-17,6897.0,6897.0,6897.0,6703.0,331904331,48123,13,6632.0,6897.0
2013-12-18,6971.0,6971.0,6971.0,6756.0,245825344,35264,14,6703.0,6971.0
2013-12-21,7026.0,7026.0,7026.0,6779.0,107940438,15363,8,6756.0,7026.0
2013-12-22,7050.0,7050.0,7050.0,6790.0,52057200,7384,13,6779.0,7050.0
2013-12-24,7061.0,7061.0,7061.0,6805.0,68894177,9757,11,6790.0,7061.0
2013-12-25,7077.0,7077.0,7077.0,6817.0,56042763,7919,7,6805.0,7077.0
2013-12-28,7089.0,7089.0,7089.0,6943.0,591711741,83469,21,6817.0,7089.0
2014-01-04,8800.0,8800.0,8700.0,8789.0,671295200,76381,36,6833.0,8730.0
2014-01-05,9119.0,9119.0,8438.0,8451.0,6155513322,728380,243,8789.0,8438.0
2014-01-06,8114.0,8470.0,8113.0,8178.0,5815412267,711083,193,8451.0,8113.0
2014-01-07,8113.0,8113.0,7851.0,8021.0,703654285,89491,44,8178.0,7851.0
2014-01-08,7849.0,7849.0,7701.0,7724.0,10741462662,1390638,224,8021.0,7799.0
2014-01-11,7845.0,8032.0,7840.0,8020.0,4191863001,522668,162,7724.0,8032.0
2014-01-12,7900.0,8040.0,7700.0,7766.0,4635224111,596844,150,8020.0,8000.0
2014-01-13,7998.0,8076.0,7740.0,8006.0,1484544731,185425,73,7766.0,8076.0
2014-01-14,8320.0,8320.0,7801.0,7952.0,1640597357,206313,56,8006.0,7902.0
2014-01-15,7660.0,7666.0,7634.0,7664.0,1261020044,165106,59,7952.0,7634.0
2014-01-18,7402.0,7423.0,7358.0,7378.0,2248753347,304807,51,7664.0,7358.0
2014-01-20,7083.0,7092.0,7083.0,7252.0,549602956,77558,20,7378.0,7083.0
2014-01-21,6962.0,7252.0,6962.0,7139.0,1745626326,244522,52,7252.0,6962.0
2014-01-22,6854.0,6855.0,6854.0,6854.0,2370264788,345822,77,7139.0,6854.0
2014-01-25,6580.0,6990.0,6580.0,6622.0,1305105523,197076,33,6854.0,6990.0
2014-01-26,6420.0,6886.0,6358.0,6488.0,1621207052,249874,67,6622.0,6500.0
2014-01-27,6229.0,6255.0,6229.0,6230.0,1607164509,257988,93,6488.0,6231.0
2014-01-28,5984.0,6479.0,5984.0,6452.0,1710201110,265055,39,6230.0,6479.0
2014-01-29,6500.0,6710.0,6500.0,6706.0,1279014240,190726,48,6452.0,6710.0
2014-02-01,6974.0,6974.0,6974.0,6974.0,1558375170,223455,28,6706.0,6974.0
2014-02-02,7252.0,7252.0,6970.0,7012.0,769178641,109304,91,6974.0,7001.0
2014-02-03,7000.0,7100.0,7000.0,7015.0,596452060,84978,26,7012.0,7100.0
2014-02-04,7200.0,7200.0,7002.0,7081.0,490757949,68256,12,7015.0,7199.0
2014-02-05,7200.0,7252.0,6798.0,6883.0,1021047040,149235,31,7081.0,6798.0
2014-02-08,6608.0,6608.0,6608.0,6867.0,68531568,10371,7,6883.0,6608.0
2014-02-09,6593.0,6650.0,6593.0,6743.0,544112109,82483,9,6867.0,6619.0
2014-02-10,6477.0,7012.0,6474.0,6569.0,1875909870,285570,31,6743.0,6500.0
2014-02-12,6698.0,6700.0,6307.0,6482.0,677846028,105581,22,6569.0,6308.0
2014-02-15,6482.0,6700.0,6482.0,6487.0,547685132,84346,22,6482.0,6482.0
2014-02-16,6500.0,6746.0,6228.0,6500.0,769408008,118249,23,6487.0,6729.0
2014-02-17,6759.0,6760.0,6650.0,6711.0,996634510,147499,39,6500.0,6650.0
2014-02-18,6959.0,6959.0,6599.0,6756.0,613457776,90203,20,6711.0,6600.0
2014-02-19,6556.0,6930.0,6550.0,6810.0,586236771,85322,24,6756.0,6920.0
2014-02-22,7082.0,7082.0,7082.0,6978.0,787334268,111174,11,6810.0,7082.0
2014-02-23,7257.0,7257.0,7257.0,7121.0,669755787,92291,18,6978.0,7257.0
2014-02-24,7405.0,7405.0,7250.0,7378.0,2369664647,321188,87,7121.0,7376.0
2014-02-25,7450.0,7450.0,7083.0,7282.0,465599253,65441,46,7378.0,7083.0
2014-02-26,6991.0,7350.0,6991.0,7166.0,636074493,90222,49,7282.0,7149.0
2014-03-01,7000.0,7150.0,6880.0,7070.0,531632792,76595,32,7166.0,6880.0
2014-03-02,6789.0,7000.0,6788.0,6972.0,425883256,62740,15,7070.0,7000.0
2014-03-03,6694.0,6694.0,6694.0,6835.0,594186216,88764,18,6972.0,6694.0
2014-03-04,6562.0,6562.0,6562.0,6822.0,55777000,8500,5,6835.0,6562.0
2014-03-05,6550.0,6738.0,6550.0,6711.0,28479342303,4243410,42,6822.0,6714.0
2014-03-08,6500.0,6949.0,6443.0,6672.0,394100050,59763,28,6711.0,6443.0
2014-03-09,6406.0,6406.0,6406.0,6570.0,440796860,68810,12,6672.0,6406.0
2014-03-10,6308.0,6520.0,6308.0,6519.0,72081801648,11057356,22,6570.0,6520.0
2014-03-11,6519.0,6757.0,6259.0,6474.0,3610650867,557678,49,6519.0,6478.0
2014-03-12,6710.0,6732.0,6280.0,6638.0,891696410,133181,27,6474.0,6732.0
2014-03-15,6900.0,6903.0,6750.0,6784.0,692604652,100373,42,6638.0,6903.0
2014-03-16,7035.0,7035.0,6513.0,6758.0,418100342,62332,36,6784.0,6513.0
2014-03-17,6500.0,6990.0,6500.0,6751.0,78248257,11754,18,6758.0,6611.0
2014-03-18,6500.0,6605.0,6500.0,6713.0,256283201,38968,20,6751.0,6562.0
2014-03-19,6445.0,6449.0,6445.0,6650.0,275170035,42690,32,6713.0,6448.0
2014-03-25,6390.0,6390.0,6384.0,6544.0,461183949,72216,24,6650.0,6384.0
2014-03-26,6283.0,6283.0,6283.0,6498.0,198479970,31590,11,6544.0,6283.0
2014-03-29,6240.0,6240.0,6239.0,6440.0,253118822,40570,15,6498.0,6239.0
2014-03-30,6183.0,6440.0,6183.0,6305.0,727594122,116764,68,6440.0,6400.0
2014-03-31,6180.0,6304.0,6150.0,6226.0,748127014,120902,47,6305.0,6210.0
2014-04-05,6229.0,6439.0,6225.0,6263.0,485443194,76909,50,6226.0,6391.0
2014-04-06,6264.0,6397.0,6055.0,6257.0,58031990,9435,11,6263.0,6199.0
2014-04-07,6053.0,6346.0,6007.0,6119.0,668066999,110739,83,6257.0,6007.0
2014-04-08,6310.0,6310.0,5875.0,5883.0,1193059561,202788,98,6119.0,5875.0
2014-04-09,6118.0,6118.0,5648.0,5809.0,1385209306,238467,101,5883.0,5648.0
2014-04-12,5800.0,5800.0,5577.0,5717.0,400627825,71817,70,5809.0,5577.0
2014-04-13,5489.0,5489.0,5489.0,5649.0,295072173,53757,13,5717.0,5489.0
2014-04-14,5424.0,5424.0,5424.0,5640.0,39562656,7294,3,5649.0,5424.0
2014-04-15,5415.0,5415.0,5415.0,5629.0,47608680,8792,3,5640.0,5415.0
2014-04-16,5404.0,5421.0,5404.0,5406.0,1077028983,199218,68,5629.0,5404.0
2014-04-19,5190.0,5200.0,5190.0,5383.0,100190360,19304,19,5406.0,5190.0
2014-04-20,5168.0,5231.0,5168.0,5274.0,481881664,93169,35,5383.0,5168.0
2014-04-21,5200.0,5287.0,5066.0,5239.0,238841315,46475,29,5274.0,5111.0
2014-04-22,5300.0,5400.0,5030.0,5043.0,1028094808,203868,94,5239.0,5030.0
2014-04-23,4843.0,4999.0,4842.0,4956.0,398288343,82099,43,5043.0,4999.0
2014-04-26,5099.0,5100.0,4970.0,5024.0,849423998,168911,81,4956.0,5100.0
2014-04-27,5120.0,5200.0,4990.0,5037.0,294523732,58142,37,5024.0,5000.0
2014-04-28,4990.0,5000.0,4836.0,4980.0,318534585,65279,53,5037.0,4836.0
2014-04-29,4840.0,4999.0,4781.0,4945.0,165979885,34609,32,4980.0,4781.0
2014-04-30,4755.0,4855.0,4748.0,4903.0,188900603,39740,20,4945.0,4748.0
2014-05-03,4748.0,4748.0,4707.0,4813.0,392440776,83362,21,4903.0,4707.0
2014-05-04,4622.0,4622.0,4621.0,4774.0,169577337,36697,12,4813.0,4621.0
2014-05-05,4584.0,4605.0,4584.0,4585.0,850369440,185451,44,4774.0,4600.0
2014-05-06,4600.0,4610.0,4402.0,4561.0,190137704,42400,26,4585.0,4450.0
2014-05-07,4382.0,4401.0,4379.0,4528.0,145038557,33089,29,4561.0,4379.0
2014-05-10,4499.0,4610.0,4490.0,4527.0,107958682,23864,23,4528.0,4610.0
2014-05-11,4500.0,4695.0,4350.0,4520.0,100555705,22510,29,4527.0,4510.0
2014-05-12,4400.0,4560.0,4361.0,4508.0,132729718,29831,21,4520.0,4400.0
2014-05-14,4328.0,4500.0,4328.0,4498.0,53313053,12243,15,4508.0,4380.0
2014-05-17,4319.0,4380.0,4319.0,4464.0,152739436,35324,25,4498.0,4319.0
2014-05-18,4319.0,4464.0,4290.0,4439.0,165186865,38004,35,4464.0,4300.0
2014-05-19,4263.0,4500.0,4262.0,4372.0,324637642,75851,34,4439.0,4500.0
2014-05-20,4537.0,4546.0,4530.0,4436.0,312019956,68746,35,4372.0,4546.0
2014-05-21,4613.0,4613.0,4613.0,4488.0,242800642,52634,8,4436.0,4613.0
2014-05-24,4667.0,4667.0,4667.0,4666.0,836452409,179227,55,4488.0,4667.0
2014-05-25,4835.0,4835.0,4600.0,4710.0,594322762,125657,58,4666.0,4602.0
2014-06-02,4589.0,4798.0,4522.0,4693.0,113366426,24710,21,4710.0,4522.0
2014-06-03,4506.0,4699.0,4506.0,4668.0,119303145,26383,15,4693.0,4506.0
2014-06-07,4482.0,4482.0,4482.0,4585.0,359581896,80228,24,4668.0,4482.0
2014-06-08,4402.0,4480.0,4402.0,4403.0,1159823380,263436,42,4585.0,4402.0
2014-06-09,4227.0,4482.0,4227.0,4387.0,89969694,21080,10,4403.0,4482.0
2014-06-10,4300.0,4300.0,4270.0,4376.0,72719760,17008,11,4387.0,4270.0
2014-06-11,4230.0,4469.0,4222.0,4360.0,119471676,27980,18,4376.0,4223.0
2014-06-14,4220.0,4500.0,4186.0,4333.0,240262653,56202,19,4360.0,4499.0
2014-06-15,4480.0,4480.0,4300.0,4334.0,61104880,14077,14,4333.0,4440.0
2014-06-16,4450.0,4507.0,4410.0,4405.0,349593500,77700,28,4334.0,4410.0
2014-06-17,4581.0,4581.0,4420.0,4414.0,68642000,15220,16,4405.0,4497.0
2014-06-18,4426.0,4426.0,4238.0,4402.0,73484196,17120,4,4414.0,4250.0
2014-06-21,4226.0,4480.0,4226.0,4477.0,1847801797,412728,20,4402.0,4399.0
2014-06-22,4560.0,4560.0,4400.0,4556.0,1872659001,410994,21,4477.0,4400.0
2014-06-23,4374.0,4520.0,4374.0,4551.0,23493840,5336,5,4556.0,4520.0
2014-06-25,4369.0,4369.0,4369.0,4526.0,105948250,24250,12,4551.0,4369.0
2014-06-30,4345.0,4450.0,4345.0,4510.0,72344970,16626,8,4526.0,4345.0
2014-07-01,4330.0,4330.0,4330.0,4498.0,53778600,12420,11,4510.0,4330.0
2014-07-02,4320.0,4450.0,4319.0,4460.0,174040874,40232,26,4498.0,4319.0
2014-07-05,4449.0,4638.0,4305.0,4512.0,309506673,67293,42,4460.0,4510.0
2014-07-06,4675.0,4400.0,4332.0,4500.0,60903978,13988,10,4512.0,4333.0
2014-07-07,4320.0,4320.0,4320.0,4493.0,29026080,6719,5,4500.0,4320.0
2014-07-08,4500.0,4500.0,4320.0,4487.0,36538620,8368,9,4493.0,4400.0
2014-07-09,4322.0,4322.0,4308.0,4451.0,156643046,36339,29,4487.0,4308.0
2014-07-12,4273.0,4440.0,4273.0,4390.0,267883847,62640,32,4451.0,4440.0
2014-07-13,4215.0,4410.0,4215.0,4384.0,26172000,6200,4,4390.0,4215.0
2014-07-14,4210.0,4250.0,4209.0,4373.0,57380700,13550,14,4384.0,4250.0
2014-07-22,4380.0,4381.0,4050.0,4290.0,364712182,83282,33,4213.0,4381.0
2014-07-23,4460.0,4460.0,4200.0,4300.0,155609838,35839,19,4290.0,4330.0
2014-07-26,4320.0,4320.0,4130.0,4295.0,287173157,67005,13,4300.0,4130.0
2014-07-27,4258.0,4259.0,4124.0,4268.0,197405387,47107,24,4295.0,4135.0
2014-07-28,4101.0,4255.0,4100.0,4225.0,337860160,80958,46,4268.0,4245.0
2014-08-02,4150.0,4150.0,4056.0,4062.0,878793730,216365,56,4225.0,4056.0
2014-08-03,3900.0,3999.0,3900.0,3910.0,666368942,170767,48,4062.0,3932.0
2014-08-04,3920.0,3940.0,3920.0,3910.0,10381700,2640,4,3910.0,3940.0
2014-08-05,3813.0,3934.0,3810.0,3856.0,433507222,113358,29,3910.0,3900.0
2014-08-06,3856.0,3856.0,3800.0,3855.0,18184898,4776,5,3856.0,3855.0
2014-08-09,3998.0,3998.0,3900.0,3858.0,20049560,5060,7,3855.0,3951.0
2014-08-11,3760.0,3853.0,3704.0,3808.0,246576082,66240,29,3858.0,3704.0
2014-08-12,3706.0,3706.0,3656.0,3682.0,877679519,238379,59,3808.0,3656.0
2014-08-13,3536.0,3829.0,3536.0,3791.0,2408908162,635374,92,3682.0,3815.0
2014-08-16,3792.0,3830.0,3714.0,3789.0,188630125,49830,36,3791.0,3760.0
2014-08-17,3735.0,3740.0,3638.0,3722.0,364408310,99336,56,3789.0,3638.0
2014-08-18,3600.0,3700.0,3574.0,3604.0,775598464,215177,52,3722.0,3600.0
2014-08-19,3600.0,3748.0,3460.0,3519.0,742585898,211044,65,3604.0,3460.0
2014-08-20,3405.0,3565.0,3400.0,3442.0,688696773,200074,73,3519.0,3560.0
2014-08-23,3579.0,3579.0,3579.0,3482.0,190205955,53145,11,3442.0,3579.0
2014-08-24,3621.0,3621.0,3621.0,3621.0,656487300,181300,27,3482.0,3621.0
2014-08-25,3765.0,3765.0,3765.0,3765.0,700120575,185955,14,3621.0,3765.0
2014-08-26,3915.0,3915.0,3775.0,3903.0,3910286974,1001857,167,3765.0,3850.0
2014-08-27,3809.0,3855.0,3747.0,3757.0,1116628541,297236,75,3903.0,3747.0
2014-08-30,3637.0,3694.0,3607.0,3635.0,608553125,167829,41,3757.0,3609.0
2014-08-31,3523.0,3689.0,3523.0,3622.0,203543872,56664,31,3635.0,3689.0
2014-09-01,3650.0,3650.0,3575.0,3634.0,1822324704,501478,51,3622.0,3639.0
2014-09-02,3650.0,3660.0,3576.0,3603.0,594500725,165108,39,3634.0,3630.0
2014-09-03,3550.0,3595.0,3501.0,3532.0,825556612,233741,54,3603.0,3573.0
2014-09-06,3560.0,3560.0,3455.0,3522.0,369580016,105169,31,3532.0,3510.0
2014-09-07,3537.0,3541.0,3472.0,3527.0,942757571,267291,63,3522.0,3480.0
2014-09-08,3430.0,3579.0,3386.0,3446.0,555340132,161576,61,3527.0,3510.0
2014-09-09,3567.0,3583.0,3546.0,3579.0,1922311319,537048,72,3446.0,3583.0
2014-09-10,3722.0,3722.0,3612.0,3713.0,6261617767,1686577,444,3579.0,3688.0
2014-09-13,3748.0,3748.0,3565.0,3580.0,1841897588,514544,111,3713.0,3565.0
2014-09-14,3441.0,3625.0,3445.0,3578.0,806908592,225500,39,3580.0,3590.0
2014-09-15,3503.0,3635.0,3503.0,3594.0,333179832,92318,34,3578.0,3629.0
2014-09-16,3502.0,3683.0,3502.0,3582.0,168079293,47378,21,3594.0,3569.0
2014-09-17,3536.0,3725.0,3536.0,3684.0,921367614,250072,107,3582.0,3682.0
2014-09-20,3700.0,3831.0,3700.0,3829.0,3808638258,994692,155,3684.0,3831.0
2014-09-21,3910.0,3970.0,3753.0,3884.0,2190736601,564087,190,3829.0,3800.0
2014-09-22,3791.0,3970.0,3790.0,3899.0,1455409022,373279,116,3884.0,3870.0
2014-09-23,3930.0,4054.0,3930.0,4048.0,4538948911,1121332,170,3899.0,4054.0
2014-09-24,4209.0,4209.0,4209.0,4209.0,1419805134,337326,29,4048.0,4209.0
2014-09-27,4300.0,4377.0,4073.0,4278.0,5979479071,1397703,350,4209.0,4377.0
2014-09-28,4400.0,4449.0,4378.0,4428.0,1607784397,363088,70,4278.0,4449.0
2014-09-29,4598.0,4605.0,4500.0,4591.0,9330123399,2032344,434,4428.0,4530.0
2014-09-30,4500.0,4500.0,4408.0,4441.0,2145398438,483109,134,4591.0,4408.0
2014-10-01,4280.0,4399.0,4264.0,4277.0,4072233484,952046,236,4441.0,4351.0
2014-10-04,4384.0,4385.0,4210.0,4281.0,939562754,219483,81,4277.0,4224.0
2014-10-06,4224.0,4250.0,4150.0,4195.0,701180832,167394,76,4281.0,4150.0
2014-10-07,4155.0,4250.0,4100.0,4164.0,886241568,212848,97,4195.0,4150.0
2014-10-08,4150.0,4249.0,4150.0,4177.0,1037092533,248268,53,4164.0,4161.0
2014-10-11,4120.0,4300.0,4120.0,4215.0,939835956,222958,87,4177.0,4249.0
2014-10-12,4275.0,4275.0,4141.0,4174.0,732154215,175451,58,4215.0,4205.0
2014-10-14,4135.0,4220.0,4135.0,4167.0,446975317,107371,51,4174.0,4220.0
2014-10-15,4199.0,4333.0,4199.0,4312.0,2140747349,496444,132,4167.0,4333.0
2014-10-18,4440.0,4484.0,4400.0,4470.0,2884339277,645251,135,4312.0,4484.0
2014-10-19,4569.0,4589.0,4350.0,4443.0,2701133716,608003,201,4470.0,4370.0
2014-10-20,4360.0,4620.0,4331.0,4547.0,4446546954,978004,260,4443.0,4620.0
2014-10-21,4648.0,4728.0,4382.0,4559.0,4398268505,964716,247,4547.0,4382.0
2014-10-22,4379.0,4380.0,4377.0,4431.0,557135092,127273,51,4559.0,4377.0
2014-10-25,4377.0,4377.0,4254.0,4271.0,1359872582,318416,138,4431.0,4254.0
2014-10-26,4200.0,4289.0,4200.0,4251.0,454195692,107167,55,4271.0,4222.0
2014-10-27,4350.0,4389.0,4226.0,4267.0,264860728,61645,41,4251.0,4260.0
2014-10-28,4240.0,4260.0,4097.0,4170.0,2056828279,493263,167,4267.0,4179.0
2014-10-29,4120.0,4269.0,4120.0,4201.0,756398380,180036,74,4170.0,4209.0
2014-11-01,4202.0,4292.0,4170.0,4225.0,1327555381,314218,115,4201.0,4221.0
2014-11-02,4191.0,4245.0,4171.0,4198.0,622721590,148525,81,4225.0,4171.0
2014-11-05,4170.0,4365.0,4150.0,4302.0,2402083147,558404,166,4198.0,4365.0
2014-11-08,4469.0,4474.0,4401.0,4472.0,2579373061,576843,112,4302.0,4474.0
2014-11-09,4550.0,4650.0,4510.0,4599.0,5873305619,1277151,306,4472.0,4650.0
2014-11-10,4740.0,4782.0,4623.0,4760.0,1924027082,404186,105,4599.0,4782.0
2014-11-11,4950.0,4950.0,4950.0,4936.0,826565850,166983,36,4760.0,4950.0
2014-11-12,5133.0,5133.0,5133.0,5098.0,757995243,147671,33,4936.0,5133.0
2014-11-15,5199.0,5300.0,4895.0,5080.0,3879430937,763647,267,5098.0,5110.0
2014-11-16,5240.0,5240.0,5003.0,5113.0,2145330346,419547,149,5080.0,5190.0
2014-11-17,5299.0,5317.0,5299.0,5316.0,1204189043,226532,94,5113.0,5317.0
2014-11-18,5500.0,5500.0,5106.0,5176.0,952390102,184000,96,5316.0,5109.0
2014-11-19,5340.0,5340.0,4969.0,4972.0,1985535699,399339,96,5176.0,4969.0
2014-11-22,4968.0,5098.0,4968.0,4991.0,750326138,150210,93,4972.0,4990.0
2014-11-23,5000.0,5100.0,4810.0,4988.0,417063400,83686,55,4991.0,4865.0
2014-11-24,5076.0,5140.0,4900.0,5005.0,280058815,55543,45,4988.0,5000.0
2014-11-25,4805.0,4806.0,4805.0,4904.0,438000775,91155,50,5005.0,4805.0
2014-11-26,4710.0,4900.0,4710.0,4845.0,803649526,166034,39,4904.0,4815.0
2014-11-29,4949.0,5038.0,4802.0,4951.0,1164436207,235196,81,4845.0,4900.0
2014-11-30,5000.0,5050.0,4950.0,5000.0,2325232596,465035,202,4951.0,5002.0
2014-12-01,5001.0,5030.0,4800.0,4978.0,1577288037,316882,92,5000.0,4995.0
2014-12-02,4880.0,4996.0,4800.0,4910.0,1309468241,266688,82,4978.0,4912.0
2014-12-03,4900.0,4970.0,4820.0,4905.0,189324500,38750,18,4910.0,4820.0
2014-12-06,4800.0,4990.0,4709.0,4729.0,824906335,174648,83,4905.0,4709.0
2014-12-07,4880.0,4880.0,4660.0,4738.0,344426080,72474,22,4729.0,4660.0
2014-12-08,4897.0,4897.0,4668.0,4735.0,132294926,28052,23,4738.0,4738.0
2014-12-09,4923.0,4923.0,4630.0,4728.0,117271130,25035,17,4735.0,4640.0
2014-12-10,4540.0,4610.0,4539.0,4618.0,508726014,111803,32,4728.0,4539.0
2014-12-14,4434.0,4520.0,4434.0,4566.0,241045326,54217,27,4618.0,4473.0
2014-12-15,4590.0,4590.0,4384.0,4415.0,659027657,150275,49,4566.0,4384.0
2014-12-16,4300.0,4591.0,4300.0,4458.0,478650000,106659,51,4415.0,4591.0
2014-12-17,4458.0,4636.0,4458.0,4541.0,509613210,110950,44,4458.0,4636.0
2014-12-20,4722.0,4722.0,4600.0,4570.0,261816000,56502,18,4541.0,4660.0
2014-12-22,4752.0,4752.0,4752.0,4695.0,587090592,123546,38,4570.0,4752.0
2014-12-24,4882.0,4882.0,4770.0,4723.0,161551586,33325,24,4695.0,4878.0
2014-12-27,4654.0,4900.0,4650.0,4729.0,1065689747,225363,22,4723.0,4900.0
2014-12-28,4541.0,4700.0,4540.0,4690.0,1216334500,259365,37,4729.0,4700.0
2014-12-29,4877.0,4877.0,4511.0,4628.0,487728172,106361,19,4690.0,4512.0
2014-12-30,4500.0,4813.0,4500.0,4801.0,1197695761,249486,52,4628.0,4813.0
2014-12-31,4989.0,4993.0,4856.0,4981.0,2521455276,506220,145,4801.0,4910.0
2015-01-03,4831.0,4940.0,4782.0,4803.0,856149394,178333,50,4981.0,4782.0
2015-01-04,4612.0,4670.0,4611.0,4774.0,144981026,31281,19,4803.0,4670.0
2015-01-05,4584.0,4720.0,4584.0,4736.0,167887475,36584,24,4774.0,4584.0
2015-01-06,4551.0,4551.0,4547.0,4652.0,365062301,80283,18,4736.0,4547.0
2015-01-07,4682.0,4682.0,4466.0,4643.0,48254276,10708,11,4652.0,4467.0
2015-01-10,4458.0,4458.0,4458.0,4637.0,24545748,5506,6,4643.0,4458.0
2015-01-11,4452.0,4687.0,4452.0,4561.0,332325040,74620,27,4637.0,4680.0
2015-01-12,4390.0,4720.0,4390.0,4575.0,100289830,21447,19,4561.0,4691.0
2015-01-13,4723.0,4723.0,4723.0,4575.0,1180750,250,1,4575.0,4723.0
2015-01-14,4600.0,4600.0,4412.0,4555.0,123529348,27782,4,4575.0,4412.0
2015-01-17,4373.0,4440.0,4373.0,4536.0,98881219,22446,23,4555.0,4400.0
2015-01-18,4355.0,4357.0,4355.0,4520.0,69178610,15882,9,4536.0,4355.0
2015-01-19,4340.0,4340.0,4340.0,4518.0,9565360,2204,2,4520.0,4340.0
2015-01-20,4338.0,4338.0,4338.0,4516.0,8632620,1990,5,4518.0,4338.0
2015-02-04,4336.0,4336.0,4336.0,4458.0,249953056,57646,6,4516.0,4336.0
2015-02-09,4280.0,4280.0,4280.0,4457.0,4280000,1000,1,4458.0,4280.0
2015-02-10,4279.0,4279.0,4279.0,4445.0,51348000,12000,2,4457.0,4279.0
2015-02-16,4268.0,4268.0,4268.0,4425.0,85360000,20000,9,4445.0,4268.0
2015-02-17,4248.0,4390.0,4248.0,4282.0,3641472797,850455,194,4425.0,4335.0
2015-02-18,4282.0,4399.0,4111.0,4172.0,1270675381,304578,125,4282.0,4111.0
2015-02-21,4160.0,4168.0,4050.0,4091.0,406095670,99659,51,4172.0,4100.0
2015-02-22,4051.0,4051.0,3928.0,3967.0,381302005,96825,45,4091.0,3975.0
2015-02-23,3820.0,3965.0,3809.0,3891.0,1989904053,511365,83,3967.0,3809.0
2015-02-24,3891.0,4046.0,3891.0,3998.0,584449546,146175,73,3891.0,3999.0
2015-02-25,4000.0,4157.0,4000.0,4134.0,1263584574,305626,88,3998.0,4157.0
2015-02-28,4298.0,4298.0,4200.0,4280.0,1506733563,352023,67,4134.0,4297.0
2015-03-01,4392.0,4392.0,4109.0,4236.0,1000153829,236112,73,4280.0,4389.0
2015-03-02,4100.0,4300.0,4100.0,4184.0,434411929,104025,36,4236.0,4250.0
2015-03-09,4250.0,4325.0,4250.0,4243.0,289038783,67389,26,4184.0,4289.0
2015-03-10,4075.0,4075.0,4074.0,4195.0,137925595,33855,26,4243.0,4074.0
2015-03-11,4028.0,4146.0,4028.0,4114.0,311377792,76544,31,4195.0,4028.0
2015-03-14,4020.0,4268.0,4020.0,4119.0,32659062,7795,11,4114.0,4250.0
2015-03-15,4280.0,4280.0,3955.0,4127.0,385401225,93324,34,4119.0,4070.0
2015-03-16,4035.0,4190.0,4035.0,4125.0,97762223,23756,18,4127.0,4035.0
2015-03-17,4124.0,4124.0,3960.0,4062.0,209816780,52735,29,4125.0,3960.0
2015-03-18,4000.0,4125.0,4000.0,4068.0,76336478,18601,16,4062.0,4125.0
2015-03-25,4190.0,4230.0,4189.0,4143.0,289402830,68882,21,4068.0,4230.0
2015-03-28,4280.0,4308.0,4265.0,4157.0,54899766,12831,11,4143.0,4308.0
2015-03-29,4300.0,4300.0,4115.0,4179.0,306377803,73058,20,4157.0,4115.0
2015-03-30,4180.0,4180.0,4012.0,4098.0,275238390,68190,34,4179.0,4012.0
2015-03-31,4098.0,4100.0,3952.0,4084.0,222676082,54742,19,4098.0,4080.0
2015-04-04,4247.0,4247.0,4247.0,4247.0,532102383,125289,29,4084.0,4247.0
2015-04-05,4416.0,4416.0,4160.0,4405.0,1108385327,251602,87,4247.0,4409.0
2015-04-06,4350.0,4350.0,4229.0,4233.0,599756582,141695,19,4405.0,4229.0
2015-04-07,4070.0,4101.0,4064.0,4073.0,804960373,197654,51,4233.0,4064.0
2015-04-08,3911.0,4195.0,3911.0,4014.0,279056087,70295,35,4073.0,4040.0
2015-04-11,4080.0,4110.0,3954.0,4027.0,186735844,46119,32,4014.0,4001.0
2015-04-12,4000.0,4000.0,3900.0,4000.0,123385710,31467,14,4027.0,3910.0
2015-04-13,3999.0,4000.0,3900.0,3975.0,184199260,46830,24,4000.0,3970.0
2015-04-14,3970.0,3970.0,3895.0,3964.0,80380024,20568,11,3975.0,3930.0
2015-04-15,3950.0,3981.0,3902.0,3963.0,238281000,60158,22,3964.0,3902.0
2015-04-18,3831.0,3846.0,3826.0,3925.0,150918784,39298,19,3963.0,3826.0
2015-04-19,3847.0,3900.0,3831.0,3920.0,37130329,9627,10,3925.0,3850.0
2015-04-20,3900.0,3900.0,3821.0,3912.0,50239785,13081,9,3920.0,3900.0
2015-04-21,3900.0,3950.0,3851.0,3912.0,20118987,5127,4,3912.0,3851.0
2015-04-22,3900.0,4000.0,3900.0,3915.0,73972194,18797,12,3912.0,3988.0
2015-04-25,3900.0,3910.0,3800.0,3885.0,205975270,53597,27,3915.0,3850.0
2015-04-26,3900.0,3900.0,3832.0,3879.0,82026676,21327,9,3885.0,3832.0
2015-04-27,3990.0,3900.0,3855.0,3878.0,40791894,10565,14,3879.0,3880.0
2015-04-28,3870.0,3870.0,3723.0,3857.0,77365234,20647,18,3878.0,3723.0
2015-04-29,3889.0,3889.0,3800.0,3857.0,4607193,1191,3,3857.0,3885.0
2015-05-03,3999.0,3999.0,3716.0,3864.0,89526284,22961,15,3857.0,3716.0
2015-05-04,3978.0,3979.0,3868.0,3870.0,55243850,14100,14,3864.0,3868.0
2015-05-06,3930.0,3930.0,3741.0,3849.0,4273012295,1110246,61,3870.0,3859.0
2015-05-09,3741.0,3780.0,3741.0,3846.0,14978180,3980,8,3849.0,3741.0
2015-05-10,3700.0,3700.0,3695.0,3845.0,3623000,980,3,3846.0,3695.0
2015-05-11,3720.0,3770.0,3720.0,3839.0,35256394,9363,7,3845.0,3762.0
2015-05-12,3735.0,3735.0,3715.0,3832.0,31331590,8394,4,3839.0,3715.0
2015-05-13,3718.0,3750.0,3690.0,3788.0,182503074,49115,48,3832.0,3715.0
2015-05-17,3652.0,3652.0,3637.0,3763.0,83998427,23037,23,3788.0,3637.0
2015-05-18,3800.0,3800.0,3800.0,3763.0,1520000,400,1,3763.0,3800.0
2015-05-19,3700.0,3737.0,3613.0,3724.0,155985918,42809,20,3763.0,3630.0
2015-05-20,3598.0,3696.0,3591.0,3704.0,93048541,25706,11,3724.0,3591.0
2015-05-23,3686.0,3686.0,3519.0,3690.0,39599592,11195,13,3704.0,3519.0
2015-05-24,3507.0,3597.0,3506.0,3612.0,202109644,57629,30,3690.0,3597.0
2015-05-25,3470.0,3470.0,3432.0,3494.0,314071760,91344,42,3612.0,3432.0
2015-05-26,3400.0,3521.0,3320.0,3345.0,1015487531,303560,95,3494.0,3449.0
2015-05-27,3410.0,3512.0,3410.0,3490.0,503234772,144203,42,3345.0,3512.0
2015-05-30,3650.0,3664.0,3646.0,3616.0,387289783,105786,23,3490.0,3664.0
2015-05-31,3610.0,3748.0,3602.0,3713.0,4735639806,1275363,121,3616.0,3602.0
2015-06-07,3528.0,3528.0,3528.0,3633.0,204539328,57976,13,3713.0,3528.0
2015-06-08,3452.0,3452.0,3452.0,3628.0,13549100,3925,5,3633.0,3452.0
2015-06-09,3447.0,3447.0,3447.0,3627.0,3005784,872,2,3628.0,3447.0
2015-06-10,3446.0,3446.0,3446.0,3600.0,68489250,19875,9,3627.0,3446.0
2015-06-13,3420.0,3420.0,3420.0,3600.0,1002060,293,1,3600.0,3420.0
2015-06-14,3420.0,3420.0,3420.0,3598.0,6556140,1917,6,3600.0,3420.0
2015-06-15,3419.0,3419.0,3419.0,3578.0,52344890,15310,4,3598.0,3419.0
2015-06-16,3400.0,3400.0,3400.0,3578.0,1020000,300,1,3578.0,3400.0
2015-06-17,3400.0,3400.0,3400.0,3572.0,15623000,4595,4,3578.0,3400.0
2015-06-20,3394.0,3394.0,3394.0,3556.0,42343544,12476,4,3572.0,3394.0
2015-06-24,3379.0,3379.0,3379.0,3407.0,400985930,118670,20,3556.0,3379.0
2015-06-27,3237.0,3450.0,3237.0,3379.0,350412820,104049,57,3407.0,3447.0
2015-06-28,3311.0,3312.0,3300.0,3368.0,76759913,23214,13,3379.0,3310.0
2015-06-29,3330.0,3330.0,3299.0,3356.0,92558921,28019,14,3368.0,3300.0
2015-06-30,3290.0,3330.0,3240.0,3331.0,141897559,43390,26,3356.0,3250.0
2015-07-07,3489.0,3489.0,3320.0,3430.0,296795640,86537,25,3151.0,3320.0
2015-07-11,3539.0,3539.0,3259.0,3271.0,934021602,285580,101,3430.0,3259.0
2015-07-12,3355.0,3355.0,3280.0,3281.0,203170515,61673,38,3271.0,3300.0
2015-07-13,3295.0,3349.0,3295.0,3306.0,380156414,114746,54,3281.0,3300.0
2015-07-14,3250.0,3471.0,3230.0,3381.0,844435231,249727,55,3306.0,3471.0
2015-07-15,3335.0,3350.0,3333.0,3374.0,75238548,22538,15,3381.0,3333.0
2015-07-20,3331.0,3331.0,3250.0,3358.0,94802740,28812,8,3374.0,3260.0
2015-07-21,3312.0,3420.0,3312.0,3360.0,37219270,10998,8,3358.0,3410.0
2015-07-22,3311.0,3311.0,3291.0,3349.0,88867117,26928,10,3360.0,3291.0
2015-07-25,3300.0,3300.0,3182.0,3313.0,166670394,51372,19,3349.0,3182.0
2015-07-26,3240.0,3240.0,3200.0,3307.0,36812000,11400,12,3313.0,3200.0
2015-07-27,3163.0,3298.0,3152.0,3301.0,23242000,7285,9,3307.0,3298.0
2015-07-28,3200.0,3200.0,3170.0,3294.0,28648824,9000,8,3301.0,3170.0
2015-07-29,3200.0,3206.0,3170.0,3262.0,163900059,51198,20,3294.0,3206.0
2015-08-01,3212.0,3221.0,3204.0,3235.0,290909185,90450,20,3262.0,3204.0
2015-08-02,3220.0,3220.0,3200.0,3219.0,252924719,78958,17,3235.0,3201.0
2015-08-03,3240.0,3350.0,3240.0,3276.0,293778650,88535,17,3219.0,3350.0
2015-08-04,3348.0,3350.0,3200.0,3275.0,195240281,59652,23,3276.0,3201.0
2015-08-05,3200.0,3250.0,3200.0,3267.0,67117230,20863,5,3275.0,3203.0
2015-08-08,3201.0,3201.0,3155.0,3229.0,214479212,67432,16,3267.0,3164.0
2015-08-09,3190.0,3200.0,3190.0,3225.0,63977330,20007,5,3229.0,3200.0
2015-08-10,3155.0,3155.0,3064.0,3164.0,326132054,104027,49,3225.0,3090.0
2015-08-12,3193.0,3193.0,3193.0,3165.0,11842837,3709,1,3164.0,3193.0
2015-08-15,3063.0,3162.0,3007.0,3134.0,102816616,34013,29,3165.0,3007.0
2015-08-16,3000.0,3000.0,2978.0,3067.0,209658186,70294,29,3134.0,2978.0
2015-08-17,2929.0,2931.0,2914.0,2989.0,244482734,83712,28,3067.0,2914.0
2015-08-18,2841.0,2841.0,2840.0,2971.0,53321160,18774,21,2989.0,2840.0
2015-08-19,2823.0,2823.0,2823.0,2964.0,21971409,7783,7,2971.0,2823.0
2015-08-22,2820.0,2850.0,2820.0,2961.0,12512500,4400,5,2964.0,2825.0
2015-08-23,2813.0,2840.0,2813.0,2813.0,478683243,170149,31,2961.0,2840.0
2015-08-24,2731.0,2899.0,2731.0,2820.0,177766291,62796,16,2813.0,2831.0
2015-08-25,2842.0,2961.0,2842.0,2923.0,660841255,226120,47,2820.0,2961.0
2015-08-26,3068.0,3068.0,2960.0,3047.0,625026552,205156,51,2923.0,3053.0
2015-08-29,3095.0,3095.0,3089.0,3047.0,4683037,1515,4,3047.0,3091.0
2015-08-30,3000.0,3000.0,2950.0,3039.0,45132093,15232,8,3047.0,2950.0
2015-08-31,2910.0,2950.0,2910.0,3023.0,73414200,25030,5,3039.0,2950.0
2015-09-01,2911.0,2950.0,2910.0,3019.0,19440250,6625,4,3023.0,2950.0
2015-09-02,2911.0,2914.0,2911.0,3018.0,2912500,1000,2,3019.0,2914.0
2015-09-05,2950.0,3000.0,2897.0,2986.0,196679585,66912,18,3018.0,2910.0
2015-09-06,2953.0,3029.0,2900.0,2943.0,404534339,137885,33,2986.0,2900.0
2015-09-07,2897.0,2900.0,2796.0,2814.0,641355817,227886,60,2943.0,2800.0
2015-09-08,2814.0,2954.0,2814.0,2871.0,241391454,82436,35,2814.0,2954.0
2015-09-09,2950.0,3014.0,2950.0,2926.0,217536720,72573,32,2871.0,3014.0
2015-09-12,3000.0,3070.0,2846.0,2932.0,27343390,8979,9,2926.0,3000.0
2015-09-13,2880.0,2880.0,2855.0,2931.0,4813400,1680,2,2932.0,2855.0
2015-09-14,2853.0,2931.0,2853.0,2927.0,61742065,21289,8,2931.0,2931.0
2015-09-15,2999.0,2999.0,2900.0,2928.0,43135530,14680,8,2927.0,2950.0
2015-09-16,3040.0,3040.0,2853.0,2929.0,4038550,1350,2,2928.0,2853.0
2015-09-19,2853.0,2999.0,2850.0,2919.0,70457059,24619,14,2929.0,2900.0
2015-09-20,2812.0,3000.0,2774.0,2867.0,428471050,149801,46,2919.0,2774.0
2015-09-21,2969.0,2969.0,2724.0,2846.0,76100924,27821,23,2867.0,2724.0
2015-09-22,2800.0,2897.0,2704.0,2757.0,403006474,146914,45,2846.0,2895.0
2015-09-23,2883.0,2883.0,2800.0,2766.0,60317341,21306,13,2757.0,2810.0
2015-09-26,2881.0,2881.0,2630.0,2739.0,207979618,76963,28,2766.0,2652.0
2015-09-27,2660.0,2739.0,2660.0,2739.0,14469700,5315,3,2739.0,2739.0
2015-09-29,2800.0,2875.0,2800.0,2793.0,225812750,78890,38,2739.0,2875.0
2015-09-30,2932.0,2932.0,2875.0,2930.0,858202256,292908,98,2793.0,2932.0
2015-10-03,3020.0,3020.0,2784.0,2845.0,461720277,162529,34,2930.0,2800.0
2015-10-04,2850.0,2850.0,2850.0,2845.0,1194150,419,1,2845.0,2850.0
2015-10-05,2850.0,2938.0,2850.0,2880.0,233980246,80165,27,2845.0,2900.0
2015-10-06,2942.0,2942.0,2942.0,2883.0,24042024,8172,2,2880.0,2942.0
2015-10-07,2773.0,2900.0,2773.0,2880.0,126938178,44216,20,2883.0,2853.0
2015-10-10,2924.0,2924.0,2920.0,2880.0,3420400,1170,2,2880.0,2920.0
2015-10-11,2928.0,2970.0,2803.0,2926.0,508996258,173969,42,2880.0,2920.0
2015-10-12,2927.0,3001.0,2875.0,2939.0,182635837,61637,39,2926.0,3001.0
2015-10-13,2950.0,3010.0,2950.0,2942.0,39125456,13136,9,2939.0,2961.0
2015-10-14,2962.0,3030.0,2962.0,2963.0,172912125,57513,16,2942.0,2995.0
2015-10-17,3040.0,3040.0,2954.0,2977.0,193055505,64361,24,2963.0,2980.0
2015-10-18,2952.0,3010.0,2952.0,2977.0,52628590,17663,14,2977.0,2952.0
2015-10-19,2951.0,2951.0,2830.0,2879.0,426423645,148814,33,2977.0,2939.0
2015-10-20,2930.0,2930.0,2850.0,2880.0,28887000,10000,5,2879.0,2850.0
2015-10-21,2816.0,2823.0,2816.0,2877.0,20905320,7410,6,2880.0,2822.0
2015-10-25,2803.0,2888.0,2734.0,2841.0,142469148,51680,20,2877.0,2888.0
2015-10-26,2800.0,2800.0,2800.0,2835.0,72531200,25904,9,2841.0,2800.0
2015-10-27,2750.0,2801.0,2750.0,2832.0,21756992,7857,9,2835.0,2800.0
2015-10-28,2740.0,2834.0,2691.0,2704.0,576543474,213243,46,2832.0,2750.0
2015-10-31,2770.0,2791.0,2756.0,2710.0,48303576,17483,11,2704.0,2788.0
2015-11-01,2763.0,2798.0,2760.0,2730.0,189819209,68653,19,2710.0,2760.0
2015-11-02,2730.0,2800.0,2701.0,2734.0,201775270,73629,16,2730.0,2780.0
2015-11-03,2740.0,2786.0,2731.0,2735.0,59243273,21598,4,2734.0,2786.0
2015-11-04,2842.0,2843.0,2766.0,2737.0,18572950,6650,7,2735.0,2785.0
2015-11-07,2743.0,2809.0,2743.0,2739.0,19012284,6780,5,2737.0,2809.0
2015-11-08,2732.0,2805.0,2732.0,2740.0,52789424,19202,10,2739.0,2805.0
2015-11-09,2710.0,2750.0,2710.0,2740.0,7669550,2801,5,2740.0,2730.0
2015-11-10,2702.0,2759.0,2702.0,2736.0,159073185,58332,18,2740.0,2759.0
2015-11-11,2778.0,2800.0,2741.0,2741.0,69876420,25200,7,2736.0,2742.0
2015-11-14,2742.0,2798.0,2720.0,2744.0,49690488,17960,14,2741.0,2720.0
2015-11-15,2703.0,2848.0,2702.0,2747.0,80224333,29017,12,2744.0,2756.0
2015-11-16,2819.0,2833.0,2801.0,2764.0,126765257,44987,19,2747.0,2801.0
2015-11-17,2765.0,2902.0,2765.0,2869.0,505773229,176041,48,2764.0,2902.0
2015-11-18,2870.0,2940.0,2870.0,2893.0,529860560,183146,35,2869.0,2940.0
2015-11-21,2995.0,2995.0,2912.0,2912.0,134353101,45332,23,2893.0,2949.0
2015-11-22,2900.0,2982.0,2820.0,2894.0,281924217,97854,28,2912.0,2820.0
2015-11-23,2855.0,2888.0,2800.0,2851.0,259617520,92266,20,2894.0,2840.0
2015-11-24,2803.0,2893.0,2741.0,2789.0,447226738,160653,48,2851.0,2800.0
2015-11-25,2750.0,2877.0,2720.0,2776.0,215565164,78127,33,2789.0,2750.0
2015-11-28,2740.0,2800.0,2730.0,2771.0,130795647,47433,24,2776.0,2800.0
2015-11-29,2713.0,2835.0,2713.0,2755.0,201165811,73658,34,2771.0,2800.0
2015-11-30,2800.0,2800.0,2716.0,2757.0,141365484,51164,22,2755.0,2797.0
2015-12-01,2730.0,2799.0,2720.0,2751.0,183734948,67042,26,2757.0,2720.0
2015-12-05,2770.0,2770.0,2680.0,2737.0,200145821,73701,31,2751.0,2690.0
2015-12-06,2668.0,2774.0,2666.0,2741.0,133547966,48500,19,2737.0,2691.0
2015-12-07,2700.0,2701.0,2686.0,2731.0,113554900,42117,8,2741.0,2686.0
2015-12-09,2700.0,2747.0,2672.0,2723.0,98851233,36705,11,2731.0,2685.0
2015-12-13,2700.0,2700.0,2680.0,2720.0,36566180,13610,9,2723.0,2680.0
2015-12-14,2756.0,2756.0,2652.0,2715.0,54928500,20525,14,2720.0,2652.0
2015-12-15,2651.0,2700.0,2651.0,2710.0,71801766,26814,11,2715.0,2668.0
2015-12-16,2681.0,2682.0,2681.0,2708.0,27655208,10314,5,2710.0,2681.0
2015-12-19,2700.0,2700.0,2573.0,2617.0,446420440,171038,64,2708.0,2573.0
2015-12-20,2506.0,2580.0,2506.0,2613.0,19534000,7750,5,2617.0,2520.0
2015-12-21,2516.0,2522.0,2483.0,2542.0,272831660,109456,44,2613.0,2483.0
2015-12-22,2592.0,2592.0,2415.0,2530.0,48022100,19734,19,2542.0,2415.0
2015-12-23,2422.0,2500.0,2422.0,2513.0,110703591,45027,15,2530.0,2500.0
2015-12-26,2456.0,2535.0,2456.0,2514.0,145919747,57976,23,2513.0,2535.0
2015-12-27,2588.0,2588.0,2484.0,2509.0,127852868,51233,30,2514.0,2530.0
2015-12-28,2484.0,2620.0,2484.0,2520.0,318400700,126024,44,2509.0,2530.0
2015-12-30,2551.0,2594.0,2520.0,2557.0,376692370,146541,35,2520.0,2590.0
2016-01-02,2561.0,2561.0,2530.0,2557.0,48683355,19053,16,2557.0,2560.0
2016-01-03,2531.0,2600.0,2500.0,2567.0,235881558,91504,40,2557.0,2600.0
2016-01-04,2600.0,2695.0,2585.0,2688.0,6660614754,2478332,164,2567.0,2695.0
2016-01-05,2821.0,2822.0,2750.0,2821.0,1275334503,452134,92,2688.0,2822.0
2016-01-06,2850.0,2938.0,2777.0,2895.0,3463679386,1196386,159,2821.0,2900.0
2016-01-09,2918.0,2953.0,2835.0,2877.0,237925018,83282,36,2895.0,2840.0
2016-01-10,2928.0,2928.0,2790.0,2863.0,156258715,55135,17,2877.0,2790.0
2016-01-11,2863.0,2943.0,2804.0,2864.0,9096336352,3176162,265,2863.0,2919.0
2016-01-12,2940.0,2940.0,2867.0,2873.0,86725535,29768,25,2864.0,2870.0
2016-01-13,2899.0,2899.0,2801.0,2869.0,73109960,25681,17,2873.0,2860.0
2016-01-16,2860.0,2950.0,2860.0,2877.0,78655711,26940,25,2869.0,2935.0
2016-01-17,3020.0,3020.0,2891.0,3014.0,1171115843,388613,101,2877.0,2900.0
2016-01-18,2985.0,3050.0,2960.0,3010.0,242281570,80639,20,3014.0,2960.0
2016-01-19,3050.0,3100.0,2901.0,3006.0,270209875,90020,35,3010.0,3030.0
2016-01-20,3030.0,3156.0,3030.0,3152.0,802132851,254466,60,3006.0,3156.0
2016-01-23,3309.0,3309.0,3308.0,3309.0,3033188541,916649,59,3152.0,3309.0
2016-01-24,3474.0,3474.0,3474.0,3474.0,10116704880,2912120,197,3309.0,3474.0
2016-01-25,3647.0,3647.0,3647.0,3647.0,591904453,162299,25,3474.0,3647.0
2016-01-26,3829.0,3829.0,3829.0,3829.0,798840441,208629,30,3647.0,3829.0
2016-01-27,4020.0,4020.0,3750.0,4001.0,12693826974,3172295,382,3829.0,3931.0
2016-01-30,3990.0,3990.0,3801.0,3818.0,2621068642,686489,124,4001.0,3801.0
2016-01-31,3628.0,3990.0,3628.0,3807.0,5912394244,1552892,352,3818.0,3905.0
2016-02-01,3990.0,3997.0,3870.0,3963.0,2815416459,710432,150,3807.0,3997.0
2016-02-02,4160.0,4160.0,3800.0,3957.0,1994833462,504152,146,3963.0,3820.0
2016-02-03,3761.0,3850.0,3760.0,3775.0,2255815061,597597,164,3957.0,3800.0
2016-02-06,3830.0,3830.0,3652.0,3709.0,1464632112,394910,95,3775.0,3747.0
2016-02-07,3700.0,3888.0,3700.0,3806.0,1656427327,435246,108,3709.0,3888.0
2016-02-08,3900.0,3996.0,3872.0,3971.0,2972682601,748558,154,3806.0,3996.0
2016-02-09,4150.0,4169.0,4017.0,4129.0,7856534120,1902658,317,3971.0,4057.0
2016-02-10,3923.0,4084.0,3923.0,3947.0,1981432341,501964,158,4129.0,3923.0
2016-02-13,3761.0,3899.0,3750.0,3758.0,658208276,175136,46,3947.0,3750.0
2016-02-16,3550.0,3550.0,3472.0,3525.0,591847560,167921,77,3758.0,3472.0
2016-02-17,3437.0,3500.0,3349.0,3381.0,2147295452,635032,205,3525.0,3349.0
2016-02-20,3449.0,3495.0,3212.0,3282.0,3490617591,1063630,223,3381.0,3282.0
2016-02-21,3251.0,3251.0,3150.0,3210.0,547120655,170427,97,3282.0,3220.0
2016-02-22,3279.0,3370.0,3211.0,3350.0,1379980218,411953,137,3210.0,3370.0
2016-02-23,3517.0,3517.0,3400.0,3481.0,1007541121,289430,123,3350.0,3490.0
2016-02-24,3515.0,3515.0,3320.0,3382.0,827027203,244512,90,3481.0,3330.0
2016-02-27,3282.0,3401.0,3280.0,3330.0,957102866,287403,102,3382.0,3287.0
2016-02-28,3375.0,3375.0,3185.0,3211.0,1458669118,454315,120,3330.0,3205.0
2016-02-29,3210.0,3279.0,3168.0,3211.0,560051590,174398,66,3211.0,3207.0
2016-03-01,3216.0,3280.0,3190.0,3208.0,577587171,180037,44,3211.0,3200.0
2016-03-02,3260.0,3300.0,3185.0,3216.0,281136448,87251,44,3208.0,3201.0
2016-03-05,3153.0,3219.0,3061.0,3160.0,632209966,200071,80,3216.0,3219.0
2016-03-06,3230.0,3315.0,3230.0,3288.0,1156073827,351653,96,3160.0,3290.0
2016-03-07,3350.0,3350.0,3200.0,3227.0,527360910,163421,60,3288.0,3202.0
2016-03-08,3171.0,3270.0,3171.0,3206.0,338395958,105878,52,3227.0,3186.0
2016-03-09,3160.0,3274.0,3160.0,3193.0,186458812,58769,41,3206.0,3165.0
2016-03-12,3141.0,3352.0,3141.0,3312.0,1521201920,459284,130,3193.0,3352.0
2016-03-14,3368.0,3368.0,3205.0,3313.0,1201511412,362663,73,3312.0,3241.0
2016-03-15,3222.0,3222.0,3158.0,3181.0,810887132,254929,93,3313.0,3160.0
2016-03-16,3190.0,3190.0,3055.0,3087.0,1093629841,354256,96,3181.0,3130.0
2016-03-26,3220.0,3220.0,3128.0,3098.0,124031780,39580,11,3087.0,3128.0
2016-03-27,3110.0,3110.0,3050.0,3095.0,554250678,179092,52,3098.0,3081.0
2016-03-28,3062.0,3190.0,3061.0,3106.0,159135175,50854,30,3095.0,3130.0
2016-03-29,3150.0,3150.0,3061.0,3097.0,339371074,109725,45,3106.0,3092.0
2016-03-30,3150.0,3219.0,3120.0,3140.0,257891498,80998,36,3097.0,3190.0
2016-04-02,3209.0,3297.0,3132.0,3276.0,1070108324,326633,100,3140.0,3297.0
2016-04-03,3410.0,3410.0,3260.0,3304.0,628916161,190358,89,3276.0,3325.0
2016-04-04,3350.0,3469.0,3350.0,3447.0,1332304831,386555,96,3304.0,3469.0
2016-04-05,3598.0,3598.0,3375.0,3455.0,1204067344,348517,96,3447.0,3440.0
2016-04-06,3380.0,3380.0,3283.0,3299.0,777177073,235569,74,3455.0,3290.0
2016-04-09,3369.0,3369.0,3178.0,3221.0,451039337,140292,59,3299.0,3178.0
2016-04-10,3172.0,3382.0,3172.0,3350.0,1251222535,373505,92,3221.0,3382.0
2016-04-11,3460.0,3460.0,3202.0,3356.0,349328155,104005,51,3350.0,3398.0
2016-04-12,3356.0,3356.0,3211.0,3244.0,677940229,209002,52,3356.0,3232.0
2016-04-13,3210.0,3340.0,3163.0,3235.0,430608722,133140,47,3244.0,3250.0
2016-04-16,3150.0,3150.0,3074.0,3178.0,211447087,68077,31,3235.0,3119.0
2016-04-17,3119.0,3180.0,3101.0,3167.0,106886490,34150,14,3178.0,3170.0
2016-04-18,3189.0,3300.0,3189.0,3176.0,75244821,23309,16,3167.0,3212.0
2016-04-20,3200.0,3200.0,3135.0,3185.0,200879168,62809,14,3176.0,3135.0
2016-04-23,3300.0,3300.0,3286.0,3186.0,5640170,1715,3,3185.0,3287.0
2016-04-24,3200.0,3200.0,3085.0,3145.0,324638701,103893,44,3186.0,3110.0
2016-04-25,3117.0,3161.0,3116.0,3144.0,142407827,45314,18,3145.0,3161.0
2016-04-26,3161.0,3200.0,3131.0,3159.0,195032632,61302,18,3144.0,3145.0
2016-04-27,3140.0,3200.0,3140.0,3188.0,1208567068,379096,62,3159.0,3180.0
2016-04-30,3160.0,3240.0,3160.0,3214.0,823225881,256171,48,3188.0,3200.0
2016-05-01,3160.0,3255.0,3160.0,3219.0,327471605,101660,25,3214.0,3201.0
2016-05-02,3210.0,3230.0,3157.0,3204.0,370073178,115701,34,3219.0,3157.0
2016-05-03,3204.0,3230.0,3140.0,3182.0,1879517332,590587,87,3204.0,3152.0
2016-05-04,3151.0,3200.0,3151.0,3187.0,284660324,89204,15,3182.0,3200.0
2016-05-07,3140.0,3190.0,3111.0,3144.0,445251720,141834,24,3187.0,3120.0
2016-05-08,3070.0,3100.0,3070.0,3114.0,231722691,75189,39,3144.0,3100.0
2016-05-09,3120.0,3221.0,3120.0,3136.0,931336793,296951,32,3114.0,3221.0
2016-05-10,3163.0,3292.0,3163.0,3251.0,854806412,262971,99,3136.0,3292.0
2016-05-11,3290.0,3356.0,3240.0,3296.0,788489891,239201,58,3251.0,3320.0
2016-05-14,3200.0,3250.0,3161.0,3232.0,338082991,105505,25,3296.0,3172.0
2016-05-15,3191.0,3250.0,3161.0,3220.0,168034789,52548,23,3232.0,3250.0
2016-05-16,3220.0,3381.0,3220.0,3355.0,1465555953,436819,137,3220.0,3381.0
2016-05-17,3499.0,3522.0,3353.0,3509.0,1846983669,526419,156,3355.0,3522.0
2016-05-18,3597.0,3684.0,3510.0,3665.0,3669380525,1001235,213,3509.0,3684.0
2016-05-30,3347.0,3347.0,3253.0,3313.0,540777401,163243,50,3665.0,3270.0
2016-05-31,3303.0,3420.0,3251.0,3317.0,196209573,59059,34,3313.0,3305.0
2016-06-01,3251.0,3420.0,3251.0,3319.0,175891299,52948,25,3317.0,3420.0
2016-06-05,3319.0,3390.0,3301.0,3322.0,132206217,39690,26,3319.0,3389.0
2016-06-06,3326.0,3326.0,3261.0,3314.0,96215786,29331,20,3322.0,3262.0
2016-06-07,3262.0,3402.0,3253.0,3339.0,271297108,80708,32,3314.0,3302.0
2016-06-08,3399.0,3440.0,3312.0,3344.0,147923236,44083,22,3339.0,3312.0
2016-06-11,3379.0,3399.0,3260.0,3307.0,421797907,127788,46,3344.0,3261.0
2016-06-12,3300.0,3330.0,3280.0,3305.0,72387320,21959,10,3307.0,3280.0
2016-06-13,3250.0,3430.0,3250.0,3307.0,115636435,34891,11,3305.0,3285.0
2016-06-14,3307.0,3307.0,3200.0,3296.0,61783928,19192,14,3307.0,3290.0
2016-06-15,3215.0,3343.0,3200.0,3229.0,511419560,158406,53,3296.0,3262.0
2016-06-18,3329.0,3330.0,3200.0,3208.0,519952800,162104,29,3229.0,3270.0
2016-06-19,3200.0,3250.0,3160.0,3206.0,68504445,21454,19,3208.0,3220.0
2016-06-20,3220.0,3349.0,3220.0,3275.0,410188993,124597,49,3206.0,3306.0
2016-06-21,3340.0,3362.0,3210.0,3286.0,348746088,105979,49,3275.0,3250.0
2016-06-28,3230.0,3387.0,3230.0,3275.0,496939658,151745,69,3086.0,3350.0
2016-06-29,3310.0,3367.0,3254.0,3282.0,117788669,35647,19,3275.0,3324.0
2016-07-02,3282.0,3300.0,3260.0,3286.0,181874231,55212,21,3282.0,3260.0
2016-07-03,3254.0,3450.0,3254.0,3394.0,888620029,261825,86,3286.0,3450.0
2016-07-04,3430.0,3500.0,3411.0,3408.0,159241205,46279,35,3394.0,3474.0
2016-07-05,3474.0,3503.0,3370.0,3425.0,514780085,150291,34,3408.0,3370.0
2016-07-09,3350.0,3420.0,3330.0,3395.0,224370092,66771,20,3425.0,3420.0
2016-07-10,3227.0,3440.0,3227.0,3407.0,229814637,67166,26,3395.0,3430.0
2016-07-11,3400.0,3577.0,3400.0,3549.0,1218308193,343258,101,3407.0,3577.0
2016-07-12,3597.0,3720.0,3450.0,3547.0,345224056,97343,39,3549.0,3689.0
2016-07-13,3597.0,3597.0,3435.0,3550.0,117980571,33130,28,3547.0,3480.0
2016-07-16,3460.0,3586.0,3451.0,3548.0,222605471,62788,28,3550.0,3586.0
2016-07-17,3591.0,3591.0,3401.0,3504.0,271675110,78325,24,3548.0,3528.0
2016-07-18,3401.0,3407.0,3374.0,3464.0,172182756,50731,20,3504.0,3407.0
2016-07-19,3486.0,3488.0,3377.0,3463.0,132682393,38327,25,3464.0,3400.0
2016-07-20,3460.0,3481.0,3400.0,3457.0,58904418,17267,12,3463.0,3401.0
2016-07-23,3412.0,3459.0,3412.0,3450.0,86908852,25446,13,3457.0,3412.0
2016-07-24,3412.0,3450.0,3350.0,3394.0,347680113,103133,26,3450.0,3450.0
2016-07-25,3300.0,3313.0,3300.0,3386.0,43366704,13124,6,3394.0,3313.0
2016-07-26,3352.0,3481.0,3302.0,3376.0,76985744,23157,12,3386.0,3302.0
2016-07-27,3400.0,3544.0,3400.0,3531.0,1382905603,391634,117,3376.0,3544.0
2016-07-31,3550.0,3596.0,3401.0,3564.0,472714388,132548,72,3531.0,3573.0
2016-08-01,3400.0,3622.0,3400.0,3576.0,672200150,187954,71,3564.0,3612.0
2016-08-02,3610.0,3754.0,3551.0,3691.0,1500934758,406630,121,3576.0,3754.0
2016-08-03,3754.0,3754.0,3650.0,3681.0,451776815,122754,36,3691.0,3720.0
2016-08-06,3730.0,3800.0,3655.0,3707.0,349150788,93882,43,3681.0,3720.0
2016-08-07,3795.0,3795.0,3672.0,3735.0,3132730014,838667,46,3707.0,3683.0
2016-08-08,3745.0,3745.0,3601.0,3649.0,397102496,109450,29,3735.0,3606.0
2016-08-09,3469.0,3660.0,3469.0,3552.0,386972989,109669,32,3649.0,3612.0
2016-08-10,3555.0,3729.0,3555.0,3704.0,602768543,162740,64,3552.0,3729.0
2016-08-13,3652.0,3889.0,3652.0,3811.0,1293698881,339429,105,3704.0,3889.0
2016-08-14,3889.0,4001.0,3889.0,4000.0,1688168308,422079,133,3811.0,4001.0
2016-08-15,4181.0,4181.0,3901.0,3962.0,2102155399,530612,133,4000.0,4000.0
2016-08-16,3901.0,4109.0,3900.0,3985.0,1060327467,266088,71,3962.0,4006.0
2016-08-17,3920.0,4120.0,3920.0,3983.0,992601944,249208,60,3985.0,4037.0
2016-08-20,4030.0,4070.0,3903.0,3989.0,639570270,160334,40,3983.0,4040.0
2016-08-21,3930.0,4028.0,3925.0,3946.0,385925509,98103,30,3989.0,3931.0
2016-08-22,3925.0,4143.0,3925.0,4117.0,3543143012,860571,118,3946.0,4143.0
2016-08-23,4150.0,4321.0,4150.0,4232.0,1499202319,354271,75,4117.0,4260.0
2016-08-24,4250.0,4270.0,4082.0,4144.0,478434678,115665,36,4232.0,4136.0
2016-08-27,4118.0,4245.0,4101.0,4135.0,174628233,42405,19,4144.0,4180.0
2016-08-28,4101.0,4139.0,4080.0,4090.0,918525555,224565,47,4135.0,4080.0
2016-08-29,3961.0,4200.0,3961.0,4102.0,447943208,109178,26,4090.0,4200.0
2016-08-30,4001.0,4189.0,4001.0,4155.0,477949745,114960,24,4102.0,4180.0
2016-08-31,4188.0,4289.0,4054.0,4204.0,510497441,121439,27,4155.0,4289.0
2016-09-03,4245.0,4245.0,4242.0,4204.0,4031100,950,3,4204.0,4242.0
2016-09-04,4110.0,4220.0,4110.0,4137.0,389539630,94553,35,4204.0,4210.0
2016-09-05,4210.0,4300.0,4209.0,4276.0,1257446324,294084,55,4137.0,4285.0
2016-09-06,4286.0,4286.0,4101.0,4277.0,82221789,19199,14,4276.0,4286.0
2016-09-07,4286.0,4400.0,4160.0,4307.0,215794576,49632,20,4277.0,4160.0
2016-09-10,4152.0,4396.0,4150.0,4222.0,519839018,123113,30,4307.0,4300.0
2016-09-11,4390.0,4390.0,4252.0,4377.0,1477751941,337614,36,4222.0,4260.0
2016-09-13,4166.0,4376.0,4166.0,4328.0,1326241494,306452,73,4377.0,4369.0
2016-09-14,4163.0,4355.0,4112.0,4151.0,705257094,169902,35,4328.0,4112.0
2016-09-17,4250.0,4310.0,4001.0,4165.0,941706793,226101,14,4151.0,4090.0
2016-09-18,4245.0,4245.0,4245.0,4166.0,4245000,1000,2,4165.0,4245.0
2016-09-19,4050.0,4071.0,4050.0,4149.0,85234500,20960,4,4166.0,4071.0
2016-09-21,4053.0,4063.0,4053.0,4147.0,8448040,2080,2,4149.0,4063.0
2016-09-24,4001.0,4112.0,3990.0,4066.0,1351733019,332460,30,4147.0,4112.0
2016-09-25,4155.0,4155.0,4075.0,4068.0,25507000,6200,4,4066.0,4109.0
2016-09-26,3958.0,4010.0,3958.0,3997.0,335445921,84569,25,4068.0,3959.0
2016-09-27,4000.0,4150.0,4000.0,4108.0,415774307,100679,20,3997.0,4150.0
2016-09-28,4190.0,4190.0,3990.0,4090.0,774944651,189489,29,4108.0,4130.0
2016-10-01,4130.0,4283.0,4130.0,4217.0,731076190,173363,22,4090.0,4211.0
2016-10-02,4300.0,4300.0,4090.0,4178.0,216542220,52490,22,4217.0,4248.0
2016-10-03,4247.0,4248.0,4100.0,4217.0,659218610,156326,14,4178.0,4214.0
2016-10-04,4120.0,4200.0,4097.0,4207.0,53941328,13074,10,4217.0,4188.0
2016-10-05,4102.0,4102.0,4052.0,4154.0,187061778,46004,8,4207.0,4052.0
2016-10-08,4055.0,4169.0,4055.0,4145.0,47081420,11594,6,4154.0,4060.0
2016-10-09,4051.0,4110.0,4050.0,4138.0,38909280,9596,5,4145.0,4055.0
2016-10-10,4000.0,4100.0,4000.0,4121.0,86407440,21390,17,4138.0,4100.0
2016-10-15,4090.0,4090.0,4021.0,4117.0,25573986,6318,3,4121.0,4022.0
2016-10-16,4023.0,4050.0,3931.0,4069.0,224372380,55924,23,4117.0,4050.0
2016-10-17,4050.0,4100.0,4050.0,4069.0,139174000,34200,10,4069.0,4060.0
2016-10-18,4089.0,4089.0,4000.0,4046.0,169089000,42250,11,4069.0,4000.0
2016-10-19,3995.0,4090.0,3880.0,4016.0,944937595,235265,32,4046.0,4090.0
2016-10-22,4050.0,4050.0,3900.0,3949.0,702179734,177805,24,4016.0,3950.0
2016-10-23,3900.0,4050.0,3891.0,3979.0,412858564,103588,24,3949.0,4050.0
2016-10-24,4020.0,4050.0,4020.0,3999.0,149217300,36866,4,3979.0,4050.0
2016-10-25,3951.0,4000.0,3950.0,3957.0,521121407,131706,18,3999.0,3962.0
2016-10-26,3990.0,3990.0,3970.0,3969.0,236132000,59300,23,3957.0,3990.0
2016-10-29,3980.0,4000.0,3950.0,3979.0,1034903400,260091,24,3969.0,4000.0
2016-10-30,4000.0,4080.0,3963.0,4021.0,1128067660,280525,30,3979.0,4040.0
2016-10-31,4100.0,4155.0,4100.0,4085.0,365329798,88837,24,4021.0,4119.0
2016-11-01,4147.0,4147.0,3970.0,4051.0,213279778,53245,15,4085.0,3985.0
2016-11-02,3962.0,4253.0,3962.0,4113.0,9007841223,2190188,237,4051.0,4253.0
2016-11-05,4318.0,4318.0,4200.0,4307.0,1305012271,303000,62,4113.0,4270.0
2016-11-06,4385.0,4385.0,4300.0,4351.0,585045729,134459,55,4307.0,4319.0
2016-11-07,4379.0,4379.0,4215.0,4270.0,456489846,107168,37,4351.0,4250.0
2016-11-08,4100.0,4200.0,4100.0,4237.0,105935125,25755,7,4270.0,4200.0
2016-11-09,4150.0,4225.0,4030.0,4107.0,390475900,95900,25,4237.0,4225.0
2016-11-12,4292.0,4312.0,4201.0,4298.0,1891888142,440131,57,4107.0,4205.0
2016-11-13,4299.0,4299.0,4290.0,4297.0,70795453,16496,8,4298.0,4299.0
2016-11-14,4320.0,4329.0,4262.0,4299.0,430064192,100036,39,4297.0,4300.0
2016-11-15,4210.0,4294.0,4200.0,4260.0,468217226,110006,29,4299.0,4200.0
2016-11-16,4170.0,4200.0,4150.0,4189.0,366030700,87944,18,4260.0,4150.0
2016-11-19,4270.0,4270.0,4221.0,4217.0,226556407,53287,9,4189.0,4221.0
2016-11-21,4292.0,4292.0,4152.0,4194.0,335148820,80116,19,4217.0,4152.0
2016-11-22,4291.0,4291.0,4150.0,4190.0,102290050,24500,12,4194.0,4200.0
2016-11-23,4200.0,4330.0,4200.0,4286.0,670824748,156510,43,4190.0,4330.0
2016-11-26,4349.0,4500.0,4349.0,4465.0,1797811050,402653,84,4286.0,4500.0
2016-11-27,4688.0,4688.0,4326.0,4665.0,1441911560,309064,78,4465.0,4650.0
2016-11-29,4688.0,4760.0,4440.0,4676.0,643919285,137703,35,4665.0,4665.0
2016-12-03,4674.0,4674.0,4443.0,4455.0,1826497105,409947,78,4676.0,4443.0
2016-12-04,4539.0,4677.0,4455.0,4625.0,884236081,191205,61,4455.0,4677.0
2016-12-05,4745.0,4800.0,4650.0,4649.0,126139560,26717,21,4625.0,4700.0
2016-12-06,4700.0,4700.0,4604.0,4649.0,407494816,87650,24,4649.0,4607.0
2016-12-07,4531.0,4749.0,4531.0,4647.0,145281330,31307,9,4649.0,4748.0
2016-12-10,4800.0,4800.0,4603.0,4650.0,302450281,65016,16,4647.0,4610.0
2016-12-11,4600.0,4690.0,4530.0,4604.0,693947666,150711,27,4650.0,4609.0
2016-12-12,4600.0,4600.0,4450.0,4548.0,1045515895,229908,42,4604.0,4519.0
2016-12-13,4590.0,4590.0,4400.0,4530.0,147750470,32910,12,4548.0,4539.0
2016-12-14,4417.0,4560.0,4412.0,4433.0,476994893,107604,26,4530.0,4423.0
2016-12-18,4500.0,4570.0,4500.0,4444.0,45560690,10000,7,4433.0,4570.0
2016-12-20,4401.0,4401.0,4260.0,4432.0,111797514,25470,16,4444.0,4260.0
2016-12-21,4250.0,4261.0,4250.0,4430.0,5947220,1397,4,4432.0,4260.0
2016-12-24,4251.0,4251.0,4209.0,4344.0,196220561,46492,25,4430.0,4209.0
2016-12-25,4496.0,4496.0,4200.0,4334.0,64039000,14994,7,4344.0,4200.0
2016-12-26,4280.0,4280.0,4280.0,4329.0,47080000,11000,1,4334.0,4280.0
2016-12-27,4330.0,4330.0,4144.0,4295.0,535170041,124603,15,4329.0,4151.0
2016-12-31,4110.0,4446.0,4110.0,4420.0,467186070,105384,9,4295.0,4290.0
2017-01-01,4290.0,4290.0,4199.0,4415.0,11574199,2751,3,4420.0,4199.0
2017-01-02,4195.0,4195.0,4195.0,4384.0,68135190,16242,3,4415.0,4195.0
2017-01-03,4165.0,4165.0,4165.0,4313.0,156187500,37500,5,4384.0,4165.0
2017-01-04,4150.0,4150.0,4098.0,4206.0,252220844,61358,12,4313.0,4098.0
2017-01-07,4050.0,4220.0,4050.0,4206.0,90475000,21500,3,4206.0,4220.0
2017-01-08,4071.0,4071.0,3996.0,4086.0,289990692,72342,24,4206.0,4000.0
2017-01-09,3882.0,4290.0,3882.0,3977.0,310519202,79161,26,4086.0,4200.0
2017-01-11,4000.0,4000.0,3903.0,3977.0,9163015,2303,4,3977.0,4000.0
2017-01-14,3999.0,4175.0,3998.0,4001.0,161158658,39774,26,3977.0,3998.0
2017-01-15,4080.0,4080.0,4080.0,4002.0,8976000,2200,1,4001.0,4080.0
2017-01-16,3930.0,4150.0,3921.0,3997.0,196695540,49313,17,4002.0,4000.0
2017-01-17,4000.0,4030.0,3997.0,4000.0,199134567,49736,17,3997.0,4000.0
2017-01-18,3965.0,4120.0,3965.0,4004.0,500131480,124917,21,4000.0,4120.0
2017-01-21,4079.0,4080.0,4079.0,4005.0,4119800,1010,2,4004.0,4080.0
2017-01-22,4000.0,4100.0,3927.0,4017.0,360944219,89755,33,4005.0,4100.0
2017-01-23,4177.0,4200.0,4160.0,4039.0,67946160,16228,8,4017.0,4200.0
2017-01-24,4010.0,4187.0,4010.0,4039.0,12083580,2987,5,4039.0,4050.0
2017-01-25,4175.0,4175.0,4000.0,4039.0,17954275,4433,7,4039.0,4000.0
2017-01-28,4002.0,4099.0,4000.0,4029.0,219308017,54597,11,4039.0,4099.0
2017-01-29,4100.0,4100.0,4004.0,4022.0,203829232,50819,13,4029.0,4089.0
2017-01-30,4100.0,4140.0,4022.0,4066.0,198154695,47900,15,4022.0,4137.0
2017-01-31,4196.0,4269.0,4196.0,4260.0,878252145,206182,55,4066.0,4269.0
2017-02-01,4277.0,4444.0,4277.0,4375.0,788569379,180242,40,4260.0,4444.0
2017-02-04,4250.0,4465.0,4250.0,4390.0,171208362,38748,39,4375.0,4304.0
2017-02-05,4469.0,4609.0,4400.0,4578.0,1729560390,377829,96,4390.0,4609.0
2017-02-06,4790.0,4790.0,4500.0,4580.0,146717639,31993,21,4578.0,4501.0
2017-02-07,4500.0,4500.0,4351.0,4454.0,381455590,86438,35,4580.0,4353.0
2017-02-08,4467.0,4467.0,4300.0,4454.0,11305276,2547,6,4454.0,4430.0
2017-02-11,4500.0,4500.0,4412.0,4468.0,183078054,40742,19,4454.0,4500.0
2017-02-12,4470.0,4500.0,4350.0,4467.0,158272830,35460,12,4468.0,4500.0
2017-02-13,4450.0,4500.0,4363.0,4458.0,45310983,10360,7,4467.0,4363.0
2017-02-14,4494.0,4499.0,4479.0,4481.0,366331599,81584,28,4458.0,4490.0
2017-02-15,4490.0,4490.0,4380.0,4475.0,214244876,47951,21,4481.0,4380.0
2017-02-18,4300.0,4480.0,4300.0,4450.0,222515280,50360,17,4475.0,4400.0
2017-02-19,4477.0,4672.0,4477.0,4642.0,1158287577,249519,82,4450.0,4639.0
2017-03-13,4705.0,4849.0,4705.0,4707.0,118115031,25095,8,4642.0,4705.0
2017-03-14,4892.0,4892.0,4472.0,4667.0,94040386,20882,8,4707.0,4472.0
2017-03-15,4500.0,4500.0,4434.0,4573.0,195493913,44027,16,4667.0,4443.0
2017-03-18,4544.0,4635.0,4345.0,4543.0,112284469,25260,10,4573.0,4590.0
2017-03-26,4699.0,4699.0,4645.0,4546.0,11639500,2500,2,4543.0,4645.0
2017-03-27,4370.0,4370.0,4370.0,4544.0,4370000,1000,1,4546.0,4370.0
2017-03-28,4696.0,4696.0,4370.0,4544.0,3444870,751,2,4544.0,4370.0
2017-03-29,4317.0,4330.0,4317.0,4520.0,50696190,11742,7,4544.0,4320.0
2017-04-03,4570.0,4626.0,4360.0,4530.0,65025630,14142,10,4520.0,4360.0
2017-04-04,4590.0,4590.0,4590.0,4530.0,688500,150,1,4530.0,4590.0
2017-04-05,4383.0,4420.0,4380.0,4513.0,58194850,13250,8,4530.0,4410.0
2017-04-08,4311.0,4459.0,4301.0,4466.0,119865943,27721,14,4513.0,4330.0
2017-04-09,4490.0,4499.0,4490.0,4471.0,90612178,20159,7,4466.0,4499.0
2017-04-10,4495.0,4601.0,4471.0,4477.0,96776214,21486,10,4471.0,4471.0
2017-04-15,4538.0,4540.0,4340.0,4462.0,305137762,68533,26,4477.0,4500.0
2017-04-16,4594.0,4594.0,4239.0,4411.0,631360029,143148,41,4462.0,4492.0
2017-04-17,4489.0,4489.0,4301.0,4437.0,198435406,44334,18,4411.0,4301.0
2017-04-18,4565.0,4565.0,4470.0,4444.0,89705832,20042,9,4437.0,4474.0
2017-04-19,4575.0,4666.0,4550.0,4526.0,307017415,67026,24,4444.0,4580.0
2017-04-22,4750.0,4750.0,4710.0,4561.0,93308155,19760,10,4526.0,4710.0
2017-04-23,4700.0,4710.0,4579.0,4692.0,638395077,136048,21,4561.0,4710.0
2017-04-24,4720.0,4926.0,4720.0,4875.0,882590004,181027,73,4692.0,4926.0
2017-04-26,5118.0,5118.0,5118.0,5118.0,846839634,165463,21,4875.0,5118.0
2017-04-29,5373.0,5373.0,5373.0,5298.0,371295792,69104,21,5118.0,5373.0
2017-04-30,5562.0,5562.0,5386.0,5551.0,1773963688,319581,75,5298.0,5467.0
2017-05-01,5798.0,5798.0,5461.0,5576.0,350105732,62632,32,5551.0,5570.0
2017-05-02,5730.0,5854.0,5520.0,5794.0,2467166545,425784,62,5576.0,5780.0
2017-05-03,5571.0,5665.0,5523.0,5764.0,72445120,13006,7,5794.0,5580.0
2017-05-06,5511.0,5800.0,5511.0,5696.0,1482319364,260232,36,5764.0,5631.0
2017-05-07,5790.0,5790.0,5425.0,5615.0,518723941,92390,25,5696.0,5479.0
2017-05-08,5800.0,5800.0,5335.0,5586.0,244812841,44066,17,5615.0,5335.0
2017-05-09,5310.0,5310.0,5307.0,5544.0,71277297,13430,9,5586.0,5307.0
2017-05-10,5267.0,5470.0,5267.0,5363.0,462584143,86380,26,5544.0,5465.0
2017-05-13,5236.0,5236.0,5236.0,5362.0,4476780,855,3,5363.0,5236.0
2017-05-14,5470.0,5470.0,5094.0,5366.0,181184962,33723,9,5362.0,5094.0
2017-05-15,5098.0,5250.0,5098.0,5271.0,215610778,41837,10,5366.0,5098.0
2017-05-16,5189.0,5200.0,5014.0,5194.0,400701297,77384,12,5271.0,5200.0
2017-05-17,5012.0,5453.0,4956.0,5347.0,24866615618,4650434,288,5194.0,5453.0
2017-05-20,5614.0,5614.0,5614.0,5614.0,529175640,94260,5,5347.0,5614.0
2017-05-21,5894.0,5894.0,5894.0,5894.0,679878794,115351,14,5614.0,5894.0
2017-05-22,6188.0,6188.0,6188.0,6188.0,1646453536,266072,16,5894.0,6188.0
2017-05-23,6497.0,6497.0,6497.0,6497.0,2060237682,317106,24,6188.0,6497.0
2017-05-24,6821.0,6821.0,6821.0,6821.0,8019183681,1175661,95,6497.0,6821.0
2017-05-27,6998.0,6998.0,6530.0,6788.0,7653773386,1127540,186,6821.0,6805.0
2017-05-28,6823.0,7127.0,6800.0,7070.0,11386328000,1610624,363,6788.0,7124.0
2017-05-29,7318.0,7318.0,7138.0,7184.0,3621708637,504148,127,7070.0,7170.0
2017-05-30,7182.0,7543.0,7182.0,7511.0,8245463024,1097845,190,7184.0,7543.0
2017-05-31,7886.0,7886.0,7790.0,7882.0,4999801258,634343,91,7511.0,7886.0
2017-06-03,8276.0,8276.0,8276.0,8276.0,3771795276,455751,46,7882.0,8276.0
2017-06-06,8600.0,8600.0,7863.0,8078.0,11306374542,1399686,291,8276.0,7863.0
2017-06-07,8010.0,8300.0,7675.0,7952.0,11330553737,1424819,336,8078.0,7994.0
2017-06-10,7953.0,8349.0,7950.0,8210.0,6106811231,743824,150,7952.0,8349.0
2017-06-11,8500.0,8620.0,8365.0,8568.0,4887574964,570455,173,8210.0,8555.0
2017-06-12,8600.0,8650.0,8270.0,8440.0,1579231784,187102,78,8568.0,8500.0
2017-06-13,8545.0,8560.0,8081.0,8443.0,1951123782,231087,80,8440.0,8540.0
2017-06-14,8500.0,8865.0,8021.0,8795.0,9910501568,1126792,195,8443.0,8860.0
2017-06-17,8864.0,8864.0,8590.0,8780.0,1445801292,164676,48,8795.0,8768.0
2017-06-18,8780.0,8780.0,8341.0,8430.0,3059122130,362880,126,8780.0,8341.0
2017-06-19,8012.0,8339.0,8009.0,8080.0,3433516036,424960,130,8430.0,8010.0
2017-06-20,8231.0,8484.0,8230.0,8463.0,3895335334,460253,138,8080.0,8484.0
2017-06-21,8700.0,8886.0,8680.0,8873.0,5379606986,606286,120,8463.0,8886.0
2017-06-24,9300.0,9300.0,8750.0,9067.0,3139583867,346256,99,8873.0,9030.0
2017-06-25,9067.0,9067.0,8614.0,8642.0,1908513902,220836,87,9067.0,8614.0
2017-06-28,8427.0,8427.0,8210.0,8244.0,2436235146,295520,109,8642.0,8290.0
2017-07-01,8180.0,8460.0,8093.0,8188.0,1160556770,141731,88,8244.0,8162.0
2017-07-02,8101.0,8400.0,8101.0,8345.0,10382382610,1244112,118,8188.0,8400.0
2017-07-03,8649.0,8762.0,8500.0,8756.0,1824969346,208418,44,8345.0,8762.0
2017-07-04,8800.0,9193.0,8768.0,9101.0,5615640160,617025,204,8756.0,9000.0
2017-07-05,8940.0,9165.0,8646.0,8948.0,4188734436,468135,116,9101.0,8795.0
2017-07-08,8744.0,8745.0,8501.0,8516.0,908005265,106626,41,8948.0,8501.0
2017-07-09,8110.0,8438.0,8110.0,8378.0,4638764062,553716,124,8516.0,8200.0
2017-07-10,8500.0,8500.0,8020.0,8371.0,5179598200,618775,88,8378.0,8100.0
2017-07-11,8379.0,8379.0,7953.0,7966.0,1118320185,140378,56,8371.0,7953.0
2017-07-26,4600.0,4830.0,4600.0,4660.0,12216615224,2621665,273,4383.0,4701.0
2017-07-29,4750.0,4893.0,4660.0,4859.0,4392949306,904105,164,4660.0,4893.0
2017-07-30,5089.0,5101.0,5001.0,5080.0,1314484503,258736,78,4859.0,5101.0
2017-07-31,5325.0,5325.0,5001.0,5182.0,6397168439,1234576,210,5080.0,5139.0
2017-08-01,5240.0,5399.0,5140.0,5241.0,4492884994,857278,163,5182.0,5173.0
2017-08-02,5240.0,5277.0,5200.0,5242.0,1818322925,346900,74,5241.0,5200.0
2017-08-06,5249.0,5330.0,5091.0,5157.0,2172975409,421399,76,5242.0,5110.0
2017-08-07,5187.0,5200.0,4900.0,5025.0,2011281926,400226,89,5157.0,4900.0
2017-08-08,5000.0,5200.0,4901.0,5118.0,1867744940,364960,64,5025.0,4917.0
2017-08-09,5150.0,5150.0,4863.0,4963.0,3770380743,759638,97,5118.0,4900.0
2017-08-12,4960.0,4960.0,4900.0,4911.0,2325003557,473472,65,4963.0,4904.0
2017-08-13,4900.0,5035.0,4800.0,4919.0,475390146,96511,38,4911.0,4897.0
2017-08-14,5110.0,5110.0,4850.0,4926.0,1029900549,209068,59,4919.0,5000.0
2017-08-15,4990.0,5048.0,4930.0,4968.0,516299883,103283,32,4926.0,4930.0
2017-08-16,5050.0,5050.0,4960.0,5002.0,919326160,183790,46,4968.0,5000.0
2017-08-19,4900.0,5010.0,4850.0,4992.0,1627176552,325963,46,5002.0,4850.0
2017-08-20,4820.0,4875.0,4743.0,4904.0,317048967,66682,33,4992.0,4743.0
2017-08-21,4880.0,4988.0,4702.0,4909.0,107246669,21672,12,4904.0,4702.0
2017-08-22,4750.0,4890.0,4664.0,4736.0,633546189,135417,53,4909.0,4665.0
2017-08-23,4580.0,4810.0,4500.0,4682.0,304520970,66341,39,4736.0,4650.0
2017-08-26,4510.0,4510.0,4448.0,4611.0,250658762,56264,19,4682.0,4510.0
2017-08-27,4500.0,4510.0,4414.0,4541.0,457922694,102046,55,4611.0,4420.0
2017-08-28,4400.0,4400.0,4400.0,4540.0,5095200,1158,1,4541.0,4400.0
2017-08-29,4525.0,4525.0,4325.0,4527.0,49491525,11421,3,4540.0,4325.0
2017-08-30,4505.0,4679.0,4301.0,4511.0,566268902,125728,30,4527.0,4679.0
2017-09-02,4630.0,4630.0,4301.0,4512.0,73775918,16295,14,4511.0,4625.0
2017-09-03,4444.0,4670.0,4350.0,4460.0,266775880,61217,19,4512.0,4353.0
2017-09-04,4354.0,4354.0,4237.0,4350.0,442338159,103625,39,4460.0,4237.0
2017-09-05,4138.0,4290.0,4133.0,4136.0,1584230170,383063,50,4350.0,4237.0
2017-09-06,3999.0,4100.0,3930.0,3958.0,1444934918,365088,49,4136.0,4090.0
2017-09-10,3900.0,4080.0,3761.0,3861.0,712190691,184444,64,3958.0,3894.0
2017-09-11,4040.0,4040.0,3780.0,3861.0,9490320,2440,4,3861.0,3801.0
2017-09-12,3759.0,3990.0,3668.0,3857.0,355783370,92348,26,3861.0,3668.0
2017-09-13,3894.0,3894.0,3665.0,3665.0,872742854,238111,41,3857.0,3665.0
2017-09-16,3550.0,3579.0,3482.0,3491.0,803426468,230110,81,3665.0,3482.0
2017-09-17,3481.0,3481.0,3317.0,3373.0,503588533,150312,84,3491.0,3317.0
2017-09-18,3317.0,3541.0,3317.0,3469.0,1649737290,475502,73,3373.0,3541.0
2017-09-19,3417.0,3642.0,3417.0,3638.0,728415857,200220,55,3469.0,3642.0
2017-09-20,3665.0,3819.0,3641.0,3803.0,2253476036,592485,135,3638.0,3819.0
2017-09-23,3988.0,3993.0,3900.0,3963.0,1386977078,349941,72,3803.0,3993.0
2017-09-24,4040.0,4040.0,3765.0,3802.0,891144385,234415,75,3963.0,3765.0
2017-09-25,3737.0,3737.0,3612.0,3616.0,1295508878,358294,114,3802.0,3650.0
2017-09-26,3500.0,3700.0,3500.0,3606.0,171554072,47945,32,3616.0,3534.0
2017-09-27,3600.0,3600.0,3500.0,3564.0,449796644,126826,49,3606.0,3500.0
2017-10-02,3502.0,3549.0,3400.0,3555.0,63248612,18193,23,3564.0,3549.0
2017-10-03,3402.0,3484.0,3381.0,3519.0,160331040,46911,34,3555.0,3392.0
2017-10-04,3381.0,3500.0,3344.0,3361.0,728310996,216665,82,3519.0,3344.0
2017-10-07,3362.0,3362.0,3210.0,3286.0,414429218,127300,32,3361.0,3240.0
2017-10-08,3246.0,3290.0,3122.0,3148.0,1034076878,328495,87,3286.0,3122.0
2017-10-09,3100.0,3200.0,3001.0,3085.0,443993164,144660,73,3148.0,3050.0
2017-10-10,3050.0,3150.0,3050.0,3074.0,248603727,81239,27,3085.0,3150.0
2017-10-11,3075.0,3178.0,3000.0,3053.0,695476901,227814,77,3074.0,3001.0
2017-10-14,2911.0,3160.0,2911.0,3026.0,470433073,155675,53,3053.0,3026.0
2017-10-15,3015.0,3128.0,3015.0,3034.0,138055225,45130,24,3026.0,3060.0
2017-10-16,3120.0,3120.0,3050.0,3056.0,388518363,126724,47,3034.0,3050.0
2017-10-17,3035.0,3148.0,3035.0,3063.0,73330480,23600,23,3056.0,3100.0
2017-10-18,3149.0,3149.0,2930.0,3069.0,720706876,234798,79,3063.0,3040.0
2017-10-21,3010.0,3145.0,2990.0,3006.0,876692300,291674,77,3069.0,2993.0
2017-10-22,3006.0,3069.0,2943.0,2976.0,338843008,114540,24,3006.0,2970.0
2017-10-23,3122.0,3122.0,3000.0,2993.0,214433420,71003,25,2976.0,3010.0
2017-10-24,2957.0,3057.0,2950.0,3008.0,287033169,94996,31,2993.0,2954.0
2017-10-25,2954.0,2979.0,2890.0,2983.0,137217655,47127,42,3008.0,2890.0
2017-10-28,2890.0,2969.0,2834.0,2866.0,525132651,183253,60,2983.0,2834.0
2017-10-29,2899.0,2899.0,2727.0,2806.0,1295949199,461848,69,2866.0,2777.0
2017-10-30,2845.0,2845.0,2775.0,2809.0,207133875,73626,25,2806.0,2800.0
2017-10-31,2820.0,2820.0,2787.0,2809.0,65508450,23290,9,2809.0,2787.0
2017-11-01,2780.0,2820.0,2750.0,2798.0,303459303,108751,29,2809.0,2795.0
2017-11-04,2702.0,2815.0,2702.0,2781.0,266697218,96418,20,2798.0,2761.0
2017-11-05,2764.0,2818.0,2642.0,2747.0,523692773,190634,74,2781.0,2741.0
2017-11-06,2740.0,2795.0,2621.0,2666.0,655996584,246048,72,2747.0,2720.0
2017-11-07,2703.0,2780.0,2703.0,2722.0,272178308,98319,48,2666.0,2775.0
2017-11-08,2770.0,2839.0,2770.0,2780.0,326502925,116139,49,2722.0,2803.0
2017-11-11,2827.0,2880.0,2827.0,2814.0,245651555,86155,39,2780.0,2833.0
2017-11-12,2800.0,2905.0,2800.0,2848.0,336538382,117450,48,2814.0,2897.0
2017-11-13,2895.0,2899.0,2800.0,2832.0,385678618,136462,41,2848.0,2800.0
2017-11-14,2710.0,2839.0,2710.0,2793.0,293579822,106139,37,2832.0,2767.0
2017-11-15,2839.0,2839.0,2750.0,2762.0,399696534,145125,43,2793.0,2750.0
2017-11-18,2708.0,2800.0,2708.0,2758.0,85283000,31126,17,2762.0,2725.0
2017-11-20,2713.0,2780.0,2713.0,2757.0,14192413,5216,7,2758.0,2780.0
2017-11-21,2703.0,2825.0,2703.0,2759.0,98490261,35582,22,2757.0,2770.0
2017-11-22,2750.0,2789.0,2691.0,2752.0,69964853,25847,22,2759.0,2789.0
2017-11-25,2790.0,2815.0,2771.0,2773.0,275272452,98641,36,2752.0,2788.0
2017-11-26,2840.0,2843.0,2775.0,2789.0,251859750,89777,27,2773.0,2775.0
2017-11-28,2848.0,2848.0,2747.0,2785.0,72550647,26250,9,2789.0,2790.0
2017-11-29,2761.0,2795.0,2760.0,2784.0,126319422,45399,11,2785.0,2794.0
2017-12-02,2780.0,2797.0,2739.0,2779.0,107952656,39074,15,2784.0,2788.0
2017-12-03,2746.0,2789.0,2730.0,2763.0,209021991,76220,35,2779.0,2730.0
2017-12-04,2703.0,2750.0,2690.0,2726.0,291030981,107749,41,2763.0,2690.0
2017-12-05,2759.0,2764.0,2625.0,2652.0,436575150,165062,73,2726.0,2635.0
2017-12-09,2651.0,2689.0,2591.0,2648.0,212290460,80334,43,2652.0,2650.0
2017-12-10,2530.0,2680.0,2520.0,2637.0,248426745,94624,55,2648.0,2680.0
2017-12-11,2650.0,2650.0,2506.0,2550.0,832236144,326340,111,2637.0,2647.0
2017-12-12,2677.0,2677.0,2550.0,2589.0,215469434,81630,51,2550.0,2655.0
2017-12-13,2700.0,2716.0,2630.0,2615.0,196087865,73860,37,2589.0,2716.0
2017-12-16,2670.0,2685.0,2591.0,2616.0,224099412,85607,28,2615.0,2591.0
2017-12-17,2700.0,2700.0,2595.0,2619.0,64482420,24394,12,2616.0,2610.0
2017-12-18,2561.0,2680.0,2551.0,2618.0,27553983,10623,14,2619.0,2640.0
2017-12-19,2640.0,2719.0,2640.0,2655.0,241458276,89548,37,2618.0,2719.0
2017-12-20,2680.0,2744.0,2680.0,2673.0,168329259,62113,44,2655.0,2720.0
2017-12-23,2719.0,2769.0,2719.0,2726.0,513603178,188334,31,2673.0,2731.0
2017-12-24,2779.0,2779.0,2710.0,2725.0,155568117,57115,26,2726.0,2710.0
2017-12-25,2635.0,2675.0,2635.0,2698.0,207658644,78066,24,2725.0,2663.0
2017-12-26,2663.0,2699.0,2642.0,2681.0,207104794,77907,43,2698.0,2642.0
2017-12-27,2681.0,2750.0,2602.0,2675.0,67247821,25479,17,2681.0,2650.0
2017-12-30,2596.0,2680.0,2542.0,2589.0,811095644,313291,70,2675.0,2542.0
2017-12-31,2713.0,2713.0,2460.0,2463.0,576381900,234038,49,2589.0,2460.0
2018-01-01,2355.0,2540.0,2355.0,2470.0,254534274,102777,30,2463.0,2460.0
2018-01-02,2405.0,2500.0,2405.0,2469.0,43992812,17870,9,2470.0,2452.0
2018-01-03,2421.0,2545.0,2421.0,2474.0,135559452,54507,18,2469.0,2500.0
2018-01-06,2500.0,2580.0,2496.0,2504.0,191892940,75133,19,2474.0,2569.0
2018-01-07,2513.0,2598.0,2500.0,2511.0,293835609,116799,37,2504.0,2500.0
2018-01-08,2501.0,2550.0,2496.0,2514.0,485025370,192913,44,2511.0,2500.0
2018-01-09,2450.0,2457.0,2401.0,2502.0,88180406,36022,21,2514.0,2401.0
2018-01-10,2540.0,2540.0,2400.0,2475.0,210261334,86255,22,2502.0,2415.0
2018-01-13,2540.0,2540.0,2449.0,2476.0,16819899,6700,9,2475.0,2451.0
2018-01-14,2451.0,2599.0,2451.0,2495.0,120122760,47000,17,2476.0,2520.0
2018-01-15,2613.0,2614.0,2500.0,2504.0,130559395,51570,21,2495.0,2500.0
2018-01-16,2610.0,2615.0,2514.0,2510.0,37531352,14472,10,2504.0,2514.0
2018-01-17,2607.0,2610.0,2483.0,2510.0,153143832,61000,28,2510.0,2483.0
2018-01-20,2610.0,2610.0,2385.0,2451.0,311775339,128900,29,2510.0,2410.0
2018-01-21,2451.0,2451.0,2451.0,2451.0,5007393,2043,2,2451.0,2451.0
2018-01-22,2500.0,2501.0,2380.0,2407.0,384432011,160411,38,2451.0,2380.0
2018-01-23,2381.0,2464.0,2360.0,2381.0,726770066,305244,51,2407.0,2380.0
2018-01-24,2390.0,2398.0,2340.0,2378.0,76470381,32341,24,2381.0,2398.0
2018-01-27,2380.0,2380.0,2266.0,2361.0,123231383,53341,29,2378.0,2296.0
2018-01-28,2320.0,2347.0,2300.0,2358.0,44652500,19200,10,2361.0,2347.0
2018-01-29,2291.0,2309.0,2281.0,2349.0,66244260,28885,11,2358.0,2308.0
2018-01-30,2339.0,2340.0,2280.0,2339.0,131318138,56769,20,2349.0,2290.0
2018-01-31,2272.0,2314.0,2250.0,2316.0,199056092,87140,40,2339.0,2250.0
2018-02-03,2202.0,2299.0,2201.0,2201.0,842083925,382530,94,2316.0,2299.0
2018-02-04,2289.0,2289.0,2153.0,2200.0,202619463,92181,29,2201.0,2153.0
2018-02-06,2220.0,2299.0,2220.0,2201.0,24511650,11020,6,2200.0,2299.0
2018-02-07,2200.0,2200.0,2148.0,2197.0,98439155,45077,22,2201.0,2199.0
2018-02-10,2200.0,2220.0,2190.0,2197.0,28725246,13095,5,2197.0,2190.0
2018-02-12,2210.0,2210.0,2185.0,2197.0,61632495,28084,18,2197.0,2200.0
2018-02-13,2197.0,2197.0,2150.0,2190.0,92829352,42979,23,2197.0,2153.0
2018-02-14,2200.0,2200.0,2081.0,2098.0,450680140,215311,73,2190.0,2091.0
2018-02-17,2200.0,2202.0,2179.0,2122.0,128689659,58606,27,2098.0,2185.0
2018-02-18,2200.0,2200.0,2100.0,2123.0,73776380,34638,14,2122.0,2100.0
2018-02-19,2208.0,2208.0,2063.0,2126.0,164998351,77352,34,2123.0,2104.0
2018-02-21,2101.0,2165.0,2100.0,2121.0,105200078,50016,15,2126.0,2100.0
2018-02-24,2100.0,2100.0,2053.0,2063.0,692397933,335699,57,2121.0,2060.0
2018-02-25,2030.0,2110.0,2030.0,2069.0,156547710,75142,19,2063.0,2110.0
2018-02-26,2046.0,2046.0,2036.0,2063.0,97188478,47612,13,2069.0,2041.0
2018-02-27,2095.0,2095.0,2031.0,2059.0,168720784,82225,18,2063.0,2040.0
2018-02-28,2025.0,2096.0,1961.0,2003.0,793594851,396186,77,2059.0,2054.0
2018-03-03,2085.0,2085.0,1976.0,2010.0,213437597,105647,32,2003.0,2002.0
2018-03-04,2020.0,2064.0,1966.0,1995.0,246742930,124570,18,2010.0,1975.0
2018-03-05,2022.0,2041.0,2000.0,2007.0,163921927,80611,10,1995.0,2041.0
2018-03-06,2001.0,2069.0,2001.0,2008.0,21211395,10419,7,2007.0,2038.0
2018-03-07,1980.0,2037.0,1950.0,2004.0,204200721,102240,30,2008.0,1950.0
2018-03-10,1985.0,2000.0,1960.0,2002.0,24310565,12374,7,2004.0,1960.0
2018-03-11,1999.0,1999.0,1945.0,2000.0,18999935,9711,12,2002.0,1945.0
2018-03-12,1945.0,1977.0,1900.0,1915.0,1161267674,606256,86,2000.0,1940.0
2018-03-13,1861.0,1969.0,1861.0,1920.0,62625670,32078,15,1915.0,1965.0
2018-03-14,2001.0,2001.0,1900.0,1923.0,103306351,53409,34,1920.0,1920.0
2018-03-17,2000.0,2014.0,1973.0,1983.0,403682567,201859,47,1923.0,1973.0
2018-03-18,1954.0,1996.0,1890.0,1973.0,99964498,51725,24,1983.0,1940.0
2018-03-19,1990.0,1997.0,1900.0,1977.0,151149607,76036,18,1973.0,1996.0
2018-03-25,1961.0,1961.0,1879.0,1964.0,105632644,55067,15,1977.0,1934.0
2018-03-26,1920.0,1986.0,1870.0,1948.0,97249820,51600,12,1964.0,1986.0
2018-03-27,1872.0,1999.0,1872.0,1966.0,292870599,147990,27,1948.0,1974.0
2018-03-28,1967.0,1975.0,1915.0,1966.0,218295667,111071,9,1966.0,1975.0
2018-04-03,1971.0,1971.0,1925.0,1961.0,73119836,37800,9,1966.0,1949.0
2018-04-04,1969.0,1970.0,1932.0,1963.0,249034778,126766,19,1961.0,1935.0
2018-04-08,1979.0,2060.0,1902.0,1987.0,544912951,274265,42,1963.0,1983.0
2018-04-09,2000.0,2040.0,1930.0,1991.0,467740947,234922,40,1987.0,1980.0
2018-04-10,1995.0,2079.0,1965.0,2002.0,202487584,100240,18,1991.0,1999.0
2018-04-11,1970.0,2000.0,1913.0,1988.0,123581705,63543,25,2002.0,1967.0
2018-04-15,1999.0,2000.0,1889.0,1921.0,355072887,187145,37,1988.0,1889.0
2018-04-16,1946.0,1946.0,1879.0,1934.0,470058767,243000,14,1921.0,1915.0
2018-04-17,1890.0,1990.0,1890.0,1935.0,27443000,14000,3,1934.0,1990.0
2018-04-18,1985.0,1985.0,1921.0,1941.0,189433930,97058,18,1935.0,1921.0
2018-04-21,2009.0,2009.0,1884.0,1941.0,189873102,97812,20,1941.0,1939.0
2018-04-22,1867.0,1960.0,1867.0,1942.0,113577902,58383,15,1941.0,1944.0
2018-04-23,1878.0,1949.0,1875.0,1922.0,271670874,142533,17,1942.0,1930.0
2018-04-24,1876.0,1900.0,1826.0,1879.0,314792188,169500,32,1922.0,1828.0
2018-04-25,1900.0,1900.0,1821.0,1878.0,91439889,48864,15,1879.0,1821.0
2018-04-28,1785.0,1880.0,1785.0,1838.0,220832272,123325,41,1878.0,1788.0
2018-04-29,1753.0,1759.0,1753.0,1836.0,11290203,6431,15,1838.0,1759.0
2018-04-30,1761.0,1771.0,1745.0,1785.0,284595853,162467,37,1836.0,1745.0
2018-05-01,1697.0,1710.0,1696.0,1769.0,84081039,49493,21,1785.0,1710.0
2018-05-05,1681.0,1685.0,1681.0,1701.0,377193021,224141,25,1769.0,1681.0
2018-05-06,1750.0,1750.0,1618.0,1693.0,43950050,27090,5,1701.0,1621.0
2018-05-07,1632.0,1633.0,1609.0,1610.0,523890129,325414,61,1693.0,1609.0
2018-05-08,1652.0,1690.0,1640.0,1626.0,150968472,90918,22,1610.0,1640.0
2018-05-09,1547.0,1555.0,1545.0,1595.0,170699987,110315,40,1626.0,1548.0
2018-05-12,1518.0,1616.0,1517.0,1555.0,313611336,204409,51,1595.0,1616.0
2018-05-13,1600.0,1632.0,1600.0,1631.0,518434208,317903,37,1555.0,1632.0
2018-05-14,1712.0,1712.0,1712.0,1712.0,534135440,311995,33,1631.0,1712.0
2018-05-15,1776.0,1797.0,1712.0,1754.0,346755633,194828,42,1712.0,1797.0
2018-05-16,1841.0,1841.0,1841.0,1821.0,442662927,240447,40,1754.0,1841.0
2018-05-19,1912.0,1912.0,1912.0,1912.0,529172768,276764,19,1821.0,1912.0
2018-05-21,2004.0,2006.0,1933.0,1994.0,1832103234,918659,147,1912.0,1968.0
2018-05-22,1980.0,2060.0,1931.0,1993.0,1119341783,561658,101,1994.0,1935.0
2018-05-23,1980.0,2020.0,1894.0,1943.0,728340756,374766,75,1993.0,1910.0
2018-05-26,1939.0,1990.0,1856.0,1945.0,594880772,305790,54,1943.0,1950.0
2018-05-27,1956.0,2005.0,1940.0,1989.0,555061848,279069,52,1945.0,2000.0
2018-05-28,2030.0,2037.0,1935.0,1976.0,672357768,340327,54,1989.0,1950.0
2018-05-29,1906.0,1906.0,1878.0,1881.0,485857534,258250,66,1976.0,1878.0
2018-05-30,1920.0,1920.0,1874.0,1881.0,9556000,5050,7,1881.0,1874.0
2018-06-02,1872.0,1900.0,1801.0,1877.0,86095933,46377,20,1881.0,1850.0
2018-06-03,1889.0,1889.0,1821.0,1873.0,128406702,68938,19,1877.0,1821.0
2018-06-09,1850.0,1850.0,1780.0,1861.0,116220578,63722,27,1873.0,1788.0
2018-06-10,1777.0,1800.0,1777.0,1856.0,34295024,19109,11,1861.0,1781.0
2018-06-11,1800.0,1805.0,1791.0,1839.0,135723450,75550,22,1856.0,1792.0
2018-06-12,1764.0,1830.0,1762.0,1835.0,47897075,26643,23,1839.0,1830.0
2018-06-13,1829.0,1840.0,1790.0,1811.0,1108264361,612109,100,1835.0,1825.0
2018-06-17,1901.0,1901.0,1889.0,1870.0,348424866,183353,35,1811.0,1901.0
2018-06-18,1963.0,1963.0,1960.0,1949.0,465611013,237351,53,1870.0,1963.0
2018-06-19,2030.0,2046.0,2010.0,2042.0,643123433,315001,64,1949.0,2046.0
2018-06-20,2049.0,2144.0,2049.0,2143.0,621558766,289975,45,2042.0,2144.0
2018-06-23,2250.0,2250.0,2250.0,2221.0,380628000,169168,21,2143.0,2250.0
2018-06-24,2250.0,2250.0,2144.0,2166.0,751943003,347103,65,2221.0,2200.0
2018-06-25,2238.0,2238.0,2087.0,2159.0,947157638,438644,61,2166.0,2087.0
2018-06-26,2063.0,2161.0,2053.0,2140.0,99118766,47993,21,2159.0,2070.0
2018-06-27,2033.0,2145.0,2033.0,2114.0,233794489,112088,45,2140.0,2044.0
2018-06-30,2114.0,2114.0,2060.0,2111.0,90939560,43392,14,2114.0,2080.0
2018-07-01,2100.0,2150.0,2006.0,2065.0,676090076,327482,48,2111.0,2006.0
2018-07-02,2049.0,2050.0,2000.0,2061.0,70249131,34442,13,2065.0,2040.0
2018-07-03,2053.0,2099.0,2000.0,2048.0,158294783,78316,23,2061.0,2000.0
2018-07-04,2000.0,2000.0,1986.0,1998.0,583335088,291901,27,2048.0,2000.0
2018-07-07,2000.0,2000.0,1990.0,1998.0,47312190,23681,4,1998.0,1990.0
2018-07-08,1902.0,1998.0,1899.0,1949.0,235301695,123855,50,1998.0,1899.0
2018-07-10,1855.0,1988.0,1852.0,1863.0,485923321,260780,76,1949.0,1852.0
2018-07-16,1790.0,1798.0,1790.0,1794.0,176040112,98123,29,1713.0,1798.0
2018-07-17,1880.0,1880.0,1790.0,1798.0,64360014,35233,15,1794.0,1849.0
2018-07-18,1880.0,1887.0,1808.0,1846.0,322558942,171678,44,1798.0,1887.0
2018-07-21,1891.0,1938.0,1890.0,1891.0,293462027,152324,49,1846.0,1938.0
2018-07-22,1985.0,1985.0,1890.0,1912.0,171937930,87971,22,1891.0,1891.0
2018-07-23,2000.0,2000.0,1817.0,1883.0,175212271,95738,35,1912.0,1850.0
2018-07-24,1900.0,1900.0,1789.0,1808.0,411367161,229234,46,1883.0,1806.0
2018-07-25,1790.0,1870.0,1790.0,1811.0,82246067,44975,18,1808.0,1870.0
2018-07-28,1741.0,1799.0,1741.0,1798.0,144632142,81893,32,1811.0,1747.0
2018-07-29,1790.0,1790.0,1735.0,1778.0,167399169,96126,29,1798.0,1740.0
2018-07-30,1737.0,1760.0,1690.0,1746.0,245849011,143205,45,1778.0,1760.0
2018-07-31,1780.0,1833.0,1715.0,1784.0,404000747,225325,39,1746.0,1833.0
2018-08-01,1869.0,1873.0,1760.0,1786.0,15121316,8239,5,1784.0,1760.0
2018-08-04,1708.0,1750.0,1702.0,1776.0,67752944,39438,24,1786.0,1750.0
2018-08-05,1780.0,1790.0,1730.0,1776.0,28445020,15949,9,1776.0,1730.0
2018-08-06,1830.0,1834.0,1740.0,1781.0,137890533,76779,21,1776.0,1779.0
2018-08-07,1721.0,1779.0,1692.0,1707.0,569186929,333393,75,1781.0,1692.0
2018-08-08,1778.0,1792.0,1649.0,1767.0,498985023,282457,49,1707.0,1767.0
2018-08-11,1767.0,1820.0,1767.0,1768.0,13681462,7546,3,1767.0,1820.0
2018-08-12,1771.0,1797.0,1722.0,1768.0,126321967,71386,15,1768.0,1730.0
2018-08-13,1724.0,1750.0,1695.0,1751.0,137490188,80449,34,1768.0,1720.0
2018-08-14,1700.0,1786.0,1680.0,1718.0,265778677,157108,54,1751.0,1680.0
2018-08-15,1637.0,1739.0,1637.0,1712.0,140516091,82841,28,1718.0,1728.0
2018-08-18,1690.0,1720.0,1690.0,1710.0,88408006,52043,28,1712.0,1690.0
2018-08-19,1676.0,1749.0,1670.0,1706.0,126928983,74992,31,1710.0,1745.0
2018-08-20,1740.0,1740.0,1700.0,1704.0,462590420,271496,68,1706.0,1740.0
2018-08-21,1748.0,1789.0,1715.0,1755.0,350808197,197204,59,1704.0,1789.0
2018-08-25,1800.0,1842.0,1800.0,1837.0,511030638,277892,56,1755.0,1842.0
2018-08-28,1856.0,1928.0,1856.0,1849.0,80617784,41957,14,1837.0,1928.0
2018-08-29,1941.0,1941.0,1941.0,1858.0,51731532,26652,16,1849.0,1941.0
2018-09-01,1950.0,1950.0,1950.0,1950.0,1050728250,538835,41,1858.0,1950.0
2018-09-02,2047.0,2047.0,2047.0,2047.0,622809985,304255,41,1950.0,2047.0
2018-09-03,2149.0,2149.0,2149.0,2129.0,463810074,215826,26,2047.0,2149.0
2018-09-04,2235.0,2235.0,2235.0,2235.0,1588588830,710778,67,2129.0,2235.0
2018-09-05,2346.0,2430.0,2229.0,2273.0,3214025968,1413901,204,2235.0,2234.0
2018-09-08,2233.0,2384.0,2201.0,2326.0,3086666537,1326900,243,2273.0,2360.0
2018-09-09,2422.0,2442.0,2388.0,2437.0,1832467470,752044,84,2326.0,2442.0
2018-09-10,2558.0,2558.0,2558.0,2489.0,243153248,95056,26,2437.0,2558.0
2018-09-11,2613.0,2613.0,2613.0,2553.0,295663563,113151,21,2489.0,2613.0
2018-09-12,2680.0,2680.0,2680.0,2680.0,705944160,263412,23,2553.0,2680.0
2018-09-15,2814.0,2814.0,2814.0,2777.0,379878744,134996,11,2680.0,2814.0
2018-09-17,2915.0,2915.0,2915.0,2797.0,80080880,27472,6,2777.0,2915.0
2018-09-18,2936.0,2936.0,2936.0,2879.0,324319368,110463,15,2797.0,2936.0
2018-09-22,3022.0,3022.0,3022.0,2917.0,144551326,47833,11,2879.0,3022.0
2018-09-23,3062.0,3062.0,3062.0,2954.0,139768052,45646,14,2917.0,3062.0
2018-09-24,3101.0,3101.0,3101.0,2965.0,42899234,13834,9,2954.0,3101.0
2018-09-25,3113.0,3113.0,3113.0,3049.0,317747023,102071,10,2965.0,3113.0
2018-09-26,3201.0,3201.0,3201.0,3141.0,347372520,108520,7,3049.0,3201.0
2018-09-29,3298.0,3298.0,3298.0,3298.0,780164986,236557,19,3141.0,3298.0
2018-09-30,3462.0,3462.0,3462.0,3392.0,358805142,103641,10,3298.0,3462.0
2018-10-01,3561.0,3561.0,3223.0,3518.0,10925032330,3105844,374,3392.0,3549.0
2018-10-02,3575.0,3575.0,3343.0,3366.0,2786565351,827822,101,3518.0,3343.0
2018-10-03,3198.0,3198.0,3198.0,3314.0,177290724,55438,26,3366.0,3198.0
2018-10-06,3149.0,3359.0,3149.0,3170.0,5035686683,1588652,193,3314.0,3149.0
2018-10-07,3012.0,3012.0,3012.0,3163.0,25345980,8415,6,3170.0,3012.0
2018-10-08,3005.0,3005.0,3005.0,3150.0,44678340,14868,8,3163.0,3005.0
2018-10-09,2993.0,2993.0,2993.0,3070.0,275409874,92018,35,3150.0,2993.0
2018-10-10,2917.0,2917.0,2917.0,3068.0,8167600,2800,3,3070.0,2917.0
2018-10-13,2915.0,2915.0,2915.0,2923.0,498534960,171024,10,3068.0,2915.0
2018-10-14,2777.0,2777.0,2777.0,2917.0,19439000,7000,1,2923.0,2777.0
2018-10-15,2772.0,2772.0,2772.0,2853.0,221499432,79906,20,2917.0,2772.0
2018-10-16,2711.0,2995.0,2711.0,2805.0,5197063754,1852794,272,2853.0,2767.0
2018-10-17,2711.0,2745.0,2665.0,2676.0,3254156809,1216278,150,2805.0,2743.0
2018-10-20,2670.0,2809.0,2670.0,2770.0,1266448249,457257,112,2676.0,2809.0
2018-10-21,2849.0,2849.0,2700.0,2806.0,767544763,273507,44,2770.0,2780.0
2018-10-22,2850.0,2850.0,2669.0,2714.0,1101220156,405745,57,2806.0,2670.0
2018-10-23,2579.0,2579.0,2579.0,2625.0,318266653,123407,19,2714.0,2579.0
2018-10-24,2494.0,2494.0,2494.0,2620.0,17283420,6930,6,2625.0,2494.0
2018-10-27,2489.0,2489.0,2489.0,2606.0,49789956,20004,6,2620.0,2489.0
2018-10-28,2476.0,2476.0,2476.0,2587.0,70187172,28347,9,2606.0,2476.0
2018-10-29,2458.0,2587.0,2458.0,2472.0,2859462071,1156925,201,2587.0,2481.0
2018-10-31,2465.0,2470.0,2349.0,2368.0,2697046002,1139161,183,2472.0,2410.0
2018-11-03,2450.0,2481.0,2369.0,2421.0,1136466832,469440,110,2368.0,2480.0
2018-11-04,2480.0,2499.0,2360.0,2448.0,1624202831,663468,139,2421.0,2480.0
2018-11-05,2352.0,2570.0,2352.0,2558.0,1240138589,484795,95,2448.0,2570.0
2018-11-06,2685.0,2685.0,2685.0,2657.0,441199200,164320,33,2558.0,2685.0
2018-11-10,2789.0,2789.0,2789.0,2789.0,921156498,330282,49,2657.0,2789.0
2018-11-11,2860.0,2860.0,2650.0,2731.0,1196777271,438200,99,2789.0,2650.0
2018-11-12,2599.0,2665.0,2595.0,2612.0,1724555707,660369,143,2731.0,2645.0
2018-11-13,2690.0,2690.0,2571.0,2618.0,843804863,322261,55,2612.0,2571.0
2018-11-14,2550.0,2600.0,2501.0,2555.0,604878559,236733,47,2618.0,2580.0
2018-11-17,2511.0,2511.0,2432.0,2501.0,249586246,101844,33,2555.0,2500.0
2018-11-18,2450.0,2452.0,2376.0,2403.0,375388415,157788,32,2501.0,2376.0
2018-11-19,2403.0,2499.0,2403.0,2414.0,178357828,73347,32,2403.0,2439.0
2018-11-20,2499.0,2521.0,2400.0,2448.0,745957127,304734,60,2414.0,2400.0
2018-11-21,2459.0,2500.0,2413.0,2462.0,267185634,108057,41,2448.0,2446.0
2018-11-24,2430.0,2430.0,2339.0,2345.0,1048314164,447054,79,2462.0,2340.0
2018-11-26,2260.0,2275.0,2259.0,2337.0,46900125,20661,11,2345.0,2270.0
2018-11-27,2230.0,2348.0,2226.0,2269.0,810026498,357041,64,2337.0,2345.0
2018-11-28,2270.0,2325.0,2270.0,2295.0,486345022,211873,38,2269.0,2299.0
2018-12-01,2310.0,2365.0,2181.0,2201.0,763050038,346649,73,2295.0,2181.0
2018-12-02,2123.0,2275.0,2123.0,2189.0,648624948,296327,54,2201.0,2275.0
2018-12-03,2275.0,2298.0,2203.0,2271.0,1357306818,597549,129,2189.0,2298.0
2018-12-04,2384.0,2384.0,2300.0,2383.0,2022152889,848491,137,2271.0,2384.0
2018-12-05,2502.0,2502.0,2500.0,2502.0,913798050,365274,62,2383.0,2502.0
2018-12-08,2625.0,2627.0,2510.0,2596.0,3688202885,1420793,266,2502.0,2627.0
2018-12-09,2725.0,2725.0,2641.0,2700.0,3196533128,1183714,251,2596.0,2725.0
2018-12-10,2797.0,2798.0,2565.0,2709.0,1267418072,467907,115,2700.0,2565.0
2018-12-11,2580.0,2580.0,2574.0,2575.0,695768980,270215,75,2709.0,2574.0
2018-12-12,2500.0,2550.0,2447.0,2451.0,1246882942,508786,76,2575.0,2529.0
2018-12-15,2403.0,2495.0,2399.0,2424.0,545760384,225147,70,2451.0,2399.0
2018-12-16,2480.0,2545.0,2326.0,2506.0,2364245578,943322,224,2424.0,2545.0
2018-12-17,2631.0,2631.0,2560.0,2611.0,2053532370,786554,251,2506.0,2620.0
2018-12-18,2625.0,2680.0,2545.0,2618.0,670327387,256044,108,2611.0,2580.0
2018-12-19,2580.0,2580.0,2488.0,2490.0,1382557484,555168,111,2618.0,2488.0
2018-12-22,2401.0,2475.0,2366.0,2425.0,324472846,135554,58,2490.0,2395.0
2018-12-23,2448.0,2468.0,2340.0,2389.0,1600719548,670098,140,2425.0,2440.0
2018-12-24,2352.0,2438.0,2283.0,2336.0,1354145525,579741,156,2389.0,2350.0
2018-12-25,2300.0,2350.0,2287.0,2303.0,610074076,264861,74,2336.0,2291.0
2018-12-26,2300.0,2395.0,2300.0,2355.0,1295952570,550343,144,2303.0,2369.0
2019-01-02,2050.0,2050.0,1948.0,2002.0,2958045445,1477571,298,1903.0,2042.0
2019-01-05,2102.0,2102.0,2056.0,2087.0,2295818548,1099946,259,2002.0,2102.0
2019-01-06,2180.0,2191.0,2160.0,2185.0,2189579823,1002236,233,2087.0,2191.0
2019-01-07,2271.0,2279.0,2190.0,2249.0,1749254417,777737,185,2185.0,2267.0
2019-01-08,2276.0,2276.0,2137.0,2168.0,2136535587,985534,265,2249.0,2150.0
2019-01-09,2138.0,2201.0,2138.0,2168.0,889064922,410030,141,2168.0,2189.0
2019-01-12,2197.0,2197.0,2140.0,2158.0,1122822793,520418,148,2168.0,2141.0
2019-01-13,2120.0,2185.0,2081.0,2127.0,1079416999,507478,141,2158.0,2131.0
2019-01-14,2155.0,2159.0,2060.0,2106.0,1712058473,812918,135,2127.0,2110.0
2019-01-15,2143.0,2155.0,2112.0,2137.0,994301587,465381,111,2106.0,2155.0
2019-01-16,2141.0,2190.0,2141.0,2182.0,1033067334,473361,124,2137.0,2173.0
2019-01-19,2180.0,2250.0,2180.0,2221.0,969525429,436550,129,2182.0,2195.0
2019-01-20,2200.0,2280.0,2140.0,2216.0,1387144065,625946,175,2221.0,2235.0
2019-01-21,2250.0,2275.0,2130.0,2149.0,742132709,345344,88,2216.0,2141.0
2019-01-22,2110.0,2200.0,2110.0,2152.0,211674988,98131,46,2149.0,2195.0
2019-01-23,2199.0,2199.0,2150.0,2168.0,628261432,289757,76,2152.0,2160.0
2019-01-26,2126.0,2199.0,2120.0,2140.0,579388659,270761,86,2168.0,2148.0
2019-01-27,2170.0,2170.0,2062.0,2104.0,1324856865,629663,116,2140.0,2080.0
2019-01-28,2100.0,2110.0,2061.0,2091.0,269133847,129603,50,2104.0,2089.0
2019-01-29,2081.0,2101.0,2078.0,2089.0,289100653,138513,56,2091.0,2090.0
2019-01-30,2070.0,2115.0,2063.0,2081.0,316174894,152348,52,2089.0,2115.0
2019-02-02,2141.0,2141.0,2065.0,2082.0,268073391,128708,51,2081.0,2090.0
2019-02-03,2066.0,2066.0,2000.0,2057.0,311835035,153025,55,2082.0,2040.0
2019-02-04,2079.0,2079.0,2052.0,2058.0,111431292,53979,44,2057.0,2054.0
2019-02-05,2054.0,2080.0,1980.0,2032.0,347558174,172291,78,2058.0,1982.0
2019-02-06,2049.0,2100.0,1986.0,2037.0,360010544,176445,60,2032.0,2079.0
2019-02-10,2089.0,2089.0,2016.0,2033.0,370347985,182402,41,2037.0,2035.0
2019-02-12,2031.0,2050.0,2017.0,2033.0,236207030,116165,48,2033.0,2049.0
2019-02-13,2016.0,2028.0,1980.0,2021.0,216722389,108225,45,2033.0,2027.0
2019-02-16,1963.0,2000.0,1963.0,2011.0,131898618,66535,24,2021.0,1983.0
2019-02-17,1960.0,1999.0,1920.0,1991.0,305992441,154874,34,2011.0,1980.0
2019-02-18,1912.0,1998.0,1900.0,1956.0,454549308,233020,64,1991.0,1959.0
2019-02-19,1923.0,1996.0,1922.0,1951.0,155793723,80351,36,1956.0,1942.0
2019-02-20,1940.0,1986.0,1926.0,1944.0,472385174,243072,88,1951.0,1986.0
2019-02-23,2028.0,2041.0,1980.0,2028.0,1136926060,560661,121,1944.0,2041.0
2019-02-24,2100.0,2129.0,2100.0,2124.0,1670954842,786815,164,2028.0,2129.0
2019-02-25,2160.0,2200.0,2030.0,2153.0,2206743050,1024805,252,2124.0,2195.0
2019-02-26,2161.0,2181.0,2046.0,2074.0,1554171904,749326,203,2153.0,2046.0
2019-02-27,2099.0,2150.0,2043.0,2119.0,663603116,313131,96,2074.0,2118.0
2019-03-02,2107.0,2200.0,2107.0,2179.0,1886239508,865606,183,2119.0,2200.0
2019-03-03,2198.0,2245.0,2151.0,2211.0,1747941851,790656,174,2179.0,2240.0
2019-03-04,2240.0,2266.0,2172.0,2236.0,1272420019,568960,122,2211.0,2265.0
2019-03-05,2230.0,2271.0,2170.0,2248.0,1538105651,684182,128,2236.0,2270.0
2019-03-06,2200.0,2360.0,2200.0,2330.0,2724839469,1169413,223,2248.0,2360.0
2019-03-09,2446.0,2446.0,2246.0,2375.0,3104407656,1307005,245,2330.0,2446.0
2019-03-10,2490.0,2493.0,2460.0,2492.0,2987179040,1198700,210,2375.0,2493.0
2019-03-11,2567.0,2567.0,2420.0,2463.0,1632658817,662800,175,2492.0,2440.0
2019-03-12,2460.0,2510.0,2340.0,2359.0,1991366474,844331,162,2463.0,2340.0
2019-03-13,2265.0,2399.0,2242.0,2302.0,1004848826,436604,116,2359.0,2399.0
2019-03-16,2398.0,2417.0,2321.0,2402.0,1384964691,576624,125,2302.0,2409.0
2019-03-17,2420.0,2450.0,2311.0,2362.0,625877929,265064,91,2402.0,2374.0
2019-03-18,2435.0,2439.0,2370.0,2403.0,714590765,297398,84,2362.0,2390.0
2019-03-19,2371.0,2439.0,2316.0,2353.0,839691513,356785,111,2403.0,2363.0
2019-03-25,2398.0,2398.0,2324.0,2359.0,170500060,71743,32,2353.0,2379.0
2019-03-26,2330.0,2419.0,2330.0,2389.0,878695597,367829,116,2359.0,2399.0
2019-03-27,2400.0,2420.0,2350.0,2389.0,497178125,208055,74,2389.0,2400.0
2019-03-30,2330.0,2436.0,2330.0,2389.0,986762624,413081,90,2389.0,2400.0
2019-03-31,2352.0,2449.0,2330.0,2382.0,837760982,351730,111,2389.0,2379.0
2019-04-06,2425.0,2469.0,2369.0,2414.0,1169459463,484413,119,2382.0,2437.0
2019-04-07,2417.0,2490.0,2410.0,2455.0,783117529,318970,97,2414.0,2451.0
2019-04-08,2455.0,2577.0,2430.0,2542.0,3029084769,1191789,232,2455.0,2577.0
2019-04-09,2580.0,2669.0,2577.0,2654.0,1168241432,440203,118,2542.0,2669.0
2019-04-10,2755.0,2786.0,2700.0,2782.0,1417538600,509603,71,2654.0,2786.0
2019-04-13,2921.0,2921.0,2921.0,2921.0,801093013,274253,47,2782.0,2921.0
2019-04-14,3067.0,3067.0,3067.0,3067.0,1116504546,364038,61,2921.0,3067.0
2019-04-15,3220.0,3220.0,2932.0,3179.0,9415446852,2961764,482,3067.0,3070.0
2019-04-16,3041.0,3050.0,3021.0,3025.0,2356342090,778945,182,3179.0,3021.0
2019-04-17,2874.0,2874.0,2874.0,2908.0,600757968,209032,82,3025.0,2874.0
2019-04-20,2801.0,3000.0,2801.0,2925.0,4542392021,1552916,308,2908.0,2930.0
2019-04-22,2930.0,2999.0,2880.0,2933.0,3885381766,1324582,229,2925.0,2881.0
2019-04-23,2933.0,2933.0,2787.0,2807.0,1511098750,538268,134,2933.0,2787.0
2019-04-24,2786.0,2947.0,2786.0,2918.0,5150315553,1765095,270,2807.0,2947.0
2019-04-27,2948.0,3015.0,2925.0,2977.0,2832284081,951548,293,2918.0,2925.0
2019-04-28,3000.0,3016.0,2900.0,2927.0,5050859806,1725372,365,2977.0,2903.0
2019-04-29,2903.0,2977.0,2851.0,2957.0,1483017623,501604,146,2927.0,2937.0
2019-04-30,2997.0,3100.0,2880.0,2993.0,1947044996,650561,169,2957.0,2932.0
2019-05-01,3046.0,3046.0,2920.0,2978.0,1426339219,478945,144,2993.0,2970.0
2019-05-04,2980.0,3084.0,2961.0,3030.0,3038057481,1002571,235,2978.0,3070.0
2019-05-05,3074.0,3181.0,3050.0,3143.0,8233921297,2619938,391,3030.0,3181.0
2019-05-06,3295.0,3295.0,2986.0,3171.0,5242788320,1653485,351,3143.0,3100.0
2019-05-07,3100.0,3100.0,3013.0,3024.0,1377746329,455602,80,3171.0,3013.0
2019-05-08,2873.0,3100.0,2873.0,2960.0,3031004989,1023879,198,3024.0,3050.0
2019-05-11,3020.0,3108.0,3000.0,3092.0,5511702558,1782708,244,2960.0,3090.0
2019-05-12,3121.0,3129.0,2938.0,2976.0,1873431740,629496,194,3092.0,3052.0
2019-05-13,2981.0,3124.0,2981.0,3107.0,1746590135,562168,157,2976.0,3100.0
2019-05-14,3124.0,3212.0,3124.0,3171.0,3912581380,1233733,247,3107.0,3170.0
2019-05-15,3210.0,3329.0,3171.0,3306.0,5161483037,1561145,265,3171.0,3329.0
2019-05-18,3471.0,3471.0,3471.0,3404.0,554714394,159814,54,3306.0,3471.0
2019-05-19,3574.0,3574.0,3574.0,3574.0,1189491532,332818,54,3404.0,3574.0
2019-05-20,3752.0,3752.0,3574.0,3730.0,15851131558,4249551,614,3574.0,3752.0
2019-05-21,3899.0,3916.0,3851.0,3913.0,7868521195,2010635,330,3730.0,3916.0
2019-05-22,4060.0,4105.0,3720.0,3936.0,6947641070,1765284,395,3913.0,3720.0
2019-05-25,3840.0,3840.0,3740.0,3756.0,8403905655,2237639,497,3936.0,3829.0
2019-05-26,3849.0,3943.0,3840.0,3929.0,4481415081,1140456,149,3756.0,3943.0
2019-05-28,4125.0,4125.0,4115.0,4125.0,7766548492,1882923,301,3929.0,4125.0
2019-05-29,4331.0,4331.0,4079.0,4263.0,5668548110,1329615,273,4125.0,4331.0
2019-06-01,4476.0,4476.0,4476.0,4476.0,1249676820,279195,37,4263.0,4476.0
2019-06-03,4699.0,4933.0,4699.0,4933.0,11365794500,2304139,296,4476.0,4933.0
2019-06-08,5168.0,5179.0,4934.0,5145.0,12722666280,2473005,539,4933.0,5179.0
2019-06-09,5349.0,5402.0,5250.0,5386.0,8938747040,1659720,406,5145.0,5402.0
2019-06-10,5655.0,5655.0,5500.0,5650.0,9077488400,1606681,277,5386.0,5655.0
2019-06-11,5900.0,5900.0,5368.0,5428.0,13687947762,2521898,657,5650.0,5413.0
2019-06-12,5597.0,5597.0,5157.0,5266.0,8624421777,1637628,627,5428.0,5190.0
2019-06-15,5260.0,5498.0,5100.0,5316.0,5993433165,1127336,391,5266.0,5301.0
2019-06-16,5300.0,5350.0,5051.0,5089.0,4978454571,978271,345,5316.0,5051.0
2019-06-17,4835.0,4835.0,4835.0,4989.0,511480145,105787,72,5089.0,4835.0
2019-06-18,4740.0,4895.0,4740.0,4751.0,6484012869,1364792,376,4989.0,4740.0
2019-06-19,4514.0,4514.0,4514.0,4514.0,1480560402,327993,105,4751.0,4514.0
2019-06-22,4289.0,4289.0,4289.0,4352.0,833228319,194271,61,4514.0,4289.0
2019-06-23,4135.0,4569.0,4135.0,4372.0,6941960009,1587693,499,4352.0,4569.0
2019-06-24,4590.0,4590.0,4590.0,4590.0,1909536390,416021,81,4372.0,4590.0
2019-06-25,4819.0,4819.0,4410.0,4530.0,4614909077,1018767,340,4590.0,4541.0
2019-06-26,4599.0,4599.0,4304.0,4334.0,5637605775,1300825,456,4530.0,4315.0
2019-06-30,4305.0,4391.0,4120.0,4164.0,5135393635,1233217,370,4334.0,4165.0
2019-07-01,4317.0,4350.0,4079.0,4246.0,3514872270,827820,360,4164.0,4348.0
2019-07-02,4439.0,4458.0,4438.0,4455.0,2903030427,651632,169,4246.0,4458.0
2019-07-03,4677.0,4677.0,4600.0,4673.0,3543575313,758251,244,4455.0,4677.0
2019-07-06,4906.0,4906.0,4906.0,4906.0,2509929224,511604,127,4673.0,4906.0
2019-07-07,5151.0,5151.0,4800.0,4999.0,10145482084,2029309,651,4906.0,5039.0
2019-07-08,5200.0,5200.0,4894.0,5091.0,9887849964,1942034,713,4999.0,5189.0
2019-07-09,5239.0,5239.0,4850.0,5066.0,3852701608,760477,344,5091.0,4945.0
2019-07-10,4950.0,4950.0,4813.0,4820.0,7844482891,1627391,496,5066.0,4813.0
2019-07-13,4580.0,4710.0,4579.0,4593.0,4180984133,910199,417,4820.0,4579.0
2019-07-14,4653.0,4822.0,4652.0,4779.0,4891012129,1023347,354,4593.0,4822.0
2019-07-15,5015.0,5015.0,4653.0,4780.0,1357695923,284038,156,4779.0,4674.0
2019-07-16,4800.0,4800.0,4541.0,4548.0,2404892774,528794,183,4780.0,4541.0
2019-07-22,4513.0,4513.0,4290.0,4293.0,1301700770,303213,101,4515.0,4290.0
2019-07-23,4079.0,4079.0,4079.0,4134.0,815759210,199990,81,4293.0,4079.0
2019-07-24,3928.0,4049.0,3928.0,3948.0,13610221205,3447014,721,4134.0,3980.0
2019-07-27,3950.0,4129.0,3950.0,4022.0,4543996779,1129685,388,3948.0,4000.0
2019-07-28,4129.0,4129.0,3950.0,4005.0,4091457906,1021700,289,4022.0,3999.0
2019-07-29,4000.0,4005.0,3869.0,3938.0,4137680546,1050762,355,4005.0,3900.0
2019-07-30,3850.0,3997.0,3850.0,3929.0,2072253093,527395,203,3938.0,3910.0
2019-07-31,3986.0,3987.0,3900.0,3930.0,2518549596,640817,180,3929.0,3960.0
2019-08-03,4064.0,4099.0,3941.0,3989.0,4353012096,1091211,325,3930.0,3990.0
2019-08-04,4080.0,4188.0,4005.0,4148.0,8002459766,1929255,356,3989.0,4188.0
2019-08-05,4355.0,4355.0,4355.0,4355.0,1934168730,444126,94,4148.0,4355.0
2019-08-06,4560.0,4560.0,4153.0,4314.0,16038223685,3717492,910,4355.0,4350.0
2019-08-07,4310.0,4430.0,4210.0,4336.0,10466681489,2413832,622,4314.0,4300.0
2019-08-10,4399.0,4399.0,4231.0,4309.0,4714329710,1094146,382,4336.0,4300.0
2019-08-11,4399.0,4399.0,4224.0,4275.0,3730864037,872773,324,4309.0,4275.0
2019-08-13,4359.0,4359.0,4200.0,4258.0,5517272565,1295605,340,4275.0,4270.0
2019-08-14,4344.0,4470.0,4271.0,4406.0,10555516480,2395589,555,4258.0,4458.0
2019-08-17,4626.0,4626.0,4508.0,4602.0,11506955120,2500173,518,4406.0,4626.0
2019-08-18,4832.0,4832.0,4610.0,4726.0,10666324142,2257111,696,4602.0,4731.0
2019-08-19,4800.0,4909.0,4700.0,4797.0,9292738659,1937335,619,4726.0,4900.0
2019-08-21,4950.0,5002.0,4830.0,4942.0,8584257988,1737017,499,4797.0,4930.0
2019-08-24,5030.0,5189.0,4900.0,5151.0,19445691074,3774795,784,4942.0,5189.0
2019-08-25,5390.0,5390.0,4894.0,5164.0,15975662605,3093498,745,5151.0,5150.0
2019-08-26,5200.0,5422.0,5101.0,5345.0,18586140657,3477356,763,5164.0,5422.0
2019-08-27,5612.0,5612.0,5200.0,5484.0,24228707260,4418451,1101,5345.0,5200.0
2019-08-28,5210.0,5449.0,5210.0,5308.0,13263128247,2498598,665,5484.0,5345.0
2019-08-31,5573.0,5573.0,5120.0,5541.0,30943436947,5583991,1024,5308.0,5573.0
2019-09-01,5661.0,5818.0,5661.0,5811.0,17690426189,3044441,545,5541.0,5818.0
2019-09-02,6101.0,6101.0,5565.0,5983.0,37336825711,6240529,1158,5811.0,6101.0
2019-09-03,6240.0,6282.0,5983.0,6224.0,19980459872,3210016,838,5983.0,6282.0
2019-09-04,6535.0,6535.0,6500.0,6534.0,4722917765,722780,104,6224.0,6530.0
2019-09-08,6860.0,7203.0,6860.0,6987.0,42786235447,6123728,1413,6534.0,7060.0
2019-09-11,7288.0,7336.0,7170.0,7310.0,14743755844,2016808,498,6987.0,7336.0
2019-09-14,7660.0,7675.0,6945.0,7457.0,94259061955,12639865,3440,7310.0,7660.0
2019-09-15,7800.0,7800.0,7085.0,7372.0,31102527948,4219008,1615,7457.0,7470.0
2019-09-16,7500.0,7570.0,7102.0,7283.0,21709557923,2980684,1392,7372.0,7139.0
2019-09-17,6962.0,7222.0,6919.0,6960.0,25049328646,3599064,1114,7283.0,6919.0
2019-09-18,6749.0,6751.0,6612.0,6623.0,5848590843,883050,369,6960.0,6612.0
2019-09-21,6293.0,6954.0,6293.0,6815.0,17488963149,2566099,624,6623.0,6954.0
2019-09-22,7154.0,7155.0,7100.0,7150.0,8863388781,1239721,316,6815.0,7155.0
2019-09-23,7507.0,7507.0,7507.0,7507.0,7621076372,1015196,285,7150.0,7507.0
2019-09-24,7850.0,7882.0,7507.0,7807.0,34229674195,4384569,1263,7507.0,7882.0
2019-09-25,8000.0,8197.0,7450.0,8059.0,19964025268,2477192,988,7807.0,8197.0
2019-09-28,8461.0,8461.0,8461.0,8461.0,4582020706,541546,192,8059.0,8461.0
2019-09-29,8884.0,8884.0,8470.0,8867.0,24580477209,2772224,768,8461.0,8884.0
2019-09-30,9310.0,9310.0,9310.0,9310.0,2608531660,280186,119,8867.0,9310.0
2019-10-01,9775.0,9775.0,9310.0,9664.0,28787837287,2978981,880,9310.0,9550.0
2019-10-02,10140.0,10147.0,9189.0,9906.0,31447475536,3174506,956,9664.0,10147.0
2019-10-05,10401.0,10401.0,9640.0,10134.0,32733528731,3230222,1288,9906.0,9770.0
2019-10-06,9628.0,9628.0,9628.0,9628.0,5554633900,576925,340,10134.0,9628.0
2019-10-07,9147.0,9147.0,9147.0,9147.0,3993772287,436621,189,9628.0,9147.0
2019-10-08,8690.0,8690.0,8690.0,9043.0,534817360,61544,65,9147.0,8690.0
2019-10-09,8591.0,8591.0,8591.0,8770.0,1400075270,162970,87,9043.0,8591.0
2019-10-12,8332.0,8591.0,8332.0,8377.0,32684693697,3901613,1196,8770.0,8332.0
2019-10-13,7959.0,8180.0,7959.0,7978.0,15709900951,1969068,581,8377.0,7959.0
2019-10-14,7580.0,7580.0,7580.0,7832.0,752527240,99278,80,7978.0,7580.0
2019-10-15,7441.0,7441.0,7441.0,7758.0,379230565,50965,34,7832.0,7441.0
2019-10-16,7371.0,7371.0,7371.0,7693.0,335785905,45555,50,7758.0,7371.0
2019-10-20,7309.0,7309.0,7309.0,7666.0,140464362,19218,19,7693.0,7309.0
2019-10-21,7283.0,7283.0,7283.0,7283.0,3516174136,482792,125,7666.0,7283.0
2019-10-22,7100.0,7647.0,6919.0,7258.0,52142009575,7183938,1834,7283.0,7140.0
2019-10-26,6896.0,6896.0,6896.0,7186.0,370949632,53792,36,7258.0,6896.0
2019-10-28,6827.0,7110.0,6827.0,6932.0,35647441014,5142399,1425,7186.0,6930.0
2019-10-30,7160.0,7278.0,7005.0,7247.0,13102707062,1807984,610,6932.0,7278.0
2019-11-02,7609.0,7609.0,6885.0,7239.0,24457988255,3378747,1156,7247.0,7200.0
2019-11-03,7300.0,7399.0,7000.0,7252.0,17466691867,2408601,912,7239.0,7212.0
2019-11-04,7213.0,7300.0,6899.0,7089.0,14327804298,2021024,745,7252.0,7030.0
2019-11-05,7000.0,7200.0,6825.0,7024.0,13190391324,1877926,729,7089.0,7000.0
2019-11-09,7000.0,7094.0,6700.0,6851.0,8854966348,1292492,665,7024.0,6751.0
2019-11-10,6673.0,6673.0,6509.0,6517.0,13775473954,2113787,735,6851.0,6509.0
2019-11-11,6311.0,6842.0,6311.0,6793.0,10878495054,1601434,438,6517.0,6842.0
2019-11-12,7132.0,7132.0,7132.0,7132.0,6228896236,873373,167,6793.0,7132.0
2019-11-13,7488.0,7488.0,7100.0,7214.0,18336823062,2541750,897,7132.0,7149.0
2019-11-16,7290.0,7290.0,6954.0,7061.0,10056066299,1424092,436,7214.0,7021.0
2019-11-17,6708.0,7021.0,6708.0,6709.0,3018847597,449987,172,7061.0,6708.0
2019-11-18,6374.0,6910.0,6374.0,6552.0,11365758113,1734575,544,6709.0,6583.0
2019-11-19,6650.0,6855.0,6630.0,6734.0,3085778905,458226,229,6552.0,6855.0
2019-11-20,7063.0,7070.0,6557.0,7018.0,6727836323,958675,501,6734.0,7070.0
2019-11-23,7200.0,7340.0,6801.0,7098.0,12347692802,1739683,707,7018.0,7083.0
2019-11-24,6912.0,7300.0,6912.0,7140.0,10907833365,1527703,636,7098.0,7200.0
2019-11-25,7300.0,7497.0,7103.0,7446.0,19064909581,2560477,963,7140.0,7497.0
2019-11-26,7717.0,7818.0,7700.0,7798.0,19672750059,2522874,1031,7446.0,7818.0
2019-11-27,8057.0,8090.0,7702.0,7971.0,17206034642,2158560,997,7798.0,8070.0
2019-11-30,8000.0,8369.0,7972.0,8274.0,22957946023,2774595,1111,7971.0,8369.0
2019-12-01,8580.0,8687.0,8453.0,8660.0,17282721321,1995761,833,8274.0,8687.0
2019-12-02,8988.0,9088.0,8227.0,8533.0,39085339194,4580490,1903,8660.0,8301.0
2019-12-03,8110.0,8533.0,8107.0,8226.0,36925970300,4488950,1555,8533.0,8150.0
2019-12-04,8249.0,8500.0,7959.0,8303.0,22382801425,2695902,927,8226.0,8350.0
2019-12-07,8580.0,8580.0,7986.0,8163.0,21162153167,2592597,1171,8303.0,8037.0
2019-12-08,8004.0,8137.0,7755.0,7998.0,17987251178,2249075,968,8163.0,8067.0
2019-12-09,8289.0,8397.0,8100.0,8368.0,11820240229,1412625,448,7998.0,8397.0
2019-12-10,8700.0,8744.0,8200.0,8536.0,22871791609,2679567,1195,8368.0,8250.0
2019-12-11,8300.0,8529.0,8152.0,8320.0,12175921837,1463467,615,8536.0,8300.0
2019-12-14,8480.0,8480.0,8296.0,8384.0,16953066844,2022070,786,8320.0,8408.0
2019-12-15,8590.0,8590.0,8000.0,8288.0,20378814911,2458694,1003,8384.0,8400.0
2019-12-16,8530.0,8702.0,8370.0,8596.0,17079565266,1986921,774,8288.0,8702.0
2019-12-17,8998.0,9025.0,8900.0,9008.0,16922308515,1878560,646,8596.0,9025.0
2019-12-18,9400.0,9400.0,8711.0,8977.0,22460008714,2501982,1094,9008.0,8802.0
2019-12-21,9000.0,9000.0,8529.0,8658.0,18430229581,2128654,1035,8977.0,8661.0
2019-12-22,8900.0,9090.0,8525.0,8974.0,27358051035,3048713,932,8658.0,9090.0
2019-12-23,9229.0,9229.0,8526.0,8865.0,27870010064,3143982,1133,8974.0,8800.0
2019-12-24,8555.0,8999.0,8551.0,8812.0,12688813967,1439903,573,8865.0,8810.0
2019-12-25,8949.0,8949.0,8555.0,8709.0,8783207017,1008511,517,8812.0,8700.0
2019-12-28,8740.0,9000.0,8740.0,8892.0,18869470372,2122126,804,8709.0,8910.0
2019-12-29,9086.0,9086.0,8740.0,8854.0,11347703366,1281702,654,8892.0,8889.0
2019-12-30,8996.0,8997.0,8620.0,8716.0,18365424971,2107004,1005,8854.0,8681.0
2019-12-31,8550.0,8716.0,8299.0,8502.0,15723406609,1849333,883,8716.0,8481.0
2020-01-01,8481.0,8481.0,8300.0,8383.0,18064281906,2154750,873,8502.0,8339.0
2020-01-04,7964.0,7964.0,7964.0,7964.0,2271253160,285190,128,8383.0,7964.0
2020-01-05,7566.0,8000.0,7566.0,7583.0,15622072523,2060047,720,7964.0,7566.0
2020-01-07,7204.0,7600.0,7204.0,7323.0,5471381844,747115,348,7583.0,7204.0
2020-01-13,7689.0,7689.0,7689.0,7689.0,3840486342,499478,39,7323.0,7689.0
2020-01-14,8073.0,8073.0,8073.0,8073.0,2279968587,282419,62,7689.0,8073.0
2020-01-15,8476.0,8476.0,8476.0,8476.0,5753729176,678826,139,8073.0,8476.0
2020-01-18,8899.0,8899.0,8899.0,8899.0,5774320827,648873,155,8476.0,8899.0
2020-01-19,9343.0,9343.0,9343.0,9343.0,9588253750,1026250,262,8899.0,9343.0
2020-01-20,9798.0,9810.0,9150.0,9685.0,76753682544,7924773,2200,9343.0,9800.0
2020-01-21,10000.0,10169.0,9900.0,10090.0,29248895205,2898687,1244,9685.0,10169.0
2020-01-22,10594.0,10594.0,10120.0,10570.0,20173596328,1908613,637,10090.0,10594.0
2020-01-25,11098.0,11098.0,11098.0,11098.0,6141433436,553382,240,10570.0,11098.0
2020-01-26,11652.0,11652.0,11652.0,11648.0,3125882040,268270,95,11098.0,11652.0
2020-01-27,12230.0,12841.0,12230.0,12531.0,24932029168,1989677,514,11648.0,12394.0
2020-01-28,12850.0,12850.0,11905.0,12097.0,72300638891,5976883,2212,12531.0,11905.0
2020-02-01,11505.0,11790.0,11493.0,11531.0,21533680230,1867463,758,12097.0,11493.0
2020-02-02,10955.0,12106.0,10955.0,11686.0,92816600499,7942276,2417,11531.0,11850.0
2020-02-03,12268.0,12268.0,11123.0,11459.0,55027630892,4802172,2243,11686.0,11281.0
2020-02-04,11450.0,11450.0,10887.0,10919.0,42022513713,3848613,1596,11459.0,10887.0
2020-02-05,10625.0,11435.0,10625.0,11092.0,23223242687,2093631,933,10919.0,10920.0
2020-02-08,11463.0,11463.0,10550.0,10763.0,24238083840,2251911,1044,11092.0,10651.0
2020-02-09,10890.0,11300.0,10500.0,10788.0,23945985841,2219737,983,10763.0,10799.0
2020-02-10,10799.0,10960.0,10249.0,10536.0,18111164621,1719033,851,10788.0,10569.0
2020-02-12,10999.0,11062.0,10582.0,11009.0,18080095189,1642327,547,10536.0,11062.0
2020-02-15,11238.0,11449.0,10801.0,11094.0,21220516535,1912858,892,11009.0,11249.0
2020-02-16,11462.0,11648.0,11450.0,11581.0,27839889013,2403931,1033,11094.0,11648.0
2020-02-17,12159.0,12159.0,11700.0,11885.0,37351315741,3142703,1305,11581.0,11806.0
2020-02-18,11900.0,11900.0,11291.0,11352.0,27064274468,2384133,872,11885.0,11350.0
2020-02-19,11690.0,11700.0,11200.0,11407.0,26550184620,2327457,1016,11352.0,11500.0
2020-02-22,10900.0,11977.0,10900.0,11866.0,17919445632,1510142,614,11407.0,11977.0
2020-02-23,12459.0,12459.0,12459.0,12459.0,9661742697,775483,298,11866.0,12459.0
2020-02-24,13081.0,13081.0,12020.0,12880.0,63227150306,4908923,1852,12459.0,13081.0
2020-02-25,13524.0,13524.0,13400.0,13516.0,19303783316,1428239,531,12880.0,13524.0
2020-02-26,14191.0,14191.0,12841.0,13792.0,43367728303,3144307,1401,13516.0,13200.0
2020-04-15,14481.0,14481.0,14481.0,14481.0,8030235816,554536,302,13792.0,14481.0
2020-04-18,15205.0,15205.0,15205.0,14665.0,13351905830,878126,226,14481.0,15205.0
2020-04-19,15398.0,15398.0,15398.0,15072.0,29498287356,1915722,420,14665.0,15398.0
2020-04-20,15825.0,15825.0,15825.0,15337.0,19196215575,1213031,393,15072.0,15825.0
2020-04-21,16103.0,16103.0,16103.0,15632.0,21410661521,1329607,309,15337.0,16103.0
2020-04-22,16413.0,16413.0,16413.0,15795.0,11840469504,721408,217,15632.0,16413.0
2020-04-25,16584.0,16584.0,16584.0,16043.0,16530566352,996778,314,15795.0,16584.0
2020-04-26,16845.0,16845.0,15241.0,16551.0,78495775646,4742540,1798,16043.0,16845.0
2020-04-27,16950.0,17140.0,15800.0,16384.0,77731227820,4744358,2053,16551.0,16400.0
2020-04-28,16640.0,16640.0,15565.0,15660.0,90302263174,5766360,2395,16384.0,15566.0
2020-04-29,15489.0,16400.0,15200.0,16095.0,60421207575,3754101,1791,15660.0,16300.0
2020-05-02,16898.0,16899.0,16400.0,16746.0,45275968794,2687362,1051,16095.0,16899.0
2020-05-03,17583.0,17583.0,17500.0,17469.0,47356964700,2693741,1094,16746.0,17583.0
2020-05-04,18289.0,18289.0,16596.0,17322.0,50543291044,2919514,1240,17469.0,17302.0
2020-05-05,17371.0,17371.0,16456.0,16718.0,44620918544,2684292,1006,17322.0,16456.0
2020-05-06,15883.0,17050.0,15883.0,16444.0,33220712400,2038082,1000,16718.0,16280.0
2020-05-09,17190.0,17266.0,16900.0,16977.0,39392699305,2296950,1192,16444.0,17266.0
2020-05-10,17825.0,17825.0,16139.0,17289.0,51165130220,2957853,1312,16977.0,16901.0
2020-05-11,16550.0,17139.0,16425.0,16662.0,38721699900,2349931,1115,17289.0,16425.0
2020-05-12,16195.0,16195.0,15829.0,16053.0,35921412186,2266981,695,16662.0,15829.0
2020-05-13,15280.0,16855.0,15280.0,16770.0,66617898794,3972371,1205,16053.0,16855.0
2020-05-16,17608.0,17608.0,17608.0,17195.0,26605230192,1510974,412,16770.0,17608.0
2020-05-17,18054.0,18054.0,18054.0,17424.0,14378169492,796398,223,17195.0,18054.0
2020-05-18,18295.0,18295.0,18295.0,17916.0,30830642525,1685195,201,17424.0,18295.0
2020-05-19,18811.0,18811.0,18811.0,18053.0,8607048294,457554,179,17916.0,18811.0
2020-05-20,18955.0,18955.0,18955.0,18250.0,12352366940,651668,260,18053.0,18955.0
2020-05-23,19162.0,19162.0,19162.0,18610.0,20710040494,1080787,269,18250.0,19162.0
2020-05-26,19540.0,19540.0,19162.0,19540.0,57628286380,2949247,682,18610.0,19540.0
2020-05-27,20517.0,20517.0,20517.0,20400.0,49506269463,2412939,441,19540.0,20517.0
2020-05-30,21420.0,21420.0,21420.0,20587.0,9634073400,449770,124,20400.0,21420.0
2020-05-31,21616.0,21616.0,21616.0,21172.0,30116059680,1393230,230,20587.0,21616.0
2020-06-01,22230.0,22230.0,22230.0,21349.0,9093225960,409052,136,21172.0,22230.0
2020-06-02,22416.0,22416.0,22416.0,21595.0,12656723664,564629,156,21349.0,22416.0
2020-06-06,22674.0,22674.0,22674.0,21986.0,19013758854,838571,198,21595.0,22674.0
2020-06-07,23085.0,23085.0,23085.0,22177.0,9278277030,401918,119,21986.0,23085.0
2020-06-08,23285.0,23285.0,23285.0,22463.0,13923498600,597960,218,22177.0,23285.0
2020-06-09,23586.0,23586.0,23586.0,22727.0,12820500504,543564,146,22463.0,23586.0
2020-06-10,23863.0,23863.0,23863.0,22985.0,12563392240,526480,135,22727.0,23863.0
2020-06-13,24130.0,24130.0,24130.0,23580.0,27207516070,1127539,158,22985.0,24130.0
2020-06-14,24750.0,24750.0,24750.0,23950.0,16925782500,683870,147,23580.0,24750.0
2020-06-15,25140.0,25140.0,25140.0,24150.0,9078305400,361110,142,23950.0,25140.0
2020-06-16,25350.0,25350.0,25350.0,24440.0,13191937200,520392,155,24150.0,25350.0
2020-06-20,25660.0,25660.0,25660.0,24760.0,13742751860,535571,118,24440.0,25660.0
2020-06-21,25990.0,25990.0,25990.0,25090.0,14090426520,542148,135,24760.0,25990.0
2020-06-22,26340.0,26340.0,26340.0,25390.0,13146083280,499092,112,25090.0,26340.0
2020-06-23,26650.0,26650.0,26650.0,25710.0,13812188650,518281,106,25390.0,26650.0
2020-06-24,26990.0,26990.0,26990.0,26060.0,15161740460,561754,94,25710.0,26990.0
2020-06-27,27360.0,27360.0,27360.0,26510.0,18093058560,661296,93,26060.0,27360.0
2020-06-28,27830.0,27830.0,27830.0,26830.0,13021072570,467879,94,26510.0,27830.0
2020-06-29,28170.0,28170.0,28170.0,27150.0,12966904530,460309,114,26830.0,28170.0
2020-06-30,28500.0,28500.0,28500.0,27380.0,9291627000,326022,122,27150.0,28500.0
2020-07-15,28110.0,28110.0,28110.0,27380.0,23825136480,847568,193,26780.0,28110.0
2020-07-18,28740.0,28740.0,28740.0,27660.0,10661361660,370959,145,27380.0,28740.0
2020-07-19,29040.0,29040.0,29040.0,27910.0,9728138640,334991,94,27660.0,29040.0
2020-07-20,29300.0,29300.0,29300.0,28250.0,13102754900,447193,96,27910.0,29300.0
2020-07-21,29660.0,29660.0,29660.0,28810.0,21372076540,720569,113,28250.0,29660.0
2020-07-22,30250.0,30250.0,30250.0,29060.0,9397434750,310659,107,28810.0,30250.0
2020-07-25,30510.0,30510.0,30510.0,29500.0,15861477780,519878,100,29060.0,30510.0
2020-07-26,30970.0,30970.0,30000.0,30940.0,119981200980,3877577,893,29500.0,30970.0
2020-07-27,32300.0,32480.0,30000.0,31940.0,220642857670,6908337,1619,30940.0,32480.0
2020-07-28,32900.0,33530.0,32480.0,33090.0,91595047060,2768183,1207,31940.0,33530.0
2020-07-29,34740.0,34740.0,34740.0,33710.0,22363909740,643751,195,33090.0,34740.0
2020-08-01,35390.0,35390.0,35390.0,34110.0,12651960390,357501,132,33710.0,35390.0
2020-08-02,35810.0,35810.0,35810.0,34480.0,11663675100,325710,180,34110.0,35810.0
2020-08-03,36200.0,36200.0,36200.0,36020.0,48181439800,1330979,626,34480.0,36200.0
2020-08-04,37820.0,37820.0,36700.0,37760.0,103380375310,2737727,1241,36020.0,37820.0
2020-08-05,39000.0,39640.0,38000.0,39360.0,60794504350,1544474,807,37760.0,39640.0
2020-08-09,41240.0,41240.0,37400.0,38570.0,84401044850,2188338,1271,39360.0,37400.0
2020-08-10,36650.0,36650.0,36650.0,38390.0,4411560500,120370,181,38570.0,36650.0
2020-08-11,36480.0,36480.0,36480.0,38270.0,2837013120,77769,86,38390.0,36480.0
2020-08-12,36360.0,36360.0,36360.0,37940.0,7917608160,217756,103,38270.0,36360.0
2020-08-15,36050.0,36050.0,36050.0,37900.0,1037482950,28779,48,37940.0,36050.0
2020-08-16,36010.0,36010.0,36010.0,37830.0,1690129350,46935,62,37900.0,36010.0
2020-08-17,35940.0,35940.0,35940.0,37730.0,2516698500,70025,40,37830.0,35940.0
2020-08-18,35850.0,35850.0,35850.0,37290.0,11160786150,311319,153,37730.0,35850.0
2020-08-19,35430.0,35430.0,35430.0,37230.0,1507085910,42537,21,37290.0,35430.0
2020-08-22,35370.0,35370.0,35370.0,37200.0,665804880,18824,37,37230.0,35370.0
2020-08-23,35340.0,35340.0,35340.0,37180.0,434469960,12294,18,37200.0,35340.0
2020-08-24,35330.0,35330.0,35330.0,37170.0,320973050,9085,20,37180.0,35330.0
2020-08-25,35320.0,35320.0,35320.0,37050.0,2978041120,84316,63,37170.0,35320.0
2020-08-26,35200.0,35200.0,35200.0,36760.0,7497529600,212998,201,37050.0,35200.0
2020-08-31,34930.0,34930.0,34930.0,36730.0,819807100,23470,47,36760.0,34930.0
2020-09-01,34900.0,34900.0,34900.0,36710.0,589635500,16895,9,36730.0,34900.0
2020-09-02,34880.0,34880.0,34880.0,36700.0,146251840,4193,7,36710.0,34880.0
2020-09-05,34870.0,34870.0,34870.0,36680.0,433992020,12446,15,36700.0,34870.0
2020-09-06,34850.0,34850.0,34850.0,36670.0,260747700,7482,9,36680.0,34850.0
2020-09-07,34840.0,34840.0,34840.0,36660.0,133715920,3838,5,36670.0,34840.0
2020-09-08,34830.0,34830.0,34830.0,36660.0,79725870,2289,8,36660.0,34830.0
2020-09-09,34830.0,34830.0,34830.0,36640.0,570167100,16370,25,36660.0,34830.0
2020-09-12,34810.0,34810.0,34810.0,36580.0,1469434530,42213,19,36640.0,34810.0
2020-09-13,34760.0,34760.0,34760.0,36570.0,212487880,6113,10,36580.0,34760.0
2020-09-14,34750.0,34750.0,34750.0,36560.0,242624500,6982,20,36570.0,34750.0
2020-09-15,34740.0,34740.0,34740.0,36490.0,1770593580,50967,54,36560.0,34740.0
2020-09-16,34670.0,34670.0,34670.0,36470.0,518593860,14958,33,36490.0,34670.0
2020-09-19,34650.0,34650.0,34650.0,36470.0,89674200,2588,11,36470.0,34650.0
2020-09-20,34650.0,34650.0,34650.0,36470.0,93936150,2711,4,36470.0,34650.0
2020-09-23,34650.0,34650.0,34650.0,35670.0,20990103750,605775,51,36470.0,34650.0
2020-09-26,33890.0,33890.0,33890.0,35660.0,182734880,5392,9,35670.0,33890.0
2020-09-27,33880.0,33880.0,33880.0,35660.0,25240600,745,4,35660.0,33880.0
2020-09-28,33880.0,33880.0,33880.0,35660.0,5082000,150,1,35660.0,33880.0
2020-09-29,33880.0,33880.0,33880.0,35650.0,360042760,10627,5,35660.0,33880.0
2020-09-30,33870.0,33870.0,33870.0,35650.0,76647810,2263,6,35650.0,33870.0
2020-10-03,33870.0,33870.0,33870.0,35640.0,219850170,6491,18,35650.0,33870.0
2020-10-04,33860.0,33860.0,33860.0,35640.0,53634240,1584,6,35640.0,33860.0
2020-10-05,33860.0,33860.0,33860.0,35630.0,325936360,9626,6,35640.0,33860.0
2020-10-06,33850.0,33850.0,33850.0,35210.0,11203368350,330971,30,35630.0,33850.0
2020-10-07,33450.0,33450.0,33450.0,35190.0,488737950,14611,29,35210.0,33450.0
2020-10-10,33440.0,33440.0,33440.0,35170.0,419772320,12553,19,35190.0,33440.0
2020-10-11,33420.0,33420.0,33420.0,35150.0,629666220,18841,43,35170.0,33420.0
2020-10-12,33400.0,33400.0,33400.0,35150.0,78556800,2352,9,35150.0,33400.0
2020-10-13,33400.0,33400.0,33400.0,35150.0,106579400,3191,6,35150.0,33400.0
2020-10-14,33400.0,33400.0,33400.0,35150.0,35203600,1054,4,35150.0,33400.0
2020-10-18,33400.0,33400.0,33400.0,35150.0,120807800,3617,8,35150.0,33400.0
2020-10-19,33400.0,33400.0,33400.0,35150.0,6680000,200,1,35150.0,33400.0
2020-10-21,33400.0,33400.0,33400.0,35150.0,31229000,935,4,35150.0,33400.0
2020-10-24,33400.0,33400.0,33400.0,35140.0,181328600,5429,6,35150.0,33400.0
2020-10-26,33390.0,33390.0,33390.0,35140.0,87147900,2610,6,35140.0,33390.0
2020-10-27,33390.0,33390.0,33390.0,34690.0,12198936330,365347,18,35140.0,33390.0
2020-10-28,32960.0,32960.0,32960.0,34680.0,175314240,5319,12,34690.0,32960.0
2020-10-31,32950.0,32950.0,32950.0,34660.0,620250800,18824,13,34680.0,32950.0
2020-11-01,32930.0,32930.0,32930.0,34660.0,84630100,2570,7,34660.0,32930.0
2020-11-02,32930.0,32930.0,32930.0,34660.0,69646950,2115,7,34660.0,32930.0
2020-11-04,32930.0,32930.0,32930.0,34650.0,149205830,4531,13,34660.0,32930.0
2020-11-07,32920.0,32920.0,32920.0,34650.0,18171840,552,3,34650.0,32920.0
2020-11-08,32920.0,32920.0,32920.0,32920.0,59572032000,1809600,513,34650.0,32920.0
2020-11-09,31280.0,31280.0,31280.0,32410.0,14082256000,450200,54,32920.0,31280.0
2020-11-10,30790.0,30790.0,30790.0,31920.0,13449533850,436815,39,32410.0,30790.0
2020-11-11,30330.0,30330.0,30330.0,31900.0,509119380,16786,15,31920.0,30330.0
2020-11-14,30310.0,30310.0,30310.0,31730.0,5144213200,169720,67,31900.0,30310.0
2020-11-15,30150.0,30150.0,30150.0,31710.0,469827450,15583,24,31730.0,30150.0
2020-11-16,30130.0,30130.0,30130.0,31700.0,349327220,11594,11,31710.0,30130.0
2020-11-17,30120.0,30120.0,30120.0,31230.0,14058630480,466754,58,31700.0,30120.0
2020-11-18,29670.0,29670.0,29670.0,29670.0,229930335300,7749590,1168,31230.0,29670.0
2020-11-21,29850.0,30970.0,28190.0,29270.0,515643354150,17619575,7040,29670.0,28190.0
2020-11-22,27810.0,28860.0,27810.0,27980.0,122636258740,4383712,1832,29270.0,27810.0
2020-11-23,26600.0,29370.0,26590.0,28260.0,299544762130,10599156,3947,27980.0,29370.0
2020-11-24,29670.0,29670.0,28340.0,29530.0,231886782370,7851619,2356,28260.0,29670.0
2020-11-25,30000.0,30490.0,28370.0,29290.0,138751436690,4736916,2349,29530.0,28610.0
2020-11-28,27910.0,30750.0,27830.0,29660.0,216120854560,7285410,3149,29290.0,30750.0
2020-11-29,31140.0,31140.0,31140.0,30780.0,40245304860,1292399,437,29660.0,31140.0
2020-11-30,32310.0,32310.0,32310.0,32150.0,49270035960,1524916,350,30780.0,32310.0
2020-12-01,32900.0,33620.0,30550.0,32400.0,209304215520,6460159,2590,32150.0,31200.0
2020-12-02,31300.0,32400.0,30780.0,31300.0,111633729370,3566492,1775,32400.0,30780.0
2020-12-05,29860.0,32860.0,29860.0,32530.0,117850601400,3622390,1237,31300.0,32860.0
2020-12-06,34140.0,34140.0,30910.0,32860.0,151569511410,4612615,2472,32530.0,32500.0
2020-12-07,32850.0,33800.0,31220.0,32340.0,79528295040,2459269,1426,32860.0,31220.0
2020-12-08,31220.0,32840.0,30730.0,31580.0,113979983990,3609752,1699,32340.0,31890.0
2020-12-09,31200.0,33020.0,31200.0,32240.0,74500190530,2311075,1488,31580.0,33020.0
2020-12-12,33290.0,33850.0,32420.0,33600.0,191641764650,5703439,2371,32240.0,33200.0
2020-12-13,33600.0,34770.0,31920.0,32770.0,84958059050,2592320,1792,33600.0,31920.0
2020-12-14,32210.0,32990.0,31140.0,31370.0,59055279420,1882359,978,32770.0,31140.0
2020-12-15,31800.0,31800.0,29810.0,30800.0,21014076390,698219,219,31370.0,29810.0
2020-12-16,29260.0,29810.0,29260.0,29280.0,46549416320,1589603,655,30800.0,29260.0
2020-12-19,28100.0,30300.0,28100.0,29300.0,54454039970,1858452,1129,29280.0,29480.0
2020-12-20,30170.0,30170.0,27840.0,28170.0,73053687430,2593253,1384,29300.0,28840.0
2020-12-21,28960.0,29570.0,28170.0,29400.0,62776807190,2135612,1089,28170.0,29570.0
2020-12-22,30860.0,30870.0,29500.0,30830.0,60145442100,1950857,911,29400.0,30870.0
2020-12-23,32250.0,32250.0,30500.0,31160.0,30464481500,970101,705,30830.0,30800.0
2020-12-26,33190.0,34820.0,32200.0,34070.0,228727126840,6713602,3912,31160.0,34750.0
2020-12-27,35770.0,35770.0,32400.0,34370.0,228972657030,6662150,3795,34070.0,32740.0
2020-12-28,32660.0,32670.0,32660.0,33090.0,39184759480,1199778,473,34370.0,32660.0
2020-12-29,31440.0,34400.0,31440.0,32560.0,246944252240,7583736,3502,33090.0,33000.0
2020-12-30,31800.0,33800.0,30940.0,31520.0,70582952350,2239467,1562,32560.0,30940.0
2021-01-02,29950.0,29950.0,29950.0,30970.0,16588526300,553874,393,31520.0,29950.0
2021-01-03,29430.0,31000.0,29430.0,29730.0,47668854410,1603163,983,30970.0,29430.0
2021-01-04,28700.0,29430.0,28250.0,28530.0,123276104360,4321557,2189,29730.0,28430.0
2021-01-05,29950.0,29950.0,28210.0,29900.0,127688184650,4270645,1588,28530.0,29950.0
2021-01-06,31390.0,31390.0,29900.0,31210.0,201656576790,6461785,3072,29900.0,31390.0
2021-01-09,32700.0,32700.0,29650.0,30690.0,150440404410,4901951,2403,31210.0,30000.0
2021-01-10,29300.0,31490.0,29160.0,29610.0,131811101840,4450832,2332,30690.0,29170.0
2021-01-11,29990.0,31090.0,28500.0,30280.0,143092103850,4726377,2377,29610.0,31090.0
2021-01-12,31590.0,31590.0,28910.0,30150.0,86435731420,2866792,1751,30280.0,29150.0
2021-01-13,28800.0,30000.0,28650.0,28750.0,78544662690,2731746,1148,30150.0,28650.0
2021-01-16,27330.0,28520.0,27320.0,28310.0,15465369510,564275,282,28750.0,27320.0
2021-01-18,26900.0,26900.0,26900.0,28200.0,3692643700,137273,43,28310.0,26900.0
2021-01-19,26790.0,27450.0,26790.0,26830.0,77757713380,2897801,1088,28200.0,26790.0
2021-01-20,25530.0,27200.0,25490.0,25890.0,92934410010,3589845,1591,26830.0,25490.0
2021-01-23,25350.0,27180.0,24820.0,26840.0,95179240700,3545524,1324,25890.0,27180.0
2021-01-24,26850.0,27860.0,25500.0,25970.0,54592168480,2102317,801,26840.0,25500.0
2021-01-25,24680.0,25220.0,24680.0,24760.0,85987127690,3473006,978,25970.0,24680.0
2021-01-26,23530.0,24850.0,23530.0,24390.0,15672678960,661477,337,24760.0,23530.0
2021-01-27,23180.0,23650.0,23180.0,23190.0,47994826350,2069791,697,24390.0,23180.0
2021-01-30,23400.0,24340.0,23400.0,24250.0,54073437960,2230013,822,23190.0,24340.0
2021-01-31,25200.0,25200.0,23040.0,23300.0,57874405500,2484371,1012,24250.0,23040.0
2021-02-01,22160.0,23680.0,22140.0,22350.0,107096311300,4791650,1367,23300.0,22440.0
2021-02-02,22140.0,23460.0,21540.0,22890.0,103160244500,4506054,1568,22350.0,23460.0
2021-02-03,24000.0,24000.0,21800.0,22750.0,50228683280,2208073,1461,22890.0,22100.0
2021-02-06,21620.0,21750.0,21620.0,22320.0,18096328360,836980,239,22750.0,21620.0
2021-02-07,21220.0,23000.0,21220.0,22340.0,45799554650,2049765,1107,22320.0,22150.0
2021-02-08,22560.0,23450.0,21230.0,22750.0,127125710870,5588888,1668,22340.0,23450.0
2021-02-09,23880.0,23880.0,23880.0,23290.0,25244646480,1057146,231,22750.0,23880.0
2021-02-13,24680.0,24680.0,23910.0,24640.0,108361632020,4398043,764,23290.0,24680.0
2021-02-14,24980.0,24990.0,24150.0,24240.0,56364873550,2325077,612,24640.0,24150.0
2021-02-15,23790.0,24930.0,23760.0,24110.0,42337869680,1758244,855,24240.0,24210.0
2021-02-16,24110.0,25550.0,23630.0,25120.0,101566364100,4043259,1509,24110.0,25550.0
2021-02-17,25700.0,26200.0,24620.0,25060.0,59100567690,2358142,1257,25120.0,24620.0
2021-02-20,24560.0,24570.0,24560.0,25020.0,3887034150,158254,71,25060.0,24560.0
2021-02-21,24520.0,24520.0,24520.0,24990.0,2979204520,121501,30,25020.0,24520.0
2021-02-22,24500.0,24500.0,24500.0,24990.0,141169000,5762,14,24990.0,24500.0
2021-02-23,24500.0,24500.0,24500.0,24960.0,3161725000,129050,25,24990.0,24500.0
2021-02-24,24470.0,24470.0,24470.0,24950.0,1131908790,46257,28,24960.0,24470.0
2021-02-27,24460.0,24460.0,24460.0,24950.0,144803200,5920,6,24950.0,24460.0
2021-02-28,24460.0,24460.0,24460.0,24950.0,171880420,7027,9,24950.0,24460.0
2021-03-01,24460.0,24460.0,24460.0,24950.0,223980220,9157,11,24950.0,24460.0
2021-03-02,24460.0,24460.0,24460.0,24950.0,380622060,15561,18,24950.0,24460.0
2021-03-03,24460.0,24460.0,24460.0,24950.0,124843840,5104,7,24950.0,24460.0
2021-03-06,24460.0,24460.0,24460.0,24950.0,310544160,12696,9,24950.0,24460.0
2021-03-07,24460.0,24460.0,24460.0,24920.0,2619299100,107085,17,24950.0,24460.0
2021-03-08,24430.0,24430.0,24430.0,24890.0,3068310280,125596,31,24920.0,24430.0
2021-03-09,24400.0,24400.0,24400.0,24860.0,3401726000,139415,38,24890.0,24400.0
2021-03-10,24370.0,24370.0,24370.0,24850.0,804039410,32993,30,24860.0,24370.0
2021-03-13,24360.0,24360.0,24360.0,24840.0,1041901560,42771,46,24850.0,24360.0
2021-03-14,24350.0,24350.0,24350.0,24830.0,691540000,28400,21,24840.0,24350.0
2021-03-15,24340.0,24340.0,24340.0,24830.0,285362160,11724,14,24830.0,24340.0
2021-03-16,24340.0,24800.0,24340.0,24390.0,47958970360,1967223,529,24830.0,24340.0
2021-03-17,23930.0,24870.0,23910.0,24070.0,43797524250,1822061,901,24390.0,23910.0
2021-03-27,23710.0,24300.0,23590.0,23940.0,26675074850,1119839,777,24070.0,23840.0
2021-03-28,23550.0,25370.0,23550.0,24890.0,63367157820,2545465,1199,23940.0,25370.0
2021-03-30,26360.0,26380.0,25510.0,26070.0,47522196700,1810780,518,24890.0,26380.0
2021-03-31,27490.0,27630.0,26370.0,27240.0,192464541170,7066807,3516,26070.0,26680.0
2021-04-03,26700.0,27090.0,26700.0,26750.0,56328579080,2105515,756,27240.0,26700.0
2021-04-04,26220.0,26220.0,26220.0,26630.0,10562831880,402854,107,26750.0,26220.0
2021-04-05,26100.0,26100.0,26100.0,26620.0,914126400,35024,23,26630.0,26100.0
2021-04-06,26090.0,26090.0,26090.0,26610.0,844037590,32351,33,26620.0,26090.0
2021-04-07,26080.0,26080.0,26080.0,26610.0,395346720,15159,58,26610.0,26080.0
2021-04-10,26080.0,26080.0,26080.0,26610.0,12179360,467,1,26610.0,26080.0
2021-04-11,26080.0,27500.0,26080.0,26360.0,53851681670,2042663,951,26610.0,26080.0
2021-04-12,25850.0,26000.0,25840.0,26260.0,9182455240,355337,180,26360.0,25840.0
2021-04-13,25740.0,26900.0,25740.0,25950.0,41362730290,1597044,727,26260.0,25740.0
2021-04-14,25440.0,25440.0,25440.0,25900.0,4339453440,170576,87,25950.0,25440.0
2021-04-17,25390.0,25390.0,25390.0,25900.0,26278650,1035,4,25900.0,25390.0
2021-04-18,25390.0,25390.0,25390.0,25900.0,24501350,965,3,25900.0,25390.0
2021-04-20,25390.0,25390.0,25390.0,25900.0,104479850,4115,5,25900.0,25390.0
2021-04-21,25130.0,25130.0,25130.0,25900.0,220364970,8769,3,25900.0,25130.0
2021-04-24,25130.0,25130.0,25130.0,25900.0,15128260,602,3,25900.0,25130.0
2021-04-25,25130.0,25130.0,25130.0,25870.0,1604701280,63856,9,25900.0,25130.0
2021-04-26,25100.0,25100.0,25100.0,25870.0,120379600,4796,5,25870.0,25100.0
2021-04-27,25100.0,25100.0,25100.0,25860.0,335009700,13347,20,25870.0,25100.0
2021-04-28,25090.0,25090.0,25090.0,25860.0,86987030,3467,9,25860.0,25090.0
2021-05-01,25090.0,25090.0,25090.0,25860.0,84051500,3350,3,25860.0,25090.0
2021-05-02,25090.0,25090.0,25090.0,25860.0,25090000,1000,4,25860.0,25090.0
2021-05-03,25090.0,25090.0,25090.0,25860.0,40896700,1630,5,25860.0,25090.0
2021-05-05,25090.0,25090.0,25090.0,25860.0,52362830,2087,4,25860.0,25090.0
2021-05-08,25090.0,25090.0,25090.0,25860.0,150289100,5990,2,25860.0,25090.0
2021-05-09,25090.0,25090.0,25090.0,25860.0,62725000,2500,2,25860.0,25090.0
2021-05-11,25090.0,25090.0,25090.0,25850.0,612823250,24425,14,25860.0,25090.0
2021-05-12,25080.0,25080.0,25080.0,25850.0,302464800,12060,12,25850.0,25080.0
2021-05-15,24560.0,24560.0,24560.0,25840.0,93229760,3796,7,25850.0,24560.0
2021-05-16,24550.0,24550.0,24550.0,25830.0,91841550,3741,7,25840.0,24550.0
2021-05-17,24540.0,24540.0,24540.0,25830.0,49938900,2035,4,25830.0,24540.0
2021-05-18,24540.0,24550.0,24540.0,24540.0,28440021530,1158925,228,25830.0,24540.0
2021-05-19,23320.0,23320.0,23320.0,24520.0,172614640,7402,10,24540.0,23320.0
2021-05-22,23300.0,23300.0,23300.0,24520.0,37769300,1621,5,24520.0,23300.0
2021-05-23,23300.0,23300.0,23300.0,24520.0,40775000,1750,3,24520.0,23300.0
2021-05-24,23300.0,23300.0,23300.0,24520.0,41940000,1800,4,24520.0,23300.0
2021-05-25,23300.0,23300.0,23300.0,24180.0,4030294200,172974,26,24520.0,23300.0
2021-05-26,22980.0,22980.0,22980.0,24180.0,6894000,300,1,24180.0,22980.0
2021-05-29,22980.0,22980.0,22980.0,24110.0,849869340,36983,26,24180.0,22980.0
2021-05-30,22910.0,22910.0,22910.0,24000.0,1323098320,57752,27,24110.0,22910.0
2021-05-31,22800.0,22800.0,22800.0,23990.0,84360000,3700,8,24000.0,22800.0
2021-06-01,22800.0,22800.0,22800.0,23920.0,812386800,35631,11,23990.0,22800.0
2021-06-02,22730.0,22730.0,22730.0,23830.0,1008802860,44382,24,23920.0,22730.0
2021-06-07,22640.0,22640.0,22640.0,22940.0,10601157360,468249,102,23830.0,22640.0
2021-06-08,21800.0,22500.0,21800.0,21910.0,105497277780,4814769,1527,22940.0,21800.0
2021-06-09,22590.0,23000.0,20820.0,22080.0,111461204420,5048442,1875,21910.0,23000.0
2021-06-12,23170.0,23180.0,22140.0,22930.0,62473796600,2725062,1177,22080.0,22400.0
2021-06-13,22900.0,22900.0,21790.0,21820.0,25213606820,1155664,646,22930.0,21790.0
2021-06-14,21300.0,21990.0,20810.0,21160.0,22225544680,1050347,635,21820.0,21020.0
2021-06-15,21210.0,21850.0,20820.0,21340.0,15088396620,707071,540,21160.0,21000.0
2021-06-20,19840.0,20830.0,19840.0,20760.0,32580930210,1569346,256,19840.0,20830.0
2021-06-21,21780.0,21790.0,20900.0,21780.0,20726770160,951696,287,20760.0,21790.0
2021-06-22,22860.0,22860.0,22840.0,22860.0,29712083280,1299748,268,21780.0,22860.0
2021-06-23,24000.0,24000.0,24000.0,24000.0,24249264000,1010386,107,22860.0,24000.0
2021-06-26,25200.0,25200.0,25200.0,25150.0,15074110800,598179,86,24000.0,25200.0
2021-06-27,26400.0,26400.0,26400.0,25780.0,8377353600,317324,124,25150.0,26400.0
2021-06-28,27060.0,27060.0,27060.0,27060.0,47650170480,1760908,242,25780.0,27060.0
2021-06-29,27700.0,28410.0,26030.0,28120.0,291342520680,10361309,1947,27060.0,28410.0
2021-06-30,29520.0,29520.0,28500.0,29500.0,74409238770,2522319,450,28120.0,29520.0
2021-07-03,30970.0,30970.0,30000.0,30910.0,468779616100,15164570,3224,29500.0,30970.0
2021-07-04,32450.0,32450.0,31510.0,32410.0,92619805090,2857775,729,30910.0,32450.0
2021-07-05,34030.0,34030.0,34030.0,34030.0,48527937020,1426034,228,32410.0,34030.0
2021-07-06,35730.0,35730.0,32840.0,35110.0,499673857160,14231726,4220,34030.0,32840.0
2021-07-07,33360.0,36860.0,33360.0,35500.0,459345826310,12938358,3925,35110.0,36860.0
2021-07-10,37270.0,37270.0,37270.0,37050.0,13761798420,369246,97,35500.0,37270.0
2021-07-14,37700.0,39580.0,37700.0,39230.0,229863567770,5859495,2588,37050.0,39580.0
2021-07-17,40900.0,40900.0,37270.0,38280.0,200459861960,5237330,2967,39230.0,37270.0
2021-07-18,36550.0,40190.0,36370.0,39110.0,297233515430,7599643,3247,38280.0,40190.0
2021-07-19,40980.0,41060.0,39440.0,40910.0,85839357990,2098111,747,39110.0,41060.0
2021-07-26,41800.0,42950.0,41200.0,42700.0,162109945770,3796794,1893,40910.0,42950.0
2021-07-27,44700.0,44830.0,40720.0,42950.0,164656572850,3833776,2465,42700.0,42740.0
2021-07-28,40900.0,44000.0,40900.0,42370.0,112305912920,2650513,1909,42950.0,41880.0
2021-07-31,41880.0,43200.0,40260.0,41040.0,139734614570,3404499,2134,42370.0,40260.0
2021-08-01,39000.0,40300.0,38990.0,39260.0,219430682310,5588764,2476,41040.0,38990.0
2021-08-02,38990.0,41220.0,38030.0,40960.0,217537097040,5311529,2464,39260.0,41220.0
2021-08-03,42290.0,43000.0,41010.0,42910.0,149743701140,3489566,1742,40960.0,43000.0
2021-08-04,43100.0,44000.0,40770.0,42080.0,191217683080,4544231,3026,42910.0,41700.0
2021-08-08,42920.0,42920.0,40780.0,41330.0,97123086050,2350093,1720,42080.0,40780.0
2021-08-09,41870.0,41870.0,39270.0,39710.0,108790966680,2739963,2049,41330.0,39310.0
2021-08-10,38600.0,41400.0,38510.0,39980.0,183192818800,4582680,2244,39710.0,39500.0
2021-08-11,39000.0,39860.0,37990.0,38510.0,128309060280,3331962,2255,39980.0,38000.0
2021-08-14,37990.0,37990.0,36590.0,36690.0,127985004460,3487926,1675,38510.0,36590.0
2021-08-15,34860.0,38000.0,34860.0,36600.0,148501991240,4057668,2351,36690.0,37350.0
2021-08-22,37390.0,38430.0,37380.0,38400.0,66508860830,1732027,608,36600.0,38430.0
2021-08-23,39090.0,40320.0,39000.0,39680.0,94099094040,2371286,1342,38400.0,39760.0
2021-08-24,40900.0,40900.0,37900.0,38490.0,112274868290,2916978,2287,39680.0,38500.0
2021-08-25,38500.0,39090.0,37000.0,38200.0,83868800850,2195794,1552,38490.0,38490.0
2021-08-28,38110.0,39590.0,38070.0,38860.0,69228632390,1781595,1203,38200.0,38540.0
2021-08-29,39000.0,40750.0,37750.0,39450.0,99810280740,2529898,1814,38860.0,38110.0
2021-08-30,38370.0,40600.0,37480.0,38220.0,77220596890,2020387,1039,39450.0,37480.0
2021-08-31,36330.0,38700.0,36310.0,36870.0,70395539280,1909111,1066,38220.0,36320.0
2021-09-01,37390.0,38710.0,36320.0,38290.0,52285657750,1365482,681,36870.0,38710.0
2021-09-04,40200.0,40200.0,39520.0,40190.0,53804579990,1338843,508,38290.0,40200.0
2021-09-05,42190.0,42190.0,41130.0,42110.0,117544976350,2791226,1024,40190.0,42190.0
2021-09-06,44210.0,44210.0,44210.0,44210.0,39772200200,899620,410,42110.0,44210.0
2021-09-07,46420.0,46420.0,46420.0,46420.0,77854881280,1677184,545,44210.0,46420.0
2021-09-08,48740.0,48740.0,44960.0,47600.0,319389841290,6709805,3538,46420.0,48100.0
2021-09-11,48390.0,49940.0,45500.0,48110.0,167041974930,3472224,2195,47600.0,47210.0
2021-09-12,48300.0,49500.0,45710.0,46420.0,91865625430,1978820,1190,48110.0,45710.0
2021-09-13,44180.0,47950.0,44100.0,45200.0,126616767550,2801411,1748,46420.0,45330.0
2021-09-14,46900.0,47460.0,45200.0,47240.0,169077563190,3579319,1546,45200.0,47400.0
2021-09-15,50000.0,50000.0,47500.0,48010.0,66211314020,1379059,935,47240.0,47500.0
2021-09-18,45610.0,45620.0,45610.0,45610.0,42391479530,929433,434,48010.0,45610.0
2021-09-19,43330.0,45610.0,43330.0,43520.0,72781615640,1672378,684,45610.0,43330.0
2021-09-20,41570.0,43500.0,41350.0,41760.0,83491444490,1999324,984,43520.0,41350.0
2021-09-21,41000.0,41350.0,39680.0,39730.0,27061578060,681119,285,41760.0,39680.0
2021-09-22,37790.0,39500.0,37750.0,37880.0,96764186100,2554785,906,39730.0,37750.0
2021-09-25,36650.0,39750.0,36650.0,38360.0,55772548720,1453889,1066,37880.0,38790.0
2021-09-26,38900.0,38900.0,36450.0,36610.0,64047197080,1749641,881,38360.0,36450.0
2021-09-28,35020.0,35990.0,34780.0,34830.0,54990935310,1578812,601,36610.0,34780.0
2021-09-29,33090.0,34430.0,33090.0,33370.0,90345179180,2707342,1084,34830.0,33300.0
2021-10-02,33020.0,35030.0,33000.0,34890.0,59270258500,1698747,763,33370.0,35030.0
2021-10-03,35800.0,36460.0,33590.0,35540.0,65007575700,1828907,1110,34890.0,35810.0
2021-10-04,34800.0,37310.0,34800.0,37120.0,52266965880,1407922,632,35540.0,37310.0
2021-10-06,37200.0,38350.0,35270.0,35820.0,69394807080,1937564,1091,37120.0,35270.0
2021-10-09,34030.0,34750.0,34030.0,34060.0,34229737880,1004935,399,35820.0,34030.0
2021-10-10,34000.0,34000.0,32360.0,32500.0,46242435630,1422689,674,34060.0,32360.0
2021-10-11,32360.0,34120.0,32360.0,34080.0,74841533230,2196374,910,32500.0,34120.0
2021-10-12,34670.0,34670.0,32380.0,32560.0,47589050520,1461453,437,34080.0,32380.0
2021-10-17,32490.0,32490.0,30870.0,31040.0,43988311860,1417376,662,32560.0,30870.0
2021-10-18,29520.0,30560.0,29490.0,29530.0,39394733710,1334025,468,31040.0,29490.0
2021-10-19,31000.0,31000.0,31000.0,31000.0,22961886000,740706,114,29530.0,31000.0
2021-10-20,32550.0,32550.0,32550.0,32550.0,20582797200,632344,99,31000.0,32550.0
2021-10-23,33850.0,33850.0,30930.0,32030.0,100510052220,3138430,1117,32550.0,31600.0
2021-10-25,30660.0,31900.0,30430.0,30490.0,37603822340,1233276,372,32030.0,30430.0
2021-10-26,29800.0,30000.0,28970.0,29020.0,37496816550,1291921,449,30490.0,28970.0
2021-10-27,27570.0,30000.0,27570.0,28350.0,91463763340,3226161,1136,29020.0,29100.0
2021-10-30,29720.0,29720.0,26940.0,27320.0,33236501240,1216405,546,28350.0,26940.0
2021-10-31,26100.0,26130.0,25960.0,26680.0,6509220300,250619,147,27320.0,25960.0
2021-11-01,25350.0,27900.0,25350.0,25900.0,28227142960,1089683,580,26680.0,25350.0
2021-11-02,25380.0,26190.0,24670.0,25090.0,43501274980,1733962,719,25900.0,25400.0
2021-11-03,25790.0,26340.0,25510.0,26280.0,32416476920,1233452,416,25090.0,26340.0
2021-11-06,27400.0,27590.0,26340.0,27420.0,39433472110,1437944,666,26280.0,27490.0
2021-11-07,27490.0,27500.0,26050.0,26300.0,45723553370,1738220,680,27420.0,26050.0
2021-11-08,25060.0,27610.0,25050.0,26960.0,47233587940,1752041,861,26300.0,26480.0
2021-11-09,26300.0,27900.0,26000.0,27090.0,35324340170,1303861,618,26960.0,26500.0
2021-11-10,26500.0,27700.0,26050.0,26590.0,33763296900,1269599,745,27090.0,26550.0
2021-11-13,25670.0,26500.0,25270.0,25650.0,25331388770,987455,621,26590.0,25280.0
2021-11-14,25800.0,26350.0,24500.0,25250.0,19897073060,787916,563,25650.0,25000.0
2021-11-15,25000.0,26350.0,24400.0,25440.0,44432913860,1746297,736,25250.0,25930.0
2021-11-16,26000.0,26290.0,25510.0,25960.0,25532759080,983489,576,25440.0,26040.0
2021-11-17,26000.0,26500.0,25520.0,26190.0,20723287280,791378,555,25960.0,26000.0
2021-11-20,26730.0,26730.0,25150.0,25900.0,16966159620,655108,408,26190.0,25300.0
2021-11-21,25900.0,26000.0,24610.0,24750.0,17344833920,700885,424,25900.0,24610.0
2021-11-22,24940.0,24940.0,23600.0,24260.0,33309430840,1373117,802,24750.0,23800.0
2021-11-23,23800.0,23800.0,23050.0,23110.0,27396735760,1185262,685,24260.0,23100.0
2021-11-24,22510.0,23000.0,21960.0,22190.0,15897328550,716445,441,23110.0,22150.0
2021-11-27,22150.0,22600.0,21090.0,21290.0,21351042260,1002891,425,22190.0,21090.0
2021-11-28,21290.0,22350.0,20580.0,22150.0,27667118770,1249210,373,21290.0,22350.0
2021-11-29,23250.0,23250.0,23250.0,23250.0,16773084750,721423,157,22150.0,23250.0
2021-11-30,24410.0,24410.0,24410.0,24410.0,28227479900,1156390,156,23250.0,24410.0
2021-12-01,25630.0,25630.0,23190.0,24510.0,145380927180,5931296,1878,24410.0,23450.0
2021-12-04,23450.0,23450.0,23290.0,23310.0,19417392850,833171,212,24510.0,23290.0
2021-12-05,22510.0,23290.0,22150.0,22280.0,53521318760,2402305,814,23310.0,22150.0
2021-12-06,22000.0,22380.0,21170.0,21320.0,47947393280,2248980,923,22280.0,21170.0
2021-12-07,21320.0,21570.0,20260.0,20370.0,25404774740,1247176,618,21320.0,20260.0
2021-12-08,20370.0,21380.0,20000.0,21210.0,31136560800,1468009,604,20370.0,21380.0
2021-12-11,21380.0,21800.0,20150.0,20310.0,29586984160,1456773,674,21210.0,20150.0
2021-12-12,19380.0,20000.0,19300.0,19360.0,20905042230,1079567,393,20310.0,19300.0
2021-12-13,18920.0,20320.0,18550.0,19570.0,27405857640,1400205,717,19360.0,18880.0
2021-12-14,18620.0,19790.0,18600.0,18860.0,24961808050,1323429,549,19570.0,18780.0
2021-12-15,18780.0,19200.0,17920.0,18190.0,32977396440,1812712,690,18860.0,18210.0
2022-01-18,1911.0,1911.0,1729.0,1776.0,10159581077,5780564,247,1820.0,1729.0
2022-01-19,1688.0,1757.0,1688.0,1699.0,33197187717,19537330,720,1776.0,1754.0
2022-01-23,1783.0,1783.0,1615.0,1696.0,37256617320,21962020,993,1699.0,1615.0
2022-01-24,1612.0,1644.0,1612.0,1632.0,10955624342,6794113,348,1696.0,1612.0
2022-01-25,1561.0,1570.0,1551.0,1598.0,5858609326,3776280,169,1632.0,1551.0
2022-01-26,1520.0,1598.0,1519.0,1527.0,17782030192,11645381,599,1598.0,1544.0
2022-01-29,1544.0,1596.0,1529.0,1558.0,10840047183,6899090,541,1527.0,1589.0
2022-01-30,1571.0,1602.0,1491.0,1535.0,10287546012,6746351,518,1558.0,1493.0
2022-01-31,1515.0,1530.0,1459.0,1479.0,19713919369,13333468,724,1535.0,1490.0
2022-02-01,1500.0,1528.0,1455.0,1480.0,9375220292,6331539,467,1479.0,1458.0
2022-02-02,1427.0,1499.0,1427.0,1465.0,8688509493,5968974,322,1480.0,1465.0
2022-02-05,1490.0,1530.0,1462.0,1509.0,17334311100,11486895,695,1465.0,1530.0
2022-02-06,1530.0,1538.0,1450.0,1504.0,10541379287,7016251,415,1509.0,1480.0
2022-02-07,1450.0,1497.0,1450.0,1489.0,6718132435,4570982,250,1504.0,1470.0
2022-02-08,1513.0,1530.0,1467.0,1494.0,5678029253,3779206,240,1489.0,1483.0
2022-02-09,1460.0,1490.0,1420.0,1428.0,19729842628,13813965,648,1494.0,1421.0
2022-02-12,1430.0,1430.0,1357.0,1388.0,9761014682,7132093,450,1428.0,1357.0
2022-02-13,1323.0,1368.0,1319.0,1358.0,6997995384,5271799,294,1388.0,1334.0
2022-02-14,1310.0,1387.0,1300.0,1358.0,6391513683,4710171,318,1358.0,1365.0
2022-02-16,1385.0,1425.0,1385.0,1407.0,11627772601,8183780,285,1358.0,1425.0
2022-02-19,1460.0,1477.0,1439.0,1465.0,13674203667,9279839,306,1407.0,1477.0
2022-02-20,1519.0,1519.0,1405.0,1452.0,18869025116,12997642,566,1465.0,1415.0
2022-02-21,1411.0,1478.0,1411.0,1442.0,7991816262,5574784,361,1452.0,1422.0
2022-02-22,1396.0,1464.0,1391.0,1430.0,11651052638,8168771,466,1442.0,1430.0
2022-02-23,1452.0,1452.0,1382.0,1416.0,10578521375,7503107,354,1430.0,1390.0
2022-02-26,1380.0,1438.0,1353.0,1405.0,8060187929,5772024,334,1416.0,1408.0
2022-02-27,1430.0,1475.0,1400.0,1470.0,30355678751,20649503,669,1405.0,1475.0
2022-02-28,1541.0,1542.0,1486.0,1523.0,19753006271,12969105,705,1470.0,1539.0
2022-03-02,1550.0,1599.0,1530.0,1572.0,19948763172,12692421,729,1523.0,1540.0
2022-03-05,1511.0,1640.0,1511.0,1594.0,12611966729,7890980,488,1572.0,1565.0
2022-03-06,1618.0,1673.0,1520.0,1605.0,38704593681,24112840,1131,1594.0,1666.0
2022-03-07,1685.0,1685.0,1630.0,1656.0,21047626936,12712687,531,1605.0,1630.0
2022-03-08,1603.0,1656.0,1586.0,1630.0,9539363576,5912536,396,1656.0,1635.0
2022-03-09,1670.0,1702.0,1650.0,1665.0,10225788378,6066892,453,1630.0,1674.0
2022-03-12,1690.0,1690.0,1582.0,1611.0,10212243149,6425729,355,1665.0,1589.0
2022-03-13,1534.0,1630.0,1534.0,1598.0,9051240621,5692529,341,1611.0,1607.0
2022-03-14,1550.0,1617.0,1550.0,1589.0,3705666911,2370740,195,1598.0,1563.0
2022-03-15,1534.0,1584.0,1534.0,1581.0,3705437612,2376314,142,1589.0,1565.0
2022-03-16,1610.0,1612.0,1541.0,1579.0,5792027091,3672308,192,1581.0,1586.0
2022-03-19,1650.0,1650.0,1581.0,1591.0,5573001860,3455097,231,1579.0,1615.0
2022-03-26,1649.0,1649.0,1550.0,1597.0,6393461665,3985328,231,1591.0,1587.0
2022-03-27,1529.0,1618.0,1529.0,1593.0,6751941082,4253593,246,1597.0,1609.0
2022-03-28,1618.0,1672.0,1618.0,1671.0,18568040415,11110118,388,1593.0,1672.0
2022-03-29,1754.0,1754.0,1680.0,1746.0,24659864790,14123209,695,1671.0,1754.0
2022-03-30,1825.0,1825.0,1700.0,1739.0,19087237458,10977829,643,1746.0,1730.0
2022-04-03,1717.0,1800.0,1700.0,1725.0,16282592129,9439226,615,1739.0,1723.0
2022-04-04,1724.0,1760.0,1639.0,1660.0,23334807274,14056341,695,1725.0,1648.0
2022-04-05,1660.0,1685.0,1586.0,1639.0,13895852715,8481868,476,1660.0,1646.0
2022-04-06,1685.0,1685.0,1605.0,1641.0,11618199026,7080163,341,1639.0,1640.0
2022-04-09,1601.0,1723.0,1601.0,1705.0,24200547373,14190252,534,1641.0,1723.0
2022-04-10,1790.0,1790.0,1790.0,1777.0,13772779100,7694290,201,1705.0,1790.0
2022-04-11,1865.0,1865.0,1800.0,1838.0,45331337406,24668710,1019,1777.0,1820.0
2022-04-12,1829.0,1829.0,1747.0,1749.0,36977321267,21144567,772,1838.0,1747.0
2022-04-13,1711.0,1830.0,1710.0,1787.0,11594004213,6431047,503,1749.0,1811.0
2022-04-16,1873.0,1873.0,1755.0,1789.0,11686786579,6528639,448,1787.0,1767.0
2022-04-17,1817.0,1817.0,1741.0,1773.0,15928679297,8982060,455,1789.0,1766.0
2022-04-18,1744.0,1809.0,1741.0,1785.0,19236784188,10775573,516,1773.0,1756.0
2022-04-19,1800.0,1870.0,1723.0,1821.0,21898001871,12023928,662,1785.0,1840.0
2022-04-20,1851.0,1875.0,1801.0,1829.0,12048298213,6577990,383,1821.0,1830.0
2022-04-24,1829.0,1840.0,1770.0,1813.0,13221020024,7298902,415,1829.0,1790.0
2022-04-25,1773.0,1874.0,1773.0,1829.0,23661946472,12937138,529,1813.0,1820.0
2022-04-26,1829.0,1860.0,1800.0,1820.0,15842222954,8705139,456,1829.0,1808.0
2022-04-27,1784.0,1830.0,1784.0,1808.0,18134165176,10029318,503,1820.0,1801.0
2022-04-30,1794.0,1890.0,1777.0,1832.0,19379852757,10576063,727,1808.0,1843.0
2022-05-01,1870.0,1890.0,1811.0,1847.0,15889766794,8603780,528,1832.0,1841.0
2022-05-02,1840.0,1870.0,1800.0,1848.0,12427471814,6722810,505,1847.0,1858.0
2022-05-07,1873.0,1940.0,1863.0,1929.0,53050912934,27504342,998,1848.0,1940.0
2022-05-08,2025.0,2025.0,1950.0,1988.0,28718941186,14447768,797,1929.0,1985.0
2022-05-09,2000.0,2025.0,1889.0,1915.0,35450598997,18510334,990,1988.0,1889.0
2022-05-10,1831.0,1979.0,1831.0,1928.0,21287512889,11039326,625,1915.0,1970.0
2022-05-11,1970.0,2024.0,1950.0,2016.0,54031874165,26805523,839,1928.0,2024.0
2022-05-14,2116.0,2116.0,2088.0,2115.0,20967461292,9913479,359,2016.0,2116.0
2022-05-15,2220.0,2220.0,2125.0,2213.0,92725922312,41896022,1058,2115.0,2220.0
2022-05-16,2323.0,2323.0,2323.0,2323.0,25140544381,10822447,209,2213.0,2323.0
2022-05-17,2330.0,2360.0,2207.0,2270.0,145634762054,64164654,2377,2323.0,2226.0
2022-05-18,2280.0,2280.0,2157.0,2168.0,40321138518,18601509,1024,2270.0,2160.0
2022-05-21,2098.0,2167.0,2060.0,2075.0,53471265419,25774732,1171,2168.0,2061.0
2022-05-22,2080.0,2178.0,2080.0,2167.0,61163251256,28231091,1144,2075.0,2178.0
2022-05-23,2178.0,2210.0,2059.0,2077.0,46231428031,22260302,858,2167.0,2114.0
2022-05-24,2145.0,2145.0,2004.0,2079.0,23762981938,11430180,612,2077.0,2094.0
2022-05-25,2150.0,2160.0,2084.0,2109.0,12696827768,6008928,414,2079.0,2107.0
2022-05-28,2150.0,2150.0,2016.0,2064.0,15503025534,7510999,504,2109.0,2019.0
2022-05-29,1985.0,2070.0,1961.0,1974.0,17396621429,8813117,557,2064.0,1990.0
2022-05-30,1880.0,1999.0,1876.0,1882.0,53965266805,28675850,1076,1974.0,1876.0
2022-05-31,1880.0,1928.0,1795.0,1888.0,35343655840,18721688,622,1882.0,1910.0
2022-06-01,1920.0,1979.0,1900.0,1908.0,10225944301,5340850,357,1888.0,1911.0
2022-06-06,1954.0,1954.0,1813.0,1827.0,20094659760,10999446,477,1908.0,1813.0
2022-06-07,1795.0,1808.0,1736.0,1750.0,33398723216,19085047,758,1827.0,1756.0
2022-06-08,1695.0,1785.0,1695.0,1746.0,19283985388,11044749,578,1750.0,1730.0
2022-06-11,1700.0,1790.0,1660.0,1698.0,19056877367,11222733,530,1746.0,1660.0
2022-06-12,1695.0,1773.0,1635.0,1717.0,28977858316,16877398,555,1698.0,1750.0
2022-06-13,1786.0,1802.0,1700.0,1787.0,33262826417,18611767,509,1717.0,1802.0
2022-06-14,1837.0,1870.0,1790.0,1828.0,19608893060,10725959,567,1787.0,1804.0
2022-06-15,1800.0,1847.0,1771.0,1816.0,5714796267,3184423,284,1828.0,1794.0
2022-06-18,1770.0,1906.0,1770.0,1888.0,46666008724,24714125,667,1816.0,1906.0
2022-06-19,1920.0,1970.0,1845.0,1927.0,20913310306,10850133,606,1888.0,1876.0
2022-06-20,1943.0,1989.0,1850.0,1943.0,29030820395,14941553,569,1927.0,1910.0
2022-06-21,1950.0,1950.0,1846.0,1871.0,18745652298,10020480,360,1943.0,1873.0
2022-06-22,1873.0,1873.0,1786.0,1831.0,11102375860,6109886,360,1871.0,1812.0
2022-06-25,1759.0,1847.0,1759.0,1825.0,9844940331,5405029,265,1831.0,1813.0
2022-06-26,1830.0,1830.0,1739.0,1752.0,13702282226,7833703,280,1825.0,1739.0
2022-06-27,1820.0,1820.0,1686.0,1738.0,7341839402,4255378,425,1752.0,1727.0
2022-06-28,1738.0,1799.0,1701.0,1743.0,7872692005,4507561,307,1738.0,1750.0
2022-07-04,1703.0,1710.0,1618.0,1654.0,20944853161,12664907,615,1733.0,1659.0
2022-07-05,1654.0,1660.0,1582.0,1620.0,12193398651,7548459,459,1654.0,1626.0
2022-07-06,1602.0,1637.0,1552.0,1594.0,12773703397,8024279,540,1620.0,1569.0
2022-07-09,1588.0,1600.0,1545.0,1586.0,5456806423,3473460,327,1594.0,1570.0
2022-07-11,1606.0,1606.0,1507.0,1560.0,6735670205,4403581,288,1586.0,1524.0
2022-07-12,1491.0,1550.0,1482.0,1506.0,12901723060,8593639,467,1560.0,1482.0
2022-07-13,1530.0,1580.0,1495.0,1537.0,10247245024,6607767,330,1506.0,1570.0
2022-07-16,1613.0,1613.0,1553.0,1610.0,15435688841,9579840,222,1537.0,1613.0
2022-07-19,1610.0,1668.0,1533.0,1588.0,13473212873,8503887,453,1610.0,1573.0
2022-07-20,1597.0,1610.0,1533.0,1579.0,10334448099,6565935,283,1588.0,1570.0
2022-07-23,1640.0,1640.0,1583.0,1598.0,9585046158,5954698,461,1579.0,1610.0
2022-07-24,1637.0,1637.0,1550.0,1590.0,5126597082,3254124,193,1598.0,1560.0
2022-07-25,1618.0,1618.0,1522.0,1568.0,8697470360,5602277,211,1590.0,1546.0
2022-07-26,1540.0,1590.0,1527.0,1557.0,6993013459,4528107,171,1568.0,1568.0
2022-07-27,1540.0,1610.0,1540.0,1565.0,5119828122,3237467,167,1557.0,1560.0
2022-07-30,1560.0,1610.0,1541.0,1569.0,5538021602,3513288,193,1565.0,1550.0
2022-07-31,1523.0,1549.0,1491.0,1536.0,7674221806,5092696,262,1569.0,1495.0
2022-08-01,1500.0,1536.0,1460.0,1468.0,17112463867,11656739,465,1536.0,1460.0
2022-08-02,1460.0,1517.0,1423.0,1471.0,10332181056,7017372,382,1468.0,1487.0
2022-08-03,1499.0,1510.0,1470.0,1475.0,2725374559,1824327,154,1471.0,1479.0
2022-08-06,1465.0,1548.0,1465.0,1497.0,9256577434,6120699,291,1475.0,1520.0
2022-08-09,1500.0,1539.0,1480.0,1499.0,3160202372,2100596,148,1497.0,1490.0
2022-08-10,1490.0,1510.0,1450.0,1489.0,4528217585,3087450,175,1499.0,1467.0
2022-08-13,1531.0,1531.0,1462.0,1495.0,5578359194,3706300,240,1489.0,1505.0
2022-08-14,1519.0,1519.0,1470.0,1493.0,3208442501,2157462,196,1495.0,1470.0
2022-08-15,1493.0,1510.0,1460.0,1487.0,6649600959,4495725,233,1493.0,1488.0
2022-08-16,1505.0,1506.0,1467.0,1487.0,4095926673,2755503,217,1487.0,1473.0
2022-08-17,1499.0,1520.0,1462.0,1486.0,5108910300,3445245,203,1487.0,1478.0
2022-08-20,1502.0,1534.0,1455.0,1494.0,5720846877,3798143,191,1486.0,1490.0
2022-08-21,1480.0,1515.0,1462.0,1490.0,5507833441,3712547,202,1494.0,1507.0
2022-08-22,1508.0,1529.0,1482.0,1499.0,6167309703,4077514,195,1490.0,1510.0
2022-08-23,1499.0,1573.0,1499.0,1561.0,18208479470,11662927,341,1499.0,1573.0
2022-08-24,1637.0,1639.0,1594.0,1634.0,21593534769,13214355,542,1561.0,1639.0
2022-08-27,1679.0,1715.0,1679.0,1712.0,24507179323,14312243,412,1634.0,1715.0
2022-08-28,1715.0,1779.0,1681.0,1740.0,27577935244,15848727,700,1712.0,1684.0
2022-08-29,1749.0,1749.0,1680.0,1703.0,13626018664,8026499,467,1740.0,1700.0
2022-08-30,1715.0,1715.0,1621.0,1685.0,12133700019,7224585,354,1703.0,1656.0
2022-08-31,1661.0,1738.0,1641.0,1696.0,8627920656,5062464,333,1685.0,1698.0
2022-09-03,1701.0,1720.0,1650.0,1694.0,6609430718,3906668,203,1696.0,1693.0
2022-09-04,1655.0,1725.0,1655.0,1696.0,7698539272,4531775,227,1694.0,1715.0
2022-09-05,1715.0,1719.0,1670.0,1693.0,7282578593,4311889,218,1696.0,1677.0
2022-09-06,1644.0,1720.0,1644.0,1695.0,4360733103,2564698,183,1693.0,1695.0
2022-09-07,1728.0,1728.0,1663.0,1690.0,7962729090,4726417,253,1695.0,1674.0
2022-09-10,1708.0,1708.0,1606.0,1641.0,10863654631,6683636,285,1690.0,1616.0
2022-09-11,1657.0,1657.0,1573.0,1621.0,6554240102,4103434,245,1641.0,1594.0
2022-09-12,1563.0,1640.0,1548.0,1594.0,7926975736,5038452,295,1621.0,1566.0
2022-09-13,1580.0,1620.0,1544.0,1588.0,4634994943,2938407,186,1594.0,1608.0
2022-09-14,1572.0,1609.0,1566.0,1587.0,3818557602,2409140,152,1588.0,1568.0
2022-09-18,1556.0,1595.0,1530.0,1580.0,3567084274,2291200,214,1587.0,1543.0
2022-09-19,1570.0,1570.0,1528.0,1573.0,3424142416,2207174,148,1580.0,1543.0
2022-09-20,1551.0,1583.0,1522.0,1565.0,5031522324,3246406,206,1573.0,1540.0
2022-09-21,1540.0,1543.0,1502.0,1554.0,3308430169,2178797,143,1565.0,1530.0
2022-09-24,1491.0,1539.0,1477.0,1501.0,10285898828,6948506,275,1554.0,1478.0
2022-09-26,1450.0,1523.0,1450.0,1502.0,2804253864,1863738,134,1501.0,1500.0
2022-09-28,1512.0,1577.0,1512.0,1572.0,30192639961,19212013,451,1502.0,1577.0
2022-10-01,1615.0,1615.0,1494.0,1514.0,21311199291,14076626,465,1572.0,1494.0
2022-10-02,1483.0,1516.0,1452.0,1503.0,5386319809,3628007,170,1514.0,1466.0
2022-10-03,1461.0,1519.0,1434.0,1477.0,7900654872,5420733,274,1503.0,1458.0
2022-10-04,1445.0,1475.0,1444.0,1469.0,5910125307,4050385,178,1477.0,1467.0
2022-10-08,1450.0,1493.0,1441.0,1469.0,5916207213,4030767,242,1469.0,1469.0
2022-10-09,1469.0,1469.0,1396.0,1408.0,17967085762,12758479,446,1469.0,1409.0
2022-10-11,1478.0,1478.0,1478.0,1464.0,12125067122,8203699,98,1408.0,1478.0
2022-10-12,1537.0,1537.0,1487.0,1533.0,42862308909,27965612,737,1464.0,1511.0
2022-10-15,1478.0,1530.0,1457.0,1474.0,13172586122,8967776,566,1533.0,1469.0
2022-10-16,1500.0,1500.0,1410.0,1439.0,9604240402,6750319,313,1474.0,1419.0
2022-10-17,1434.0,1485.0,1416.0,1454.0,10220850097,7000534,376,1439.0,1479.0
2022-10-18,1490.0,1490.0,1431.0,1459.0,5927793929,4045605,179,1454.0,1435.0
2022-10-19,1433.0,1500.0,1433.0,1466.0,11129834411,7580599,193,1459.0,1460.0
2022-10-22,1494.0,1539.0,1467.0,1532.0,49598040345,32377713,778,1466.0,1539.0
2022-10-23,1573.0,1608.0,1548.0,1598.0,49207706851,30799777,1094,1532.0,1600.0
2022-10-24,1600.0,1610.0,1542.0,1573.0,16727631994,10635385,543,1598.0,1570.0
2022-10-25,1532.0,1630.0,1515.0,1558.0,12246461417,7882352,424,1573.0,1544.0
2022-10-26,1524.0,1567.0,1481.0,1484.0,17525751391,11809701,324,1558.0,1481.0
2022-10-29,1500.0,1504.0,1420.0,1468.0,8882976846,6097129,369,1484.0,1447.0
2022-10-30,1410.0,1484.0,1410.0,1460.0,6936956406,4777442,308,1468.0,1480.0
2022-10-31,1442.0,1509.0,1437.0,1473.0,12130153480,8216478,330,1460.0,1509.0
2022-11-01,1535.0,1546.0,1457.0,1508.0,23711209355,15726789,563,1473.0,1545.0
2022-11-02,1578.0,1578.0,1500.0,1536.0,17907992209,11661793,432,1508.0,1535.0
2022-11-05,1535.0,1594.0,1529.0,1570.0,30929421408,19699244,551,1536.0,1580.0
2022-11-06,1570.0,1637.0,1555.0,1602.0,16162692565,10092100,450,1570.0,1627.0
2022-11-07,1630.0,1682.0,1601.0,1662.0,20196110429,12154754,440,1602.0,1682.0
2022-11-08,1745.0,1745.0,1601.0,1672.0,29977644308,17925397,751,1662.0,1610.0
2022-11-09,1620.0,1694.0,1600.0,1659.0,17074823278,10294875,502,1672.0,1679.0
2022-11-12,1721.0,1721.0,1670.0,1692.0,17671907060,10445911,573,1659.0,1709.0
2022-11-13,1730.0,1776.0,1725.0,1772.0,49960377509,28196263,656,1692.0,1776.0
2022-11-14,1860.0,1860.0,1860.0,1859.0,16712894220,8985427,198,1772.0,1860.0
2022-11-15,1951.0,1951.0,1951.0,1929.0,13394512460,6865460,145,1859.0,1951.0
2022-11-16,2025.0,2025.0,2025.0,2017.0,16737837975,8265599,200,1929.0,2025.0
2022-11-19,2098.0,2098.0,1918.0,1985.0,160890162945,81041095,2519,2017.0,1924.0
2022-11-20,1939.0,2026.0,1886.0,1925.0,96848856680,50299014,1815,1985.0,1889.0
2022-11-21,1918.0,2021.0,1872.0,1982.0,96611602131,48751543,1382,1925.0,2021.0
2022-11-22,2050.0,2081.0,1986.0,2031.0,65578805732,32292436,1478,1982.0,1991.0
2022-11-23,2030.0,2030.0,1950.0,1978.0,28716435313,14515428,847,2031.0,1971.0
2022-11-26,2045.0,2045.0,1966.0,2006.0,26724793120,13321055,518,1978.0,2020.0
2022-11-27,2041.0,2077.0,1983.0,2028.0,35854454544,17678481,915,2006.0,2018.0
2022-11-28,2018.0,2018.0,1940.0,1972.0,22768261871,11547689,702,2028.0,1956.0
2022-11-29,1945.0,2010.0,1945.0,1986.0,15048728968,7578089,394,1972.0,1993.0
2022-11-30,2028.0,2028.0,1953.0,1970.0,14052210710,7135085,329,1986.0,1954.0
2022-12-03,1955.0,1991.0,1911.0,1942.0,25867920915,13317028,479,1970.0,1930.0
2022-12-04,1897.0,1929.0,1846.0,1875.0,33577431122,17911243,892,1942.0,1866.0
2022-12-05,1880.0,1958.0,1856.0,1906.0,25250157706,13247130,642,1875.0,1913.0
2022-12-06,1950.0,1975.0,1903.0,1953.0,15031018641,7697829,510,1906.0,1969.0
2022-12-07,1975.0,1989.0,1912.0,1955.0,12631009118,6458608,402,1953.0,1945.0
2022-12-10,1990.0,2052.0,1950.0,2042.0,108302704289,53043311,1381,1955.0,2050.0
2022-12-11,2040.0,2095.0,1987.0,2040.0,36276156865,17780495,767,2042.0,2045.0
2022-12-12,2070.0,2084.0,2040.0,2065.0,29188906355,14134459,561,2040.0,2076.0
2022-12-13,2078.0,2159.0,2040.0,2122.0,36055367567,16994806,696,2065.0,2156.0
2022-12-14,2164.0,2219.0,2120.0,2159.0,33058293592,15311804,612,2122.0,2145.0
2022-12-17,2157.0,2159.0,2102.0,2132.0,38004672347,17829970,784,2159.0,2109.0
2022-12-18,2186.0,2199.0,2102.0,2152.0,25717433352,11947827,542,2132.0,2140.0
2022-12-19,2150.0,2183.0,2081.0,2113.0,29849629387,14128783,643,2152.0,2087.0
2022-12-20,2100.0,2150.0,2060.0,2084.0,16632767143,7980920,472,2113.0,2085.0
2022-12-21,2051.0,2147.0,2051.0,2111.0,16571069472,7848928,317,2084.0,2115.0
2022-12-24,2148.0,2210.0,2120.0,2159.0,54871530691,25416877,844,2111.0,2206.0
2022-12-25,2216.0,2266.0,2216.0,2264.0,40104491123,17713267,366,2159.0,2266.0
2022-12-26,2377.0,2377.0,2377.0,2377.0,28281676735,11898055,230,2264.0,2377.0
2022-12-28,2495.0,2495.0,2495.0,2495.0,30598275810,12263838,201,2377.0,2495.0
2022-12-31,2610.0,2619.0,2400.0,2577.0,177300042913,68800700,1848,2495.0,2619.0
2023-01-01,2704.0,2705.0,2600.0,2698.0,190991454799,70783845,1958,2577.0,2705.0
2023-01-02,2770.0,2800.0,2661.0,2712.0,118338778423,43635612,1875,2698.0,2680.0
2023-01-03,2700.0,2700.0,2577.0,2606.0,79328399427,30445917,1328,2712.0,2577.0
2023-01-04,2476.0,2476.0,2476.0,2476.0,27654495996,11169021,340,2606.0,2476.0
2023-01-07,2430.0,2599.0,2430.0,2545.0,51468121836,20226159,461,2476.0,2599.0
2023-01-08,2672.0,2672.0,2672.0,2672.0,23060450176,8630408,171,2545.0,2672.0
2023-01-09,2805.0,2805.0,2805.0,2805.0,25185174960,8978672,211,2672.0,2805.0
2023-01-10,2945.0,2945.0,2816.0,2922.0,242367034395,82940948,2072,2805.0,2945.0
2023-01-11,3048.0,3068.0,2945.0,3047.0,77001973942,25271080,665,2922.0,3068.0
2023-01-14,3100.0,3199.0,2895.0,3143.0,149983733210,47722992,1761,3047.0,3194.0
2023-01-16,3150.0,3294.0,3150.0,3249.0,21425959202,6594038,322,3143.0,3218.0
2023-01-21,3270.0,3404.0,3110.0,3268.0,91489885995,27992861,1295,3249.0,3200.0
2023-01-22,3180.0,3350.0,3105.0,3116.0,137190015172,44034543,1575,3268.0,3130.0
2023-01-23,3100.0,3201.0,2990.0,3116.0,89780318189,28815355,1482,3116.0,3159.0
2023-01-24,3189.0,3189.0,3023.0,3087.0,41130979360,13322147,632,3116.0,3066.0
2023-01-25,3030.0,3085.0,2933.0,2948.0,63647315831,21592635,811,3087.0,2941.0
2023-01-28,2839.0,3095.0,2839.0,3055.0,115854752922,37926141,1134,2948.0,3095.0
2023-01-29,3130.0,3170.0,2903.0,2928.0,121250227607,41415510,1259,3055.0,2903.0
2023-01-30,2900.0,3055.0,2782.0,2849.0,73713606374,25870632,1002,2928.0,2925.0
2023-01-31,2901.0,2991.0,2834.0,2925.0,37258829973,12739759,573,2849.0,2962.0
2023-02-01,3030.0,3071.0,2889.0,3010.0,66964665328,22248043,866,2925.0,3071.0
2023-02-05,3160.0,3160.0,3060.0,3136.0,144676322712,46127565,1686,3010.0,3065.0
2023-02-06,3138.0,3138.0,2981.0,3039.0,36620709136,12049699,811,3136.0,3042.0
2023-02-07,3144.0,3144.0,3006.0,3071.0,34324997721,11175479,699,3039.0,3040.0
2023-02-08,3040.0,3129.0,2983.0,3058.0,40100677137,13113051,757,3071.0,3065.0
2023-02-12,3095.0,3120.0,3000.0,3072.0,45707491864,14878302,617,3058.0,3061.0
2023-02-13,3067.0,3196.0,3053.0,3129.0,32793645519,10480763,695,3072.0,3118.0
2023-02-14,3160.0,3160.0,3011.0,3102.0,33210824626,10706978,622,3129.0,3011.0
2023-02-15,3001.0,3109.0,2980.0,3028.0,20920077499,6908139,485,3102.0,3010.0
2023-02-19,3040.0,3060.0,2950.0,3011.0,27408953990,9102963,526,3028.0,3048.0
2023-02-20,3094.0,3149.0,2972.0,3068.0,58057158612,18923712,809,3011.0,3125.0
2023-02-21,3149.0,3200.0,3038.0,3130.0,34683064811,11079352,731,3068.0,3040.0
2023-02-22,3021.0,3130.0,2974.0,3035.0,67101966811,22106704,1850,3130.0,3070.0
2023-02-25,3145.0,3166.0,3040.0,3103.0,87145000401,28087186,1266,3035.0,3112.0
2023-02-26,3180.0,3253.0,3064.0,3152.0,106222342665,33699195,1471,3103.0,3070.0
2023-02-27,3080.0,3110.0,2995.0,3014.0,129165797435,42858085,1701,3152.0,3000.0
2023-02-28,2918.0,3110.0,2918.0,3040.0,52385379346,17231308,873,3014.0,3010.0
2023-03-01,3088.0,3088.0,2946.0,3001.0,36738933524,12243936,908,3040.0,2950.0
2023-03-06,3070.0,3085.0,2990.0,3061.0,17098352952,5586755,349,3001.0,3055.0
2023-03-07,3005.0,3127.0,3005.0,3081.0,62066740847,20145177,876,3061.0,3120.0
2023-03-11,3124.0,3124.0,3050.0,3078.0,31373151640,10193203,554,3081.0,3051.0
2023-03-12,3052.0,3052.0,2940.0,2985.0,18515530030,6202362,457,3078.0,2949.0
2023-03-13,3038.0,3050.0,2930.0,2966.0,25949900893,8747705,736,2985.0,2998.0
2023-03-14,2940.0,3029.0,2930.0,2959.0,25147042285,8497078,829,2966.0,2939.0
2023-03-15,3060.0,3060.0,2954.0,2975.0,39457283276,13261652,776,2959.0,2999.0
2023-03-18,3000.0,3123.0,3000.0,3080.0,51158650187,16609627,787,2975.0,3123.0
2023-03-19,3158.0,3234.0,3100.0,3207.0,87657502173,27334329,1043,3080.0,3234.0
2023-03-25,3328.0,3367.0,3210.0,3347.0,111086792797,33185207,1367,3207.0,3367.0
2023-03-26,3499.0,3514.0,3381.0,3485.0,102804764849,29499423,1447,3347.0,3430.0
2023-03-27,3550.0,3659.0,3398.0,3615.0,88779156043,24560464,1412,3485.0,3658.0
2023-03-28,3750.0,3759.0,3450.0,3566.0,87192017170,24451777,1803,3615.0,3528.0
2023-03-29,3528.0,3573.0,3450.0,3510.0,82443343210,23485341,1514,3566.0,3486.0
2023-04-03,3467.0,3500.0,3360.0,3424.0,76134146537,22235600,1487,3510.0,3430.0
2023-04-04,3401.0,3495.0,3269.0,3336.0,157336496495,47167933,2811,3424.0,3340.0
2023-04-05,3340.0,3485.0,3270.0,3421.0,115405161265,33730886,1502,3336.0,3380.0
2023-04-08,3498.0,3592.0,3405.0,3570.0,119709698742,33528021,1700,3421.0,3540.0
2023-04-09,3570.0,3650.0,3478.0,3534.0,94463532029,26729600,1555,3570.0,3539.0
2023-04-10,3534.0,3620.0,3380.0,3496.0,120332024044,34420169,2078,3534.0,3385.0
2023-04-11,3377.0,3479.0,3371.0,3423.0,71141900282,20781367,1422,3496.0,3465.0
2023-04-15,3520.0,3594.0,3520.0,3588.0,52655990188,14674953,536,3423.0,3594.0
2023-04-16,3759.0,3759.0,3570.0,3639.0,99834730952,27432641,1498,3588.0,3635.0
2023-04-17,3649.0,3820.0,3550.0,3767.0,138695943739,36814341,1954,3639.0,3800.0
2023-04-18,3910.0,3954.0,3699.0,3851.0,112579167139,29237332,1823,3767.0,3780.0
2023-04-19,3839.0,3840.0,3659.0,3714.0,141616213216,38130502,6420,3851.0,3700.0
2023-04-24,3700.0,3859.0,3603.0,3725.0,94199295886,25288568,1459,3714.0,3810.0
2023-04-25,3780.0,3899.0,3717.0,3813.0,103349032817,27105087,1431,3725.0,3753.0
2023-04-26,3850.0,3999.0,3800.0,3903.0,123334686145,31597822,1564,3813.0,3890.0
2023-04-29,4000.0,4098.0,3850.0,4050.0,119790040254,29577704,1565,3903.0,4090.0
2023-04-30,4150.0,4252.0,4060.0,4247.0,147268626586,34676817,1306,4050.0,4252.0
2023-05-01,4300.0,4351.0,4035.0,4095.0,136548774476,33348814,2256,4247.0,4076.0
2023-05-02,4150.0,4190.0,4080.0,4114.0,107898928175,26227182,1664,4095.0,4100.0
2023-05-03,4192.0,4192.0,4040.0,4080.0,114176718997,27987774,1786,4114.0,4071.0
2023-05-06,4180.0,4180.0,3950.0,4069.0,104293875251,25629938,1996,4080.0,3989.0
2023-05-07,3899.0,4000.0,3866.0,3880.0,66439694423,17123037,954,4069.0,3866.0
2023-05-08,3700.0,3800.0,3686.0,3689.0,50626087684,13724103,537,3880.0,3686.0
2023-05-09,3505.0,3630.0,3505.0,3525.0,74969983554,21269602,1269,3689.0,3578.0
2023-05-10,3573.0,3650.0,3349.0,3402.0,35743259224,10507454,602,3525.0,3349.0
2023-05-13,3235.0,3386.0,3232.0,3236.0,51268486447,15844109,462,3402.0,3232.0
2023-05-14,3397.0,3397.0,3278.0,3386.0,74628291414,22042169,744,3236.0,3397.0
2023-05-15,3480.0,3510.0,3300.0,3408.0,37210153825,10919432,902,3386.0,3392.0
2023-05-17,3333.0,3532.0,3333.0,3439.0,26457063668,7692523,659,3408.0,3470.0
2023-05-20,3600.0,3600.0,3333.0,3501.0,35062360417,10014317,874,3439.0,3382.0
2023-05-21,3499.0,3499.0,3353.0,3404.0,39880910657,11715293,915,3501.0,3370.0
2023-05-22,3317.0,3556.0,3317.0,3486.0,52040413938,14927943,1101,3404.0,3527.0
2023-05-23,3580.0,3660.0,3495.0,3624.0,78387274012,21628911,1109,3486.0,3660.0
2023-05-24,3750.0,3790.0,3592.0,3690.0,57478034324,15578086,1010,3624.0,3730.0
2023-05-27,3700.0,3720.0,3531.0,3612.0,39379434178,10902167,729,3690.0,3636.0
2023-05-28,3642.0,3700.0,3432.0,3483.0,61032408928,17521589,934,3612.0,3490.0
2023-05-29,3500.0,3649.0,3500.0,3576.0,37768309008,10560482,573,3483.0,3620.0
2023-05-30,3640.0,3670.0,3502.0,3576.0,24310355455,6798575,601,3576.0,3502.0
2023-05-31,3503.0,3590.0,3412.0,3467.0,25567955127,7373830,444,3576.0,3454.0
2023-06-03,3500.0,3530.0,3408.0,3459.0,23243871420,6719733,462,3467.0,3431.0
2023-06-06,3445.0,3550.0,3444.0,3474.0,18709415316,5386002,623,3459.0,3448.0
2023-06-07,3448.0,3610.0,3411.0,3528.0,46323980114,13130411,647,3474.0,3597.0
2023-06-10,3513.0,3559.0,3352.0,3479.0,42439339779,12199203,737,3528.0,3487.0
2023-06-11,3350.0,3546.0,3350.0,3461.0,35763828313,10334191,596,3479.0,3470.0
2023-06-12,3410.0,3580.0,3295.0,3408.0,27226756994,7988967,545,3461.0,3315.0
2023-06-13,3458.0,3458.0,3260.0,3333.0,22615526317,6785471,398,3408.0,3351.0
2023-06-14,3440.0,3440.0,3331.0,3361.0,9362738420,2773019,240,3333.0,3340.0
2023-06-17,3340.0,3412.0,3230.0,3300.0,17140314796,5193446,452,3361.0,3300.0
2023-06-18,3360.0,3360.0,3140.0,3217.0,15249937688,4740888,362,3300.0,3280.0
2023-06-19,3315.0,3350.0,3162.0,3223.0,10646857176,3301542,361,3217.0,3179.0
2023-06-20,3260.0,3346.0,3182.0,3282.0,15026326069,4578177,347,3223.0,3311.0
2023-06-21,3300.0,3400.0,3281.0,3334.0,15138340234,4541221,328,3282.0,3286.0
2023-06-24,3299.0,3397.0,3209.0,3264.0,12307012769,3785407,408,3334.0,3240.0
2023-06-25,3330.0,3330.0,3245.0,3272.0,14449428996,4416327,278,3264.0,3275.0
2023-06-26,3247.0,3435.0,3209.0,3406.0,41560139360,12202503,672,3272.0,3435.0
2023-06-27,3450.0,3495.0,3301.0,3393.0,26817122645,7902940,557,3406.0,3330.0
2023-06-28,3321.0,3435.0,3321.0,3388.0,10400384624,3071597,274,3393.0,3420.0
2023-07-01,3440.0,3557.0,3352.0,3528.0,66302335600,18792724,924,3388.0,3557.0
2023-07-02,3670.0,3680.0,3596.0,3656.0,32326294696,8842074,559,3528.0,3680.0
2023-07-03,3520.0,3780.0,3520.0,3683.0,24875477885,6753675,589,3656.0,3644.0
2023-07-04,3685.0,3735.0,3587.0,3698.0,33112003503,8953618,629,3683.0,3688.0
2023-07-05,3750.0,3860.0,3700.0,3795.0,43581654824,11485058,879,3698.0,3839.0
2023-07-08,3867.0,3984.0,3837.0,3975.0,203579937490,51216967,1677,3795.0,3984.0
2023-07-09,4135.0,4135.0,3999.0,4074.0,141583977357,34752537,2482,3975.0,4025.0
2023-07-10,4027.0,4075.0,3871.0,3940.0,79706389072,20232056,1527,4074.0,3910.0
2023-07-11,3830.0,3940.0,3743.0,3783.0,60650457469,16032939,1052,3940.0,3760.0
2023-07-18,0.0,3731.0,3520.0,3593.0,46410805923,12918307,820,3663.0,3610.0
2023-07-19,3650.0,3765.0,3520.0,3650.0,48385921739,13255897,701,3593.0,3590.0
2023-07-22,3652.0,3747.0,3480.0,3626.0,36961442664,10193064,827,3650.0,3586.0
2023-07-23,3562.0,3807.0,3562.0,3787.0,82959856153,21907484,1025,3626.0,3807.0
2023-07-24,3903.0,3950.0,3801.0,3880.0,61592956615,15873854,1162,3787.0,3900.0
2023-07-25,3980.0,3980.0,3787.0,3841.0,27541331158,7170997,674,3880.0,3816.0
2023-07-26,3870.0,3870.0,3710.0,3805.0,12147187592,3200490,364,3841.0,3810.0
2023-07-29,3820.0,3820.0,3720.0,3773.0,15242798583,4040455,358,3805.0,3745.0
2023-07-30,3651.0,3740.0,3585.0,3667.0,22443885084,6121050,607,3773.0,3635.0
2023-07-31,3670.0,3790.0,3639.0,3675.0,13367728410,3637011,350,3667.0,3640.0
2023-08-01,3641.0,3746.0,3617.0,3655.0,17752104713,4856948,433,3675.0,3651.0
2023-08-05,3672.0,3777.0,3613.0,3698.0,18254515860,4936047,382,3655.0,3694.0
2023-08-06,3607.0,3730.0,3607.0,3695.0,10145429497,2747055,259,3698.0,3680.0
2023-08-07,3680.0,3791.0,3650.0,3733.0,18130572155,4856621,456,3695.0,3730.0
2023-08-08,3840.0,3840.0,3680.0,3731.0,15609005374,4183537,422,3733.0,3747.0
2023-08-09,3770.0,3809.0,3687.0,3739.0,11277628503,3014379,298,3731.0,3729.0
2023-08-12,3800.0,3800.0,3601.0,3676.0,22678846056,6168602,512,3739.0,3649.0
2023-08-13,3637.0,3749.0,3618.0,3687.0,19513913202,5292629,437,3676.0,3706.0
2023-08-14,3799.0,3799.0,3648.0,3697.0,5565780956,1498905,174,3687.0,3679.0
2023-08-15,3659.0,3700.0,3533.0,3589.0,12644407239,3537755,313,3697.0,3600.0
2023-08-16,3596.0,3600.0,3513.0,3576.0,7917609543,2220451,231,3589.0,3541.0
2023-08-19,3600.0,3600.0,3398.0,3413.0,19883913698,5826715,397,3576.0,3398.0
2023-08-20,3450.0,3450.0,3244.0,3323.0,14507458951,4366133,533,3413.0,3350.0
2023-08-21,3350.0,3485.0,3309.0,3358.0,7608923921,2245695,228,3323.0,3309.0
2023-08-22,3287.0,3352.0,3226.0,3289.0,11148323280,3406237,561,3358.0,3340.0
2023-08-23,3409.0,3440.0,3340.0,3329.0,5673660143,1674194,195,3289.0,3409.0
2023-08-26,3301.0,3490.0,3301.0,3382.0,7238854786,2102792,238,3329.0,3439.0
2023-08-27,3430.0,3509.0,3409.0,3446.0,12539439263,3622969,301,3382.0,3461.0
2023-08-28,3589.0,3589.0,3406.0,3455.0,9960414824,2878268,282,3446.0,3432.0
2023-08-29,3500.0,3627.0,3423.0,3590.0,39902080702,11115408,557,3455.0,3627.0
2023-08-30,3601.0,3682.0,3590.0,3613.0,10853516867,2994946,313,3590.0,3635.0
2023-09-02,3601.0,3692.0,3577.0,3616.0,7605636801,2101982,289,3613.0,3580.0
2023-09-03,3605.0,3700.0,3601.0,3626.0,10814472609,2979364,279,3616.0,3601.0
2023-09-04,3657.0,3695.0,3626.0,3639.0,4289040554,1168459,235,3626.0,3646.0
2023-09-05,3639.0,3809.0,3639.0,3753.0,21467176876,5720296,479,3639.0,3744.0
2023-09-09,3800.0,3800.0,3641.0,3734.0,9511170546,2554139,305,3753.0,3748.0
2023-09-10,3734.0,3785.0,3648.0,3726.0,7433443609,1998893,253,3734.0,3648.0
2023-09-11,3651.0,3726.0,3638.0,3699.0,5869561236,1604606,216,3726.0,3680.0
2023-09-12,3601.0,3753.0,3601.0,3677.0,7295939637,1996128,224,3699.0,3635.0
2023-09-13,3670.0,3670.0,3501.0,3567.0,12106565884,3412124,408,3677.0,3552.0
2023-09-17,3650.0,3650.0,3517.0,3568.0,25869716292,7250230,494,3567.0,3610.0
2023-09-18,3530.0,3644.0,3530.0,3576.0,7090951275,1977497,209,3568.0,3544.0
2023-09-19,3551.0,3644.0,3502.0,3574.0,4613404369,1292131,178,3576.0,3570.0
2023-09-20,3604.0,3604.0,3520.0,3564.0,4972149838,1402755,142,3574.0,3535.0
2023-09-23,3516.0,3630.0,3453.0,3547.0,9067152451,2564483,186,3564.0,3590.0
2023-09-25,3465.0,3600.0,3465.0,3544.0,5349117747,1511827,131,3547.0,3535.0
2023-09-26,3501.0,3560.0,3501.0,3537.0,6715234107,1902831,168,3544.0,3513.0
2023-09-27,3501.0,3550.0,3500.0,3534.0,3570744710,1013295,159,3537.0,3520.0
2023-09-30,3546.0,3549.0,3460.0,3517.0,7800865358,2227645,274,3534.0,3473.0
2023-10-01,3466.0,3550.0,3318.0,3389.0,13990417197,4132054,306,3517.0,3381.0
2023-10-02,3340.0,3400.0,3340.0,3367.0,14854141405,4412205,229,3389.0,3400.0
2023-10-04,3499.0,3499.0,3374.0,3370.0,1644173105,483972,74,3367.0,3390.0
2023-10-07,3370.0,3400.0,3290.0,3358.0,6030994095,1805484,193,3370.0,3340.0
2023-10-08,3300.0,3360.0,3140.0,3169.0,16089338651,5076582,706,3358.0,3207.0
2023-10-09,3125.0,3240.0,3125.0,3180.0,7276474394,2280999,161,3169.0,3200.0
2023-10-10,3330.0,3330.0,3180.0,3198.0,6852601683,2129384,179,3180.0,3259.0
2023-10-11,3303.0,3303.0,3217.0,3209.0,2458048530,753588,108,3198.0,3221.0
2023-10-14,3206.0,3221.0,3080.0,3172.0,5263096015,1693512,222,3209.0,3100.0
2023-10-15,3063.0,3170.0,3057.0,3146.0,4581751219,1482425,162,3172.0,3118.0
2023-10-16,3080.0,3288.0,3080.0,3158.0,4369342380,1370953,155,3146.0,3200.0
2023-10-17,3242.0,3249.0,3153.0,3168.0,4025951337,1259519,149,3158.0,3170.0
2023-10-18,3100.0,3119.0,3016.0,3064.0,16457971237,5370651,677,3168.0,3016.0
2023-10-21,3200.0,3200.0,3060.0,3071.0,4949907789,1604561,130,3064.0,3100.0
2023-10-22,3190.0,3190.0,3080.0,3087.0,8963918428,2892852,203,3071.0,3130.0
2023-10-23,3100.0,3101.0,2950.0,3004.0,19799557136,6590324,592,3087.0,2952.0
2023-10-24,3018.0,3040.0,2800.0,2979.0,5654074792,1922370,229,3004.0,2892.0
2023-10-25,2927.0,2980.0,2850.0,2961.0,4142967748,1420350,185,2979.0,2886.0
2023-10-28,2872.0,2872.0,2754.0,2760.0,17619171931,6383077,398,2961.0,2754.0
2023-10-29,2720.0,2849.0,2720.0,2770.0,9174362489,3305691,211,2760.0,2742.0
2023-10-30,2717.0,2848.0,2717.0,2798.0,11741211537,4188138,200,2770.0,2800.0
2023-10-31,2766.0,2830.0,2700.0,2788.0,4756361658,1718236,146,2798.0,2728.0
2023-11-01,2776.0,2798.0,2635.0,2758.0,4866387816,1800396,142,2788.0,2738.0
2023-11-04,2883.0,2883.0,2750.0,2782.0,7568146459,2696817,252,2758.0,2817.0
2023-11-05,2840.0,2924.0,2822.0,2803.0,4599197981,1611674,160,2782.0,2849.0
2023-11-06,2845.0,2999.0,2816.0,2967.0,29705950779,10011257,471,2803.0,2999.0
2023-11-07,2968.0,3120.0,2968.0,3055.0,15361536373,5016044,415,2967.0,3045.0
2023-11-08,3046.0,3099.0,2960.0,3015.0,11256579052,3755240,255,3055.0,2985.0
2023-11-11,3002.0,3090.0,2955.0,3007.0,20686610292,6878606,227,3015.0,3000.0
2023-11-12,3049.0,3067.0,2855.0,3002.0,8856204029,2952904,172,3007.0,3049.0
2023-11-13,3069.0,3078.0,2953.0,3009.0,8585060886,2847993,188,3002.0,3020.0
2023-11-14,2999.0,3029.0,2850.0,2961.0,11143842205,3782416,215,3009.0,2968.0
2023-11-15,3038.0,3038.0,2955.0,2964.0,3783585702,1272509,142,2961.0,2993.0
2023-11-18,2941.0,3020.0,2930.0,2962.0,2198090023,744214,111,2964.0,2930.0
2023-11-19,2920.0,3000.0,2900.0,2966.0,4070828004,1367870,115,2962.0,2990.0
2023-11-20,2955.0,2998.0,2830.0,2956.0,2981111793,1021446,163,2966.0,2939.0
2023-11-21,2947.0,3000.0,2868.0,2932.0,7857351901,2698983,248,2956.0,2929.0
2023-11-22,2891.0,2979.0,2878.0,2926.0,3931538777,1351566,188,2932.0,2919.0
2023-11-25,2960.0,2969.0,2842.0,2907.0,6260690038,2172849,238,2926.0,2852.0
2023-11-26,2900.0,2925.0,2801.0,2845.0,17086827957,6006655,302,2907.0,2843.0
2023-11-27,2900.0,2903.0,2790.0,2814.0,13236881587,4708543,363,2845.0,2790.0
2023-11-28,2790.0,2853.0,2750.0,2766.0,19222096059,6948324,443,2814.0,2756.0
2023-11-29,2800.0,2888.0,2784.0,2820.0,10013813384,3520654,286,2766.0,2860.0
2023-12-02,2882.0,2928.0,2850.0,2866.0,9848478860,3404884,283,2820.0,2868.0
2023-12-03,2868.0,2956.0,2868.0,2886.0,11170213298,3860603,222,2866.0,2947.0
2023-12-04,2958.0,2966.0,2811.0,2885.0,20034423706,6944629,455,2886.0,2841.0
2023-12-05,2969.0,2979.0,2890.0,2920.0,20623714643,7062347,389,2885.0,2904.0
2023-12-06,2901.0,2986.0,2878.0,2914.0,11818733027,4059208,261,2920.0,2900.0
2023-12-09,2901.0,3020.0,2881.0,2972.0,18145218416,6105619,469,2914.0,2997.0
2023-12-10,3087.0,3160.0,2978.0,3065.0,25689921468,8380418,480,2972.0,3115.0
2023-12-11,3130.0,3279.0,3070.0,3194.0,43257670243,13543170,771,3065.0,3240.0
2023-12-12,3300.0,3348.0,3201.0,3284.0,32852908212,10003860,755,3194.0,3265.0
2023-12-13,3299.0,3300.0,3140.0,3207.0,25137063567,7838300,608,3284.0,3297.0
2023-12-16,3339.0,3384.0,3151.0,3332.0,34971672782,10494871,873,3207.0,3349.0
2023-12-18,3385.0,3470.0,3350.0,3396.0,35457147206,10440168,742,3332.0,3429.0
2023-12-19,3430.0,3530.0,3300.0,3439.0,53916730756,15675870,796,3396.0,3508.0
2023-12-20,3500.0,3624.0,3470.0,3558.0,47996885324,13488495,1170,3439.0,3620.0
2023-12-23,3633.0,3675.0,3500.0,3570.0,41770752335,11701068,1018,3558.0,3546.0
2023-12-24,3530.0,3597.0,3361.0,3432.0,47245690671,13767654,1024,3570.0,3437.0
2023-12-25,3362.0,3467.0,3321.0,3351.0,25295003384,7547773,648,3432.0,3332.0
2023-12-26,3311.0,3475.0,3310.0,3406.0,21173898729,6217145,565,3351.0,3400.0
2023-12-27,3380.0,3380.0,3270.0,3325.0,19301063289,5803973,507,3406.0,3363.0
2023-12-30,3373.0,3551.0,3350.0,3484.0,47198953656,13546240,814,3325.0,3513.0
2023-12-31,3488.0,3640.0,3487.0,3581.0,52262208103,14594380,834,3484.0,3550.0
2024-01-01,3590.0,3590.0,3417.0,3520.0,12601897832,3595360,415,3581.0,3524.0
2024-01-02,3400.0,3527.0,3400.0,3457.0,16527721862,4781037,506,3520.0,3485.0
2024-01-03,3444.0,3520.0,3367.0,3464.0,32954451441,9513670,630,3457.0,3517.0
2024-01-06,3499.0,3499.0,3382.0,3425.0,12513614574,3660700,334,3464.0,3438.0
2024-01-07,3499.0,3499.0,3306.0,3403.0,47917304990,14080013,816,3425.0,3437.0
2024-01-08,3333.0,3499.0,3320.0,3364.0,17253441877,5129589,441,3403.0,3379.0
2024-01-09,3400.0,3429.0,3309.0,3360.0,28967558880,8621604,591,3364.0,3415.0
2024-01-10,3352.0,3475.0,3352.0,3396.0,9610361702,2813655,326,3360.0,3399.0
2024-01-13,3439.0,3440.0,3212.0,3301.0,38753928452,11739543,766,3396.0,3289.0
2024-01-14,3300.0,3356.0,3235.0,3288.0,18132899202,5514553,469,3301.0,3268.0
2024-01-15,3321.0,3321.0,3220.0,3252.0,12580365499,3873846,298,3288.0,3236.0
2024-01-16,3220.0,3294.0,3200.0,3236.0,13254517275,4097866,341,3252.0,3222.0
2024-01-17,3216.0,3262.0,3200.0,3224.0,8531438639,2652520,261,3236.0,3217.0
2024-01-20,3220.0,3220.0,3095.0,3170.0,13475928730,4257895,452,3224.0,3195.0
2024-01-21,3170.0,3208.0,3072.0,3137.0,18525266453,5904514,390,3170.0,3177.0
2024-01-22,3205.0,3209.0,3050.0,3155.0,13311707039,4217485,390,3137.0,3182.0
2024-01-23,3150.0,3162.0,3043.0,3086.0,11675755348,3802941,288,3155.0,3055.0
2024-01-24,3117.0,3191.0,3057.0,3089.0,6684653179,2161578,203,3086.0,3078.0
2024-01-27,3185.0,3185.0,3060.0,3090.0,6020801259,1946848,175,3089.0,3100.0
2024-01-28,3177.0,3177.0,3038.0,3094.0,7545385774,2435941,229,3090.0,3086.0
2024-01-29,3062.0,3138.0,3023.0,3058.0,13596541314,4451766,369,3094.0,3040.0
2024-01-30,3031.0,3094.0,3000.0,3045.0,13806443248,4534849,288,3058.0,3054.0
2024-01-31,3016.0,3110.0,3014.0,3046.0,14394314058,4725443,238,3045.0,3075.0
2024-02-03,3076.0,3100.0,3039.0,3058.0,8226109124,2681699,187,3046.0,3090.0
2024-02-04,3090.0,3090.0,3010.0,3046.0,5919803169,1954752,214,3058.0,3028.0
2024-02-05,3003.0,3056.0,3003.0,3034.0,9672012398,3194552,256,3046.0,3020.0
2024-02-06,3053.0,3091.0,3014.0,3042.0,8790108953,2884495,213,3034.0,3053.0
2024-02-07,3017.0,3090.0,3017.0,3044.0,3607817412,1182583,155,3042.0,3068.0
2024-02-10,3018.0,3088.0,3018.0,3060.0,10608907157,3458758,262,3044.0,3038.0
2024-02-12,3016.0,3075.0,2995.0,3020.0,16406672293,5432130,338,3060.0,3020.0
2024-02-13,3048.0,3231.0,2988.0,3194.0,68680237344,21502732,1019,3020.0,3229.0
2024-02-14,3228.0,3228.0,3091.0,3149.0,28304226248,8988361,573,3194.0,3107.0
2024-02-17,3050.0,3189.0,3012.0,3111.0,13038528126,4197296,338,3149.0,3070.0
2024-02-18,3166.0,3197.0,3020.0,3117.0,13800057111,4426066,333,3111.0,3177.0
2024-02-19,3217.0,3217.0,3146.0,3146.0,7887169499,2486458,227,3117.0,3149.0
2024-02-20,3130.0,3220.0,3130.0,3153.0,5158685682,1628721,188,3146.0,3157.0
2024-02-21,3157.0,3196.0,3127.0,3152.0,3243458268,1030888,127,3153.0,3147.0
2024-02-24,3191.0,3191.0,3030.0,3093.0,10427024463,3397059,306,3152.0,3051.0
2024-02-26,3055.0,3060.0,2957.0,3000.0,13771638657,4595603,358,3093.0,2970.0
2024-02-27,2956.0,2980.0,2892.0,2920.0,15217492322,5211889,459,3000.0,2928.0
2024-02-28,2972.0,3000.0,2916.0,2938.0,7526743672,2547615,122,2920.0,2945.0
2024-03-02,2998.0,3046.0,2874.0,2984.0,12543056796,4189953,229,2938.0,3046.0
2024-03-03,3122.0,3133.0,2997.0,3047.0,12962876319,4235590,384,2984.0,3043.0
2024-03-04,3046.0,3115.0,2991.0,3031.0,8557143738,2835065,195,3047.0,3029.0
2024-03-05,2951.0,3070.0,2951.0,3022.0,6161977995,2047651,176,3031.0,2998.0
2024-03-06,2991.0,3029.0,2965.0,3010.0,6846187582,2284919,189,3022.0,2987.0
2024-03-09,3010.0,3104.0,2941.0,3004.0,5226951578,1745856,228,3010.0,3001.0
2024-03-10,2946.0,3040.0,2900.0,2951.0,23243847974,7875383,428,3004.0,2915.0
2024-03-11,3028.0,3028.0,2900.0,2939.0,9228728512,3147406,259,2951.0,2950.0
2024-03-12,2968.0,3023.0,2920.0,2955.0,13480016367,4559565,185,2939.0,2955.0
2024-03-13,2933.0,2995.0,2904.0,2966.0,13388206391,4512842,208,2955.0,2941.0
2024-03-16,2976.0,3062.0,2950.0,2978.0,9771325771,3274040,187,2966.0,2968.0
2024-03-17,3045.0,3048.0,2902.0,2970.0,9620893572,3244659,282,2978.0,2902.0
2024-03-18,2892.0,3018.0,2891.0,2945.0,13954349522,4741711,350,2970.0,2937.0
2024-03-24,2952.0,3090.0,2950.0,3028.0,14439198158,4759769,309,2945.0,3060.0
2024-03-25,3091.0,3091.0,2920.0,3007.0,20027596971,6660732,436,3028.0,2989.0
2024-03-26,3000.0,3042.0,2960.0,3006.0,9631934006,3204280,217,3007.0,3021.0
2024-03-27,2980.0,3065.0,2971.0,2998.0,10027195553,3349511,242,3006.0,2974.0
2024-03-30,2998.0,3044.0,2922.0,2959.0,11969737643,4058457,304,2998.0,2960.0
2024-04-02,2902.0,2958.0,2832.0,2869.0,24066938966,8390063,398,2959.0,2870.0
2024-04-03,2938.0,2938.0,2829.0,2873.0,8401699517,2920619,264,2869.0,2886.0
2024-04-06,2948.0,2948.0,2730.0,2762.0,17167229915,6214729,395,2873.0,2750.0
2024-04-07,2769.0,2797.0,2738.0,2760.0,8691686028,3150224,242,2762.0,2794.0
2024-04-08,2775.0,2834.0,2764.0,2794.0,12984429208,4639874,270,2760.0,2804.0
2024-04-09,2847.0,2847.0,2756.0,2786.0,8480124997,3050880,224,2794.0,2788.0
2024-04-13,2780.0,2780.0,2647.0,2658.0,36825383737,13854767,853,2786.0,2647.0
2024-04-14,2632.0,2632.0,2632.0,2632.0,16493672776,6266593,149,2658.0,2632.0
2024-04-15,2632.0,2658.0,2609.0,2641.0,5112053477,1923991,73,2632.0,2658.0
2024-04-16,2655.0,2655.0,2615.0,2626.0,10937695904,4172840,186,2641.0,2622.0
2024-04-17,2615.0,2647.0,2600.0,2605.0,13694994817,5258963,229,2626.0,2601.0
2024-04-20,2705.0,2724.0,2636.0,2650.0,7415632864,2747089,160,2605.0,2681.0
2024-04-21,2700.0,2770.0,2700.0,2707.0,12125760170,4452661,212,2650.0,2701.0
2024-04-22,2782.0,2782.0,2653.0,2730.0,12628201287,4615770,225,2707.0,2766.0
2024-04-23,2721.0,2813.0,2721.0,2756.0,6686930101,2394307,190,2730.0,2780.0
2024-04-24,2819.0,2819.0,2772.0,2779.0,8816452566,3150326,159,2756.0,2779.0
2024-04-27,2767.0,2848.0,2748.0,2778.0,9885117838,3559765,219,2779.0,2799.0
2024-04-28,2777.0,2778.0,2700.0,2759.0,5388430018,1976822,163,2778.0,2730.0
2024-04-29,2818.0,2818.0,2702.0,2752.0,2941253179,1080642,117,2759.0,2702.0
2024-04-30,2700.0,2708.0,2643.0,2719.0,6145552185,2298795,128,2752.0,2667.0
2024-05-01,2668.0,2697.0,2637.0,2687.0,7219008561,2717645,201,2719.0,2637.0
2024-05-05,2637.0,2729.0,2637.0,2692.0,5443356957,2015899,196,2687.0,2717.0
2024-05-06,2710.0,2710.0,2603.0,2668.0,13824109546,5185768,352,2692.0,2692.0
2024-05-07,2651.0,2720.0,2600.0,2639.0,12083207974,4590607,260,2668.0,2651.0
2024-05-08,2601.0,2681.0,2600.0,2630.0,5396046258,2063360,125,2639.0,2602.0
2024-05-11,2611.0,2677.0,2588.0,2632.0,14244769478,5412611,288,2630.0,2666.0
2024-05-12,2635.0,2763.0,2633.0,2683.0,24236870453,9033974,509,2632.0,2646.0
2024-05-13,2595.0,2698.0,2592.0,2649.0,10626576807,4033467,282,2683.0,2661.0
2024-05-14,2737.0,2737.0,2630.0,2651.0,6590851120,2483491,166,2649.0,2665.0
2024-05-15,2640.0,2722.0,2632.0,2656.0,6457306256,2424398,176,2651.0,2650.0
2024-05-18,2601.0,2670.0,2601.0,2643.0,5205974773,1987415,166,2656.0,2620.0
2024-05-19,2673.0,2673.0,2511.0,2519.0,15565281385,6178037,251,2643.0,2511.0
2024-05-21,2499.0,2567.0,2474.0,2508.0,4552121334,1831930,405,2519.0,2478.0
2024-05-25,2508.0,2508.0,2458.0,2474.0,13715446815,5548969,628,2508.0,2458.0
2024-05-26,2425.0,2449.0,2425.0,2458.0,4746483450,1957290,84,2474.0,2425.0
2024-05-27,2409.0,2409.0,2409.0,2454.0,1237445484,513676,34,2458.0,2409.0
2024-05-28,2405.0,2497.0,2405.0,2450.0,5671417482,2321089,229,2454.0,2494.0
2024-05-29,2484.0,2484.0,2404.0,2433.0,10300687171,4244939,240,2450.0,2448.0
2024-06-01,2393.0,2419.0,2385.0,2414.0,6692877078,2798200,136,2433.0,2385.0
2024-06-02,2367.0,2429.0,2366.0,2410.0,1424260578,601343,64,2414.0,2366.0
2024-06-05,2397.0,2418.0,2362.0,2403.0,2019532842,854785,67,2410.0,2362.0
2024-06-08,2355.0,2396.0,2355.0,2395.0,2533507880,1075756,52,2403.0,2355.0
2024-06-09,2348.0,2406.0,2348.0,2384.0,5028570614,2128523,336,2395.0,2354.0
2024-06-10,2405.0,2405.0,2369.0,2384.0,3915675146,1643771,201,2384.0,2388.0
2024-06-11,2400.0,2400.0,2337.0,2373.0,4428981500,1885365,158,2384.0,2339.0
2024-06-12,2327.0,2368.0,2326.0,2363.0,3747654403,1606051,107,2373.0,2326.0
2024-06-15,2407.0,2407.0,2316.0,2349.0,4602210268,1985879,105,2363.0,2316.0
2024-06-16,2303.0,2375.0,2303.0,2341.0,2447522076,1062451,64,2349.0,2303.0
2024-06-18,2301.0,2301.0,2295.0,2321.0,6380896419,2780282,445,2341.0,2295.0
2024-06-19,2340.0,2340.0,2275.0,2300.0,22370197223,9727119,415,2321.0,2306.0
2024-06-22,2337.0,2337.0,2254.0,2295.0,1937171038,857012,109,2300.0,2254.0
2024-06-23,2254.0,2306.0,2250.0,2292.0,7916840483,3458751,131,2295.0,2296.0
2024-06-24,2314.0,2314.0,2260.0,2284.0,10670485705,4678948,439,2292.0,2306.0
2024-06-26,2324.0,2324.0,2284.0,2292.0,4201629639,1816816,100,2284.0,2318.0
2024-06-29,2318.0,2340.0,2265.0,2295.0,3212204276,1393315,69,2292.0,2280.0
2024-06-30,2240.0,2253.0,2171.0,2275.0,2455909957,1126594,78,2295.0,2253.0
2024-07-01,2260.0,2290.0,2197.0,2269.0,3380814362,1502708,196,2275.0,2280.0
2024-07-02,2191.0,2336.0,2191.0,2268.0,2437504389,1078034,59,2269.0,2270.0
2024-07-03,2220.0,2322.0,2210.0,2266.0,2076173427,919995,53,2268.0,2255.0
2024-07-06,2395.0,2401.0,2356.0,2331.0,7683151844,3200798,96,2266.0,2401.0
2024-07-07,2468.0,2468.0,2360.0,2350.0,4454861268,1857771,142,2331.0,2390.0
2024-07-08,2450.0,2450.0,2345.0,2362.0,4248736318,1773095,119,2350.0,2428.0
2024-07-09,2470.0,2470.0,2310.0,2364.0,1561745346,655447,62,2362.0,2379.0
2024-07-10,2303.0,2417.0,2303.0,2362.0,2402791416,1022617,104,2364.0,2378.0
2024-07-13,2368.0,2368.0,2300.0,2354.0,2235564963,969139,64,2362.0,2302.0
2024-07-14,2370.0,2390.0,2250.0,2348.0,4134122496,1773077,128,2354.0,2317.0
2024-07-17,2276.0,2394.0,2276.0,2348.0,2890778069,1231789,93,2348.0,2379.0
2024-07-23,2409.0,2409.0,2272.0,2286.0,2126735134,898971,79,2273.0,2355.0
2024-07-24,2376.0,2376.0,2231.0,2285.0,1079692288,474488,66,2286.0,2231.0
2024-07-27,2285.0,2285.0,2182.0,2271.0,2956644032,1335220,72,2285.0,2195.0
2024-07-29,2200.0,2319.0,2150.0,2255.0,2573400953,1178792,128,2271.0,2196.0
2024-07-30,2143.0,2199.0,2143.0,2245.0,1775058204,816937,71,2255.0,2190.0
2024-07-31,2113.0,2150.0,2111.0,2201.0,4566079735,2162906,115,2245.0,2111.0
2024-08-03,2069.0,2080.0,2069.0,2189.0,1322243735,639055,57,2201.0,2069.0
2024-08-04,2168.0,2168.0,2168.0,2187.0,1686233544,777783,21,2189.0,2168.0
2024-08-05,2166.0,2166.0,2166.0,2187.0,114956118,53073,6,2187.0,2166.0
2024-08-06,2166.0,2166.0,2166.0,2187.0,219060576,101136,9,2187.0,2166.0
2024-08-10,2166.0,2166.0,2166.0,2187.0,150485016,69476,13,2187.0,2166.0
2024-08-11,2166.0,2166.0,2166.0,2187.0,110468166,51001,10,2187.0,2166.0
2024-08-12,2166.0,2166.0,2166.0,2187.0,155466816,71776,6,2187.0,2166.0
2024-08-13,2166.0,2166.0,2166.0,2187.0,12636444,5834,2,2187.0,2166.0
2024-08-14,2166.0,2166.0,2166.0,2182.0,3883417068,1792898,62,2187.0,2166.0
2024-08-17,2139.0,2166.0,2139.0,2161.0,7412249142,3464305,186,2182.0,2139.0
2024-08-18,2118.0,2149.0,2118.0,2134.0,9813104780,4627582,183,2161.0,2137.0
2024-08-19,2137.0,2137.0,2092.0,2129.0,1889484841,902866,64,2134.0,2092.0
2024-08-20,2088.0,2088.0,2087.0,2127.0,516181405,247315,27,2129.0,2087.0
2024-08-21,2085.0,2085.0,2085.0,2123.0,1415402250,678850,47,2127.0,2085.0
2024-08-24,2081.0,2120.0,2081.0,2102.0,8481995809,4064116,200,2123.0,2081.0
2024-08-26,2070.0,2119.0,2060.0,2086.0,5614076348,2723773,138,2102.0,2060.0
2024-08-27,2046.0,2085.0,2045.0,2078.0,3282172844,1599390,116,2086.0,2046.0
2024-08-28,2039.0,2087.0,2038.0,2075.0,1573497522,766614,92,2078.0,2072.0
2024-08-31,2034.0,2116.0,2034.0,2086.0,4848027482,2297824,169,2075.0,2116.0
2024-09-01,2070.0,2127.0,2053.0,2089.0,3304812720,1573093,128,2086.0,2090.0
2024-09-03,2070.0,2107.0,2048.0,2083.0,2832958893,1376465,121,2089.0,2053.0
2024-09-07,2030.0,2090.0,2022.0,2075.0,2310923502,1138758,115,2083.0,2026.0
2024-09-08,2026.0,2040.0,2013.0,2057.0,4443103690,2202484,125,2075.0,2013.0
2024-09-09,2016.0,2090.0,2013.0,2058.0,1691741751,818749,97,2057.0,2034.0
2024-09-10,2016.0,2079.0,2016.0,2054.0,3148526333,1543985,105,2058.0,2057.0
2024-09-11,2054.0,2054.0,2000.0,2047.0,3888459711,1919238,199,2054.0,2044.0
2024-09-14,2056.0,2077.0,2016.0,2046.0,2800919804,1372737,86,2047.0,2016.0
2024-09-15,2016.0,2064.0,1985.0,2031.0,4702403249,2353592,171,2046.0,1996.0
2024-09-16,1990.0,2091.0,1990.0,2063.0,9298653604,4464579,241,2031.0,2091.0
2024-09-17,2123.0,2124.0,2122.0,2087.0,6110422515,2876885,76,2063.0,2124.0
2024-09-18,2149.0,2149.0,2149.0,2096.0,2281202182,1061518,42,2087.0,2149.0
